[{"model": "admin.logentry", "pk": 1, "fields": {"action_time": "2021-12-24T06:20:08.337Z", "user": 1, "content_type": 9, "object_id": "1", "object_repr": "sg@gmail.com", "action_flag": 2, "change_message": "[{\"changed\": {\"fields\": [\"User Name\", \"First Name\", \"Last Name\", \"Designation\", \"Bio\", \"Profile image\", \"Verified\"]}}]"}}, {"model": "admin.logentry", "pk": 2, "fields": {"action_time": "2021-12-24T06:23:25.557Z", "user": 1, "content_type": 22, "object_id": "1", "object_repr": "Machine learning", "action_flag": 1, "change_message": "[{\"added\": {}}]"}}, {"model": "admin.logentry", "pk": 3, "fields": {"action_time": "2021-12-24T06:23:46.540Z", "user": 1, "content_type": 22, "object_id": "2", "object_repr": "NLP (Natural Language Processing)", "action_flag": 1, "change_message": "[{\"added\": {}}]"}}, {"model": "admin.logentry", "pk": 4, "fields": {"action_time": "2021-12-24T06:24:04.928Z", "user": 1, "content_type": 22, "object_id": "3", "object_repr": "Forecasting", "action_flag": 1, "change_message": "[{\"added\": {}}]"}}, {"model": "admin.logentry", "pk": 5, "fields": {"action_time": "2021-12-24T06:24:24.616Z", "user": 1, "content_type": 22, "object_id": "4", "object_repr": "Deep Learning", "action_flag": 1, "change_message": "[{\"added\": {}}]"}}, {"model": "admin.logentry", "pk": 6, "fields": {"action_time": "2021-12-24T06:25:00.566Z", "user": 1, "content_type": 27, "object_id": "1", "object_repr": "Unsupervised", "action_flag": 1, "change_message": "[{\"added\": {}}]"}}, {"model": "admin.logentry", "pk": 7, "fields": {"action_time": "2021-12-24T06:25:13.072Z", "user": 1, "content_type": 27, "object_id": "2", "object_repr": "Supervised", "action_flag": 1, "change_message": "[{\"added\": {}}]"}}, {"model": "admin.logentry", "pk": 8, "fields": {"action_time": "2021-12-24T06:25:32.015Z", "user": 1, "content_type": 27, "object_id": "3", "object_repr": "Basic NLP", "action_flag": 1, "change_message": "[{\"added\": {}}]"}}, {"model": "admin.logentry", "pk": 9, "fields": {"action_time": "2021-12-24T06:25:51.200Z", "user": 1, "content_type": 27, "object_id": "4", "object_repr": "Named Entity Recognition", "action_flag": 1, "change_message": "[{\"added\": {}}]"}}, {"model": "admin.logentry", "pk": 10, "fields": {"action_time": "2021-12-24T06:26:28.025Z", "user": 1, "content_type": 27, "object_id": "5", "object_repr": "Sentiment Analysis", "action_flag": 1, "change_message": "[{\"added\": {}}]"}}, {"model": "admin.logentry", "pk": 11, "fields": {"action_time": "2021-12-24T06:27:09.336Z", "user": 1, "content_type": 29, "object_id": "1", "object_repr": "Clustering", "action_flag": 1, "change_message": "[{\"added\": {}}]"}}, {"model": "admin.logentry", "pk": 12, "fields": {"action_time": "2021-12-24T06:27:32.358Z", "user": 1, "content_type": 29, "object_id": "2", "object_repr": "Association", "action_flag": 1, "change_message": "[{\"added\": {}}]"}}, {"model": "admin.logentry", "pk": 13, "fields": {"action_time": "2021-12-24T06:27:52.511Z", "user": 1, "content_type": 29, "object_id": "3", "object_repr": "Recommendation", "action_flag": 1, "change_message": "[{\"added\": {}}]"}}, {"model": "admin.logentry", "pk": 14, "fields": {"action_time": "2021-12-24T06:28:20.623Z", "user": 1, "content_type": 29, "object_id": "4", "object_repr": "PCA", "action_flag": 1, "change_message": "[{\"added\": {}}]"}}, {"model": "admin.logentry", "pk": 15, "fields": {"action_time": "2021-12-24T06:28:33.611Z", "user": 1, "content_type": 8, "object_id": "1", "object_repr": "TPP", "action_flag": 1, "change_message": "[{\"added\": {}}]"}}, {"model": "admin.logentry", "pk": 16, "fields": {"action_time": "2021-12-24T06:28:43.760Z", "user": 1, "content_type": 29, "object_id": "5", "object_repr": "Regression", "action_flag": 1, "change_message": "[{\"added\": {}}]"}}, {"model": "admin.logentry", "pk": 17, "fields": {"action_time": "2021-12-24T06:29:07.524Z", "user": 1, "content_type": 29, "object_id": "6", "object_repr": "Decision Tree", "action_flag": 1, "change_message": "[{\"added\": {}}]"}}, {"model": "admin.logentry", "pk": 18, "fields": {"action_time": "2021-12-24T06:29:53.277Z", "user": 1, "content_type": 24, "object_id": "1", "object_repr": "Hierarchical", "action_flag": 1, "change_message": "[{\"added\": {}}]"}}, {"model": "admin.logentry", "pk": 19, "fields": {"action_time": "2021-12-24T06:30:21.811Z", "user": 1, "content_type": 24, "object_id": "2", "object_repr": "K-means", "action_flag": 1, "change_message": "[{\"added\": {}}]"}}, {"model": "admin.logentry", "pk": 20, "fields": {"action_time": "2021-12-24T06:30:37.266Z", "user": 1, "content_type": 24, "object_id": "3", "object_repr": "DBSCAN", "action_flag": 1, "change_message": "[{\"added\": {}}]"}}, {"model": "admin.logentry", "pk": 21, "fields": {"action_time": "2021-12-24T08:48:08.280Z", "user": 1, "content_type": 16, "object_id": "1", "object_repr": "1", "action_flag": 1, "change_message": "[{\"added\": {}}]"}}, {"model": "admin.logentry", "pk": 22, "fields": {"action_time": "2021-12-24T10:33:52.817Z", "user": 1, "content_type": 9, "object_id": "3", "object_repr": "aniket.dg25@gmail.com", "action_flag": 1, "change_message": "[{\"added\": {}}]"}}, {"model": "admin.logentry", "pk": 23, "fields": {"action_time": "2021-12-24T10:34:29.665Z", "user": 3, "content_type": 9, "object_id": "3", "object_repr": "aniket.dg25@gmail.com", "action_flag": 2, "change_message": "[{\"changed\": {\"fields\": [\"Profile image\"]}}]"}}, {"model": "admin.logentry", "pk": 24, "fields": {"action_time": "2021-12-27T07:28:12.425Z", "user": 1, "content_type": 19, "object_id": "1", "object_repr": "Basic_250.0", "action_flag": 2, "change_message": "[{\"changed\": {\"fields\": [\"Group size\"]}}]"}}, {"model": "admin.logentry", "pk": 25, "fields": {"action_time": "2021-12-27T07:28:13.876Z", "user": 1, "content_type": 20, "object_id": "4", "object_repr": "4_Payment", "action_flag": 2, "change_message": "[]"}}, {"model": "admin.logentry", "pk": 26, "fields": {"action_time": "2021-12-27T07:28:15.667Z", "user": 1, "content_type": 9, "object_id": "1", "object_repr": "sg@gmail.com", "action_flag": 2, "change_message": "[]"}}, {"model": "admin.logentry", "pk": 27, "fields": {"action_time": "2021-12-28T11:14:02.372Z", "user": 1, "content_type": 25, "object_id": "5", "object_repr": "5", "action_flag": 3, "change_message": ""}}, {"model": "admin.logentry", "pk": 28, "fields": {"action_time": "2021-12-28T11:14:02.377Z", "user": 1, "content_type": 25, "object_id": "4", "object_repr": "4", "action_flag": 3, "change_message": ""}}, {"model": "admin.logentry", "pk": 29, "fields": {"action_time": "2021-12-28T11:14:02.380Z", "user": 1, "content_type": 25, "object_id": "3", "object_repr": "3", "action_flag": 3, "change_message": ""}}, {"model": "admin.logentry", "pk": 30, "fields": {"action_time": "2021-12-28T11:14:02.382Z", "user": 1, "content_type": 25, "object_id": "2", "object_repr": "2", "action_flag": 3, "change_message": ""}}, {"model": "admin.logentry", "pk": 31, "fields": {"action_time": "2021-12-28T11:14:02.385Z", "user": 1, "content_type": 25, "object_id": "1", "object_repr": "1", "action_flag": 3, "change_message": ""}}, {"model": "admin.logentry", "pk": 32, "fields": {"action_time": "2021-12-29T05:02:43.241Z", "user": 1, "content_type": 44, "object_id": "1", "object_repr": "Python", "action_flag": 1, "change_message": "[{\"added\": {}}]"}}, {"model": "admin.logentry", "pk": 33, "fields": {"action_time": "2021-12-29T05:02:52.371Z", "user": 1, "content_type": 44, "object_id": "2", "object_repr": "R", "action_flag": 1, "change_message": "[{\"added\": {}}]"}}, {"model": "admin.logentry", "pk": 34, "fields": {"action_time": "2021-12-29T05:02:57.738Z", "user": 1, "content_type": 44, "object_id": "3", "object_repr": "Julia", "action_flag": 1, "change_message": "[{\"added\": {}}]"}}, {"model": "admin.logentry", "pk": 35, "fields": {"action_time": "2021-12-29T05:03:08.080Z", "user": 1, "content_type": 45, "object_id": "1", "object_repr": "Machine Learning", "action_flag": 1, "change_message": "[{\"added\": {}}]"}}, {"model": "admin.logentry", "pk": 36, "fields": {"action_time": "2021-12-29T05:03:20.156Z", "user": 1, "content_type": 45, "object_id": "2", "object_repr": "Deepl Learning", "action_flag": 1, "change_message": "[{\"added\": {}}]"}}, {"model": "admin.logentry", "pk": 37, "fields": {"action_time": "2021-12-29T05:03:29.754Z", "user": 1, "content_type": 45, "object_id": "3", "object_repr": "Neural Network", "action_flag": 1, "change_message": "[{\"added\": {}}]"}}, {"model": "admin.logentry", "pk": 38, "fields": {"action_time": "2021-12-29T05:03:58.850Z", "user": 1, "content_type": 45, "object_id": "4", "object_repr": "Artificial Intelligence", "action_flag": 1, "change_message": "[{\"added\": {}}]"}}, {"model": "admin.logentry", "pk": 39, "fields": {"action_time": "2021-12-29T05:06:40.599Z", "user": 1, "content_type": 43, "object_id": "1", "object_repr": "Question /Error", "action_flag": 1, "change_message": "[{\"added\": {}}]"}}, {"model": "admin.logentry", "pk": 40, "fields": {"action_time": "2021-12-29T05:06:55.029Z", "user": 1, "content_type": 43, "object_id": "2", "object_repr": "Dicussion /Informative", "action_flag": 1, "change_message": "[{\"added\": {}}]"}}, {"model": "admin.logentry", "pk": 41, "fields": {"action_time": "2021-12-29T06:09:14.030Z", "user": 1, "content_type": 25, "object_id": "4", "object_repr": "4", "action_flag": 3, "change_message": ""}}, {"model": "admin.logentry", "pk": 42, "fields": {"action_time": "2021-12-29T06:21:05.445Z", "user": 1, "content_type": 25, "object_id": "5", "object_repr": "5", "action_flag": 3, "change_message": ""}}, {"model": "admin.logentry", "pk": 43, "fields": {"action_time": "2021-12-29T12:41:51.405Z", "user": 1, "content_type": 19, "object_id": "4", "object_repr": "Premium_1000.0", "action_flag": 2, "change_message": "[{\"changed\": {\"fields\": [\"Total group create size\", \"Group size\"]}}]"}}, {"model": "admin.logentry", "pk": 44, "fields": {"action_time": "2021-12-29T12:41:58.707Z", "user": 1, "content_type": 19, "object_id": "3", "object_repr": "Advance_750.0", "action_flag": 2, "change_message": "[{\"changed\": {\"fields\": [\"Total group create size\", \"Group size\"]}}]"}}, {"model": "admin.logentry", "pk": 45, "fields": {"action_time": "2021-12-29T12:42:04.997Z", "user": 1, "content_type": 19, "object_id": "2", "object_repr": "Starter_500.0", "action_flag": 2, "change_message": "[{\"changed\": {\"fields\": [\"Total group create size\", \"Group size\"]}}]"}}, {"model": "admin.logentry", "pk": 46, "fields": {"action_time": "2021-12-29T12:42:24.442Z", "user": 1, "content_type": 19, "object_id": "5", "object_repr": "Enterprise_1500.0", "action_flag": 2, "change_message": "[{\"changed\": {\"fields\": [\"Total group create size\", \"Group size\"]}}]"}}, {"model": "admin.logentry", "pk": 47, "fields": {"action_time": "2021-12-29T12:48:09.482Z", "user": 1, "content_type": 13, "object_id": "3", "object_repr": "3", "action_flag": 3, "change_message": ""}}, {"model": "admin.logentry", "pk": 48, "fields": {"action_time": "2021-12-29T18:10:15.257Z", "user": 1, "content_type": 25, "object_id": "14", "object_repr": "14", "action_flag": 3, "change_message": ""}}, {"model": "admin.logentry", "pk": 49, "fields": {"action_time": "2021-12-29T18:10:15.261Z", "user": 1, "content_type": 25, "object_id": "13", "object_repr": "13", "action_flag": 3, "change_message": ""}}, {"model": "admin.logentry", "pk": 50, "fields": {"action_time": "2021-12-29T18:10:15.264Z", "user": 1, "content_type": 25, "object_id": "12", "object_repr": "12", "action_flag": 3, "change_message": ""}}, {"model": "admin.logentry", "pk": 51, "fields": {"action_time": "2021-12-29T18:10:15.266Z", "user": 1, "content_type": 25, "object_id": "11", "object_repr": "11", "action_flag": 3, "change_message": ""}}, {"model": "admin.logentry", "pk": 52, "fields": {"action_time": "2021-12-29T18:10:15.269Z", "user": 1, "content_type": 25, "object_id": "10", "object_repr": "10", "action_flag": 3, "change_message": ""}}, {"model": "admin.logentry", "pk": 53, "fields": {"action_time": "2021-12-29T18:10:15.271Z", "user": 1, "content_type": 25, "object_id": "9", "object_repr": "9", "action_flag": 3, "change_message": ""}}, {"model": "admin.logentry", "pk": 54, "fields": {"action_time": "2021-12-29T18:10:15.274Z", "user": 1, "content_type": 25, "object_id": "8", "object_repr": "8", "action_flag": 3, "change_message": ""}}, {"model": "admin.logentry", "pk": 55, "fields": {"action_time": "2021-12-29T18:10:15.276Z", "user": 1, "content_type": 25, "object_id": "7", "object_repr": "7", "action_flag": 3, "change_message": ""}}, {"model": "admin.logentry", "pk": 56, "fields": {"action_time": "2021-12-29T18:10:15.279Z", "user": 1, "content_type": 25, "object_id": "6", "object_repr": "6", "action_flag": 3, "change_message": ""}}, {"model": "admin.logentry", "pk": 57, "fields": {"action_time": "2021-12-29T18:10:15.282Z", "user": 1, "content_type": 25, "object_id": "3", "object_repr": "3", "action_flag": 3, "change_message": ""}}, {"model": "admin.logentry", "pk": 58, "fields": {"action_time": "2021-12-29T18:10:15.284Z", "user": 1, "content_type": 25, "object_id": "2", "object_repr": "2", "action_flag": 3, "change_message": ""}}, {"model": "admin.logentry", "pk": 59, "fields": {"action_time": "2021-12-29T18:10:15.287Z", "user": 1, "content_type": 25, "object_id": "1", "object_repr": "1", "action_flag": 3, "change_message": ""}}, {"model": "admin.logentry", "pk": 60, "fields": {"action_time": "2021-12-29T18:14:52.121Z", "user": 1, "content_type": 25, "object_id": "15", "object_repr": "15", "action_flag": 2, "change_message": "[{\"changed\": {\"fields\": [\"Category\", \"Description\", \"Code\"]}}]"}}, {"model": "admin.logentry", "pk": 61, "fields": {"action_time": "2021-12-30T04:51:07.825Z", "user": 3, "content_type": 9, "object_id": "4", "object_repr": "info@stellar-ai.in", "action_flag": 2, "change_message": "[{\"changed\": {\"fields\": [\"User Name\"]}}]"}}, {"model": "admin.logentry", "pk": 62, "fields": {"action_time": "2021-12-30T04:52:13.565Z", "user": 1, "content_type": 9, "object_id": "4", "object_repr": "info@stellar-ai.in", "action_flag": 2, "change_message": "[{\"changed\": {\"fields\": [\"Profile image\"]}}]"}}, {"model": "admin.logentry", "pk": 63, "fields": {"action_time": "2022-01-06T05:59:32.873Z", "user": 1, "content_type": 43, "object_id": "1", "object_repr": "Question /Error", "action_flag": 2, "change_message": "[{\"changed\": {\"fields\": [\"Icon\"]}}]"}}, {"model": "admin.logentry", "pk": 64, "fields": {"action_time": "2022-01-08T12:50:40.321Z", "user": 1, "content_type": 11, "object_id": "93", "object_repr": "call_93", "action_flag": 2, "change_message": "[{\"changed\": {\"fields\": [\"Is end\"]}}]"}}, {"model": "admin.logentry", "pk": 65, "fields": {"action_time": "2022-01-08T12:58:42.655Z", "user": 1, "content_type": 11, "object_id": "93", "object_repr": "call_93", "action_flag": 3, "change_message": ""}}, {"model": "admin.logentry", "pk": 66, "fields": {"action_time": "2022-01-08T12:58:42.660Z", "user": 1, "content_type": 11, "object_id": "92", "object_repr": "call_92", "action_flag": 3, "change_message": ""}}, {"model": "admin.logentry", "pk": 67, "fields": {"action_time": "2022-01-08T12:58:42.664Z", "user": 1, "content_type": 11, "object_id": "91", "object_repr": "call_91", "action_flag": 3, "change_message": ""}}, {"model": "admin.logentry", "pk": 68, "fields": {"action_time": "2022-01-08T12:58:42.668Z", "user": 1, "content_type": 11, "object_id": "90", "object_repr": "call_90", "action_flag": 3, "change_message": ""}}, {"model": "admin.logentry", "pk": 69, "fields": {"action_time": "2022-01-08T12:58:42.672Z", "user": 1, "content_type": 11, "object_id": "89", "object_repr": "call_89", "action_flag": 3, "change_message": ""}}, {"model": "admin.logentry", "pk": 70, "fields": {"action_time": "2022-01-08T12:58:42.676Z", "user": 1, "content_type": 11, "object_id": "88", "object_repr": "call_88", "action_flag": 3, "change_message": ""}}, {"model": "admin.logentry", "pk": 71, "fields": {"action_time": "2022-01-08T12:58:42.679Z", "user": 1, "content_type": 11, "object_id": "87", "object_repr": "call_87", "action_flag": 3, "change_message": ""}}, {"model": "admin.logentry", "pk": 72, "fields": {"action_time": "2022-01-08T12:58:42.683Z", "user": 1, "content_type": 11, "object_id": "86", "object_repr": "call_86", "action_flag": 3, "change_message": ""}}, {"model": "admin.logentry", "pk": 73, "fields": {"action_time": "2022-01-08T12:58:42.687Z", "user": 1, "content_type": 11, "object_id": "85", "object_repr": "call_85", "action_flag": 3, "change_message": ""}}, {"model": "admin.logentry", "pk": 74, "fields": {"action_time": "2022-01-08T12:58:42.691Z", "user": 1, "content_type": 11, "object_id": "84", "object_repr": "call_84", "action_flag": 3, "change_message": ""}}, {"model": "admin.logentry", "pk": 75, "fields": {"action_time": "2022-01-08T12:58:42.694Z", "user": 1, "content_type": 11, "object_id": "83", "object_repr": "call_83", "action_flag": 3, "change_message": ""}}, {"model": "admin.logentry", "pk": 76, "fields": {"action_time": "2022-01-08T12:58:42.698Z", "user": 1, "content_type": 11, "object_id": "82", "object_repr": "call_82", "action_flag": 3, "change_message": ""}}, {"model": "admin.logentry", "pk": 77, "fields": {"action_time": "2022-01-08T12:58:42.701Z", "user": 1, "content_type": 11, "object_id": "81", "object_repr": "call_81", "action_flag": 3, "change_message": ""}}, {"model": "admin.logentry", "pk": 78, "fields": {"action_time": "2022-01-08T12:58:42.705Z", "user": 1, "content_type": 11, "object_id": "80", "object_repr": "call_80", "action_flag": 3, "change_message": ""}}, {"model": "admin.logentry", "pk": 79, "fields": {"action_time": "2022-01-08T12:58:42.709Z", "user": 1, "content_type": 11, "object_id": "79", "object_repr": "call_79", "action_flag": 3, "change_message": ""}}, {"model": "admin.logentry", "pk": 80, "fields": {"action_time": "2022-01-08T12:58:42.713Z", "user": 1, "content_type": 11, "object_id": "78", "object_repr": "call_78", "action_flag": 3, "change_message": ""}}, {"model": "admin.logentry", "pk": 81, "fields": {"action_time": "2022-01-08T12:58:42.717Z", "user": 1, "content_type": 11, "object_id": "77", "object_repr": "call_77", "action_flag": 3, "change_message": ""}}, {"model": "admin.logentry", "pk": 82, "fields": {"action_time": "2022-01-08T12:58:42.720Z", "user": 1, "content_type": 11, "object_id": "76", "object_repr": "call_76", "action_flag": 3, "change_message": ""}}, {"model": "admin.logentry", "pk": 83, "fields": {"action_time": "2022-01-08T12:58:42.724Z", "user": 1, "content_type": 11, "object_id": "75", "object_repr": "call_75", "action_flag": 3, "change_message": ""}}, {"model": "admin.logentry", "pk": 84, "fields": {"action_time": "2022-01-08T12:58:42.728Z", "user": 1, "content_type": 11, "object_id": "74", "object_repr": "call_74", "action_flag": 3, "change_message": ""}}, {"model": "admin.logentry", "pk": 85, "fields": {"action_time": "2022-01-08T12:58:42.731Z", "user": 1, "content_type": 11, "object_id": "73", "object_repr": "call_73", "action_flag": 3, "change_message": ""}}, {"model": "admin.logentry", "pk": 86, "fields": {"action_time": "2022-01-08T12:58:42.734Z", "user": 1, "content_type": 11, "object_id": "72", "object_repr": "call_72", "action_flag": 3, "change_message": ""}}, {"model": "admin.logentry", "pk": 87, "fields": {"action_time": "2022-01-08T12:58:42.737Z", "user": 1, "content_type": 11, "object_id": "71", "object_repr": "call_71", "action_flag": 3, "change_message": ""}}, {"model": "admin.logentry", "pk": 88, "fields": {"action_time": "2022-01-08T12:58:42.740Z", "user": 1, "content_type": 11, "object_id": "70", "object_repr": "call_70", "action_flag": 3, "change_message": ""}}, {"model": "admin.logentry", "pk": 89, "fields": {"action_time": "2022-01-08T12:58:42.743Z", "user": 1, "content_type": 11, "object_id": "69", "object_repr": "call_69", "action_flag": 3, "change_message": ""}}, {"model": "admin.logentry", "pk": 90, "fields": {"action_time": "2022-01-08T12:58:42.745Z", "user": 1, "content_type": 11, "object_id": "68", "object_repr": "call_68", "action_flag": 3, "change_message": ""}}, {"model": "admin.logentry", "pk": 91, "fields": {"action_time": "2022-01-08T12:58:42.748Z", "user": 1, "content_type": 11, "object_id": "67", "object_repr": "call_67", "action_flag": 3, "change_message": ""}}, {"model": "admin.logentry", "pk": 92, "fields": {"action_time": "2022-01-08T12:58:42.750Z", "user": 1, "content_type": 11, "object_id": "66", "object_repr": "call_66", "action_flag": 3, "change_message": ""}}, {"model": "admin.logentry", "pk": 93, "fields": {"action_time": "2022-01-08T12:58:42.753Z", "user": 1, "content_type": 11, "object_id": "65", "object_repr": "call_65", "action_flag": 3, "change_message": ""}}, {"model": "admin.logentry", "pk": 94, "fields": {"action_time": "2022-01-08T12:58:42.755Z", "user": 1, "content_type": 11, "object_id": "64", "object_repr": "call_64", "action_flag": 3, "change_message": ""}}, {"model": "admin.logentry", "pk": 95, "fields": {"action_time": "2022-01-08T12:58:42.758Z", "user": 1, "content_type": 11, "object_id": "63", "object_repr": "call_63", "action_flag": 3, "change_message": ""}}, {"model": "admin.logentry", "pk": 96, "fields": {"action_time": "2022-01-08T12:58:42.761Z", "user": 1, "content_type": 11, "object_id": "62", "object_repr": "call_62", "action_flag": 3, "change_message": ""}}, {"model": "admin.logentry", "pk": 97, "fields": {"action_time": "2022-01-08T12:58:42.764Z", "user": 1, "content_type": 11, "object_id": "61", "object_repr": "call_61", "action_flag": 3, "change_message": ""}}, {"model": "admin.logentry", "pk": 98, "fields": {"action_time": "2022-01-08T12:58:42.766Z", "user": 1, "content_type": 11, "object_id": "60", "object_repr": "call_60", "action_flag": 3, "change_message": ""}}, {"model": "admin.logentry", "pk": 99, "fields": {"action_time": "2022-01-08T12:58:42.768Z", "user": 1, "content_type": 11, "object_id": "59", "object_repr": "call_59", "action_flag": 3, "change_message": ""}}, {"model": "admin.logentry", "pk": 100, "fields": {"action_time": "2022-01-08T12:58:42.771Z", "user": 1, "content_type": 11, "object_id": "58", "object_repr": "call_58", "action_flag": 3, "change_message": ""}}, {"model": "admin.logentry", "pk": 101, "fields": {"action_time": "2022-01-08T12:58:42.774Z", "user": 1, "content_type": 11, "object_id": "57", "object_repr": "call_57", "action_flag": 3, "change_message": ""}}, {"model": "admin.logentry", "pk": 102, "fields": {"action_time": "2022-01-08T12:58:42.777Z", "user": 1, "content_type": 11, "object_id": "56", "object_repr": "call_56", "action_flag": 3, "change_message": ""}}, {"model": "admin.logentry", "pk": 103, "fields": {"action_time": "2022-01-08T12:58:42.780Z", "user": 1, "content_type": 11, "object_id": "55", "object_repr": "call_55", "action_flag": 3, "change_message": ""}}, {"model": "admin.logentry", "pk": 104, "fields": {"action_time": "2022-01-08T12:58:42.784Z", "user": 1, "content_type": 11, "object_id": "54", "object_repr": "call_54", "action_flag": 3, "change_message": ""}}, {"model": "admin.logentry", "pk": 105, "fields": {"action_time": "2022-01-08T12:58:42.787Z", "user": 1, "content_type": 11, "object_id": "53", "object_repr": "call_53", "action_flag": 3, "change_message": ""}}, {"model": "admin.logentry", "pk": 106, "fields": {"action_time": "2022-01-08T12:58:42.790Z", "user": 1, "content_type": 11, "object_id": "52", "object_repr": "call_52", "action_flag": 3, "change_message": ""}}, {"model": "admin.logentry", "pk": 107, "fields": {"action_time": "2022-01-08T12:58:42.793Z", "user": 1, "content_type": 11, "object_id": "51", "object_repr": "call_51", "action_flag": 3, "change_message": ""}}, {"model": "admin.logentry", "pk": 108, "fields": {"action_time": "2022-01-08T12:58:42.795Z", "user": 1, "content_type": 11, "object_id": "50", "object_repr": "call_50", "action_flag": 3, "change_message": ""}}, {"model": "admin.logentry", "pk": 109, "fields": {"action_time": "2022-01-08T12:58:42.798Z", "user": 1, "content_type": 11, "object_id": "49", "object_repr": "call_49", "action_flag": 3, "change_message": ""}}, {"model": "admin.logentry", "pk": 110, "fields": {"action_time": "2022-01-08T12:58:42.801Z", "user": 1, "content_type": 11, "object_id": "48", "object_repr": "call_48", "action_flag": 3, "change_message": ""}}, {"model": "admin.logentry", "pk": 111, "fields": {"action_time": "2022-01-08T12:58:42.803Z", "user": 1, "content_type": 11, "object_id": "47", "object_repr": "call_47", "action_flag": 3, "change_message": ""}}, {"model": "admin.logentry", "pk": 112, "fields": {"action_time": "2022-01-08T12:58:42.806Z", "user": 1, "content_type": 11, "object_id": "46", "object_repr": "call_46", "action_flag": 3, "change_message": ""}}, {"model": "admin.logentry", "pk": 113, "fields": {"action_time": "2022-01-08T12:58:42.808Z", "user": 1, "content_type": 11, "object_id": "45", "object_repr": "call_45", "action_flag": 3, "change_message": ""}}, {"model": "admin.logentry", "pk": 114, "fields": {"action_time": "2022-01-08T12:58:42.811Z", "user": 1, "content_type": 11, "object_id": "44", "object_repr": "call_44", "action_flag": 3, "change_message": ""}}, {"model": "admin.logentry", "pk": 115, "fields": {"action_time": "2022-01-08T12:58:42.813Z", "user": 1, "content_type": 11, "object_id": "43", "object_repr": "call_43", "action_flag": 3, "change_message": ""}}, {"model": "admin.logentry", "pk": 116, "fields": {"action_time": "2022-01-08T12:58:42.814Z", "user": 1, "content_type": 11, "object_id": "42", "object_repr": "call_42", "action_flag": 3, "change_message": ""}}, {"model": "admin.logentry", "pk": 117, "fields": {"action_time": "2022-01-08T12:58:42.816Z", "user": 1, "content_type": 11, "object_id": "41", "object_repr": "call_41", "action_flag": 3, "change_message": ""}}, {"model": "admin.logentry", "pk": 118, "fields": {"action_time": "2022-01-08T12:58:42.818Z", "user": 1, "content_type": 11, "object_id": "40", "object_repr": "call_40", "action_flag": 3, "change_message": ""}}, {"model": "admin.logentry", "pk": 119, "fields": {"action_time": "2022-01-08T12:58:42.820Z", "user": 1, "content_type": 11, "object_id": "39", "object_repr": "call_39", "action_flag": 3, "change_message": ""}}, {"model": "admin.logentry", "pk": 120, "fields": {"action_time": "2022-01-08T12:58:42.822Z", "user": 1, "content_type": 11, "object_id": "38", "object_repr": "call_38", "action_flag": 3, "change_message": ""}}, {"model": "admin.logentry", "pk": 121, "fields": {"action_time": "2022-01-08T12:58:42.824Z", "user": 1, "content_type": 11, "object_id": "37", "object_repr": "call_37", "action_flag": 3, "change_message": ""}}, {"model": "admin.logentry", "pk": 122, "fields": {"action_time": "2022-01-08T12:58:42.826Z", "user": 1, "content_type": 11, "object_id": "36", "object_repr": "call_36", "action_flag": 3, "change_message": ""}}, {"model": "admin.logentry", "pk": 123, "fields": {"action_time": "2022-01-08T12:58:42.829Z", "user": 1, "content_type": 11, "object_id": "35", "object_repr": "call_35", "action_flag": 3, "change_message": ""}}, {"model": "admin.logentry", "pk": 124, "fields": {"action_time": "2022-01-08T12:58:42.831Z", "user": 1, "content_type": 11, "object_id": "34", "object_repr": "call_34", "action_flag": 3, "change_message": ""}}, {"model": "admin.logentry", "pk": 125, "fields": {"action_time": "2022-01-08T12:58:42.833Z", "user": 1, "content_type": 11, "object_id": "33", "object_repr": "call_33", "action_flag": 3, "change_message": ""}}, {"model": "admin.logentry", "pk": 126, "fields": {"action_time": "2022-01-08T12:58:42.835Z", "user": 1, "content_type": 11, "object_id": "32", "object_repr": "call_32", "action_flag": 3, "change_message": ""}}, {"model": "admin.logentry", "pk": 127, "fields": {"action_time": "2022-01-08T12:58:42.838Z", "user": 1, "content_type": 11, "object_id": "31", "object_repr": "call_31", "action_flag": 3, "change_message": ""}}, {"model": "admin.logentry", "pk": 128, "fields": {"action_time": "2022-01-08T12:58:42.841Z", "user": 1, "content_type": 11, "object_id": "30", "object_repr": "call_30", "action_flag": 3, "change_message": ""}}, {"model": "admin.logentry", "pk": 129, "fields": {"action_time": "2022-01-08T12:58:42.843Z", "user": 1, "content_type": 11, "object_id": "29", "object_repr": "call_29", "action_flag": 3, "change_message": ""}}, {"model": "admin.logentry", "pk": 130, "fields": {"action_time": "2022-01-08T12:58:42.846Z", "user": 1, "content_type": 11, "object_id": "28", "object_repr": "call_28", "action_flag": 3, "change_message": ""}}, {"model": "admin.logentry", "pk": 131, "fields": {"action_time": "2022-01-08T12:58:42.849Z", "user": 1, "content_type": 11, "object_id": "27", "object_repr": "call_27", "action_flag": 3, "change_message": ""}}, {"model": "admin.logentry", "pk": 132, "fields": {"action_time": "2022-01-08T12:58:42.852Z", "user": 1, "content_type": 11, "object_id": "26", "object_repr": "call_26", "action_flag": 3, "change_message": ""}}, {"model": "admin.logentry", "pk": 133, "fields": {"action_time": "2022-01-08T12:58:42.854Z", "user": 1, "content_type": 11, "object_id": "25", "object_repr": "call_25", "action_flag": 3, "change_message": ""}}, {"model": "admin.logentry", "pk": 134, "fields": {"action_time": "2022-01-08T12:58:42.857Z", "user": 1, "content_type": 11, "object_id": "24", "object_repr": "call_24", "action_flag": 3, "change_message": ""}}, {"model": "admin.logentry", "pk": 135, "fields": {"action_time": "2022-01-08T12:58:42.860Z", "user": 1, "content_type": 11, "object_id": "23", "object_repr": "call_23", "action_flag": 3, "change_message": ""}}, {"model": "admin.logentry", "pk": 136, "fields": {"action_time": "2022-01-08T12:58:42.863Z", "user": 1, "content_type": 11, "object_id": "22", "object_repr": "call_22", "action_flag": 3, "change_message": ""}}, {"model": "admin.logentry", "pk": 137, "fields": {"action_time": "2022-01-08T12:58:42.866Z", "user": 1, "content_type": 11, "object_id": "21", "object_repr": "call_21", "action_flag": 3, "change_message": ""}}, {"model": "admin.logentry", "pk": 138, "fields": {"action_time": "2022-01-08T12:58:42.868Z", "user": 1, "content_type": 11, "object_id": "20", "object_repr": "call_20", "action_flag": 3, "change_message": ""}}, {"model": "admin.logentry", "pk": 139, "fields": {"action_time": "2022-01-08T12:58:42.872Z", "user": 1, "content_type": 11, "object_id": "19", "object_repr": "call_19", "action_flag": 3, "change_message": ""}}, {"model": "admin.logentry", "pk": 140, "fields": {"action_time": "2022-01-08T12:58:42.875Z", "user": 1, "content_type": 11, "object_id": "18", "object_repr": "call_18", "action_flag": 3, "change_message": ""}}, {"model": "admin.logentry", "pk": 141, "fields": {"action_time": "2022-01-08T12:58:42.877Z", "user": 1, "content_type": 11, "object_id": "17", "object_repr": "call_17", "action_flag": 3, "change_message": ""}}, {"model": "admin.logentry", "pk": 142, "fields": {"action_time": "2022-01-08T12:58:42.879Z", "user": 1, "content_type": 11, "object_id": "16", "object_repr": "call_16", "action_flag": 3, "change_message": ""}}, {"model": "admin.logentry", "pk": 143, "fields": {"action_time": "2022-01-08T12:58:42.882Z", "user": 1, "content_type": 11, "object_id": "15", "object_repr": "call_15", "action_flag": 3, "change_message": ""}}, {"model": "admin.logentry", "pk": 144, "fields": {"action_time": "2022-01-08T12:58:42.884Z", "user": 1, "content_type": 11, "object_id": "14", "object_repr": "call_14", "action_flag": 3, "change_message": ""}}, {"model": "admin.logentry", "pk": 145, "fields": {"action_time": "2022-01-08T12:58:42.886Z", "user": 1, "content_type": 11, "object_id": "13", "object_repr": "call_13", "action_flag": 3, "change_message": ""}}, {"model": "admin.logentry", "pk": 146, "fields": {"action_time": "2022-01-08T12:58:42.889Z", "user": 1, "content_type": 11, "object_id": "12", "object_repr": "call_12", "action_flag": 3, "change_message": ""}}, {"model": "admin.logentry", "pk": 147, "fields": {"action_time": "2022-01-08T12:58:42.891Z", "user": 1, "content_type": 11, "object_id": "11", "object_repr": "call_11", "action_flag": 3, "change_message": ""}}, {"model": "admin.logentry", "pk": 148, "fields": {"action_time": "2022-01-08T12:58:42.893Z", "user": 1, "content_type": 11, "object_id": "10", "object_repr": "call_10", "action_flag": 3, "change_message": ""}}, {"model": "admin.logentry", "pk": 149, "fields": {"action_time": "2022-01-08T12:58:42.896Z", "user": 1, "content_type": 11, "object_id": "9", "object_repr": "call_9", "action_flag": 3, "change_message": ""}}, {"model": "admin.logentry", "pk": 150, "fields": {"action_time": "2022-01-08T12:58:42.899Z", "user": 1, "content_type": 11, "object_id": "8", "object_repr": "call_8", "action_flag": 3, "change_message": ""}}, {"model": "admin.logentry", "pk": 151, "fields": {"action_time": "2022-01-08T12:58:42.901Z", "user": 1, "content_type": 11, "object_id": "7", "object_repr": "call_7", "action_flag": 3, "change_message": ""}}, {"model": "admin.logentry", "pk": 152, "fields": {"action_time": "2022-01-08T12:58:42.903Z", "user": 1, "content_type": 11, "object_id": "6", "object_repr": "call_6", "action_flag": 3, "change_message": ""}}, {"model": "admin.logentry", "pk": 153, "fields": {"action_time": "2022-01-08T12:58:42.906Z", "user": 1, "content_type": 11, "object_id": "5", "object_repr": "call_5", "action_flag": 3, "change_message": ""}}, {"model": "admin.logentry", "pk": 154, "fields": {"action_time": "2022-01-08T12:58:42.909Z", "user": 1, "content_type": 11, "object_id": "4", "object_repr": "call_4", "action_flag": 3, "change_message": ""}}, {"model": "admin.logentry", "pk": 155, "fields": {"action_time": "2022-01-08T12:58:42.912Z", "user": 1, "content_type": 11, "object_id": "3", "object_repr": "call_3", "action_flag": 3, "change_message": ""}}, {"model": "admin.logentry", "pk": 156, "fields": {"action_time": "2022-01-08T12:58:42.915Z", "user": 1, "content_type": 11, "object_id": "2", "object_repr": "call_2", "action_flag": 3, "change_message": ""}}, {"model": "admin.logentry", "pk": 157, "fields": {"action_time": "2022-01-08T12:58:42.918Z", "user": 1, "content_type": 11, "object_id": "1", "object_repr": "call_1", "action_flag": 3, "change_message": ""}}, {"model": "admin.logentry", "pk": 158, "fields": {"action_time": "2022-01-11T06:07:10.414Z", "user": 3, "content_type": 11, "object_id": "106", "object_repr": "call_106", "action_flag": 3, "change_message": ""}}, {"model": "admin.logentry", "pk": 159, "fields": {"action_time": "2022-01-11T06:07:10.418Z", "user": 3, "content_type": 11, "object_id": "105", "object_repr": "call_105", "action_flag": 3, "change_message": ""}}, {"model": "admin.logentry", "pk": 160, "fields": {"action_time": "2022-01-11T06:07:10.421Z", "user": 3, "content_type": 11, "object_id": "104", "object_repr": "call_104", "action_flag": 3, "change_message": ""}}, {"model": "admin.logentry", "pk": 161, "fields": {"action_time": "2022-01-11T06:07:10.424Z", "user": 3, "content_type": 11, "object_id": "103", "object_repr": "call_103", "action_flag": 3, "change_message": ""}}, {"model": "admin.logentry", "pk": 162, "fields": {"action_time": "2022-01-11T06:07:10.427Z", "user": 3, "content_type": 11, "object_id": "102", "object_repr": "call_102", "action_flag": 3, "change_message": ""}}, {"model": "admin.logentry", "pk": 163, "fields": {"action_time": "2022-01-11T06:07:10.429Z", "user": 3, "content_type": 11, "object_id": "101", "object_repr": "call_101", "action_flag": 3, "change_message": ""}}, {"model": "admin.logentry", "pk": 164, "fields": {"action_time": "2022-01-11T06:07:10.431Z", "user": 3, "content_type": 11, "object_id": "100", "object_repr": "call_100", "action_flag": 3, "change_message": ""}}, {"model": "admin.logentry", "pk": 165, "fields": {"action_time": "2022-01-11T06:07:10.434Z", "user": 3, "content_type": 11, "object_id": "99", "object_repr": "call_99", "action_flag": 3, "change_message": ""}}, {"model": "admin.logentry", "pk": 166, "fields": {"action_time": "2022-01-11T06:07:10.437Z", "user": 3, "content_type": 11, "object_id": "98", "object_repr": "call_98", "action_flag": 3, "change_message": ""}}, {"model": "admin.logentry", "pk": 167, "fields": {"action_time": "2022-01-11T06:07:10.440Z", "user": 3, "content_type": 11, "object_id": "97", "object_repr": "call_97", "action_flag": 3, "change_message": ""}}, {"model": "admin.logentry", "pk": 168, "fields": {"action_time": "2022-01-11T06:07:10.443Z", "user": 3, "content_type": 11, "object_id": "96", "object_repr": "call_96", "action_flag": 3, "change_message": ""}}, {"model": "admin.logentry", "pk": 169, "fields": {"action_time": "2022-01-11T06:07:10.446Z", "user": 3, "content_type": 11, "object_id": "95", "object_repr": "call_95", "action_flag": 3, "change_message": ""}}, {"model": "admin.logentry", "pk": 170, "fields": {"action_time": "2022-01-11T06:07:10.450Z", "user": 3, "content_type": 11, "object_id": "94", "object_repr": "call_94", "action_flag": 3, "change_message": ""}}, {"model": "admin.logentry", "pk": 171, "fields": {"action_time": "2022-01-17T03:31:14.992Z", "user": 1, "content_type": 11, "object_id": "151", "object_repr": "call_151", "action_flag": 2, "change_message": "[{\"changed\": {\"fields\": [\"Is end\"]}}]"}}, {"model": "admin.logentry", "pk": 172, "fields": {"action_time": "2022-01-17T04:05:13.492Z", "user": 1, "content_type": 11, "object_id": "151", "object_repr": "call_151", "action_flag": 2, "change_message": "[{\"changed\": {\"fields\": [\"Is end\"]}}]"}}, {"model": "admin.logentry", "pk": 173, "fields": {"action_time": "2022-01-17T04:46:56.030Z", "user": 1, "content_type": 11, "object_id": "151", "object_repr": "call_151", "action_flag": 2, "change_message": "[{\"changed\": {\"fields\": [\"Is end\"]}}]"}}, {"model": "admin.logentry", "pk": 174, "fields": {"action_time": "2022-01-17T08:51:55.510Z", "user": 1, "content_type": 11, "object_id": "152", "object_repr": "call_152", "action_flag": 2, "change_message": "[{\"changed\": {\"fields\": [\"Is end\"]}}]"}}, {"model": "admin.logentry", "pk": 175, "fields": {"action_time": "2022-01-17T08:54:03.820Z", "user": 1, "content_type": 11, "object_id": "153", "object_repr": "call_153", "action_flag": 2, "change_message": "[{\"changed\": {\"fields\": [\"Is end\"]}}]"}}, {"model": "admin.logentry", "pk": 176, "fields": {"action_time": "2022-01-30T08:25:48.295Z", "user": 1, "content_type": 6, "object_id": "1", "object_repr": "What Product/Service is Stellar AI providing?", "action_flag": 1, "change_message": "[{\"added\": {}}]"}}, {"model": "admin.logentry", "pk": 177, "fields": {"action_time": "2022-01-30T08:26:17.042Z", "user": 1, "content_type": 6, "object_id": "2", "object_repr": "Is Stellar AI a platform where coding enthusiast meet each other ?", "action_flag": 1, "change_message": "[{\"added\": {}}]"}}, {"model": "admin.logentry", "pk": 178, "fields": {"action_time": "2022-01-30T08:27:14.185Z", "user": 1, "content_type": 6, "object_id": "3", "object_repr": "How is Stellar AI helping us ?", "action_flag": 1, "change_message": "[{\"added\": {}}]"}}, {"model": "admin.logentry", "pk": 179, "fields": {"action_time": "2022-01-30T08:27:39.285Z", "user": 1, "content_type": 6, "object_id": "4", "object_repr": "Does Stellar AI have any membership plans and how can the plans help us ?", "action_flag": 1, "change_message": "[{\"added\": {}}]"}}, {"model": "admin.logentry", "pk": 180, "fields": {"action_time": "2022-01-30T08:27:57.249Z", "user": 1, "content_type": 6, "object_id": "1", "object_repr": "What Product/Service is Stellar AI providing?", "action_flag": 2, "change_message": "[{\"changed\": {\"fields\": [\"Answer\"]}}]"}}, {"model": "admin.logentry", "pk": 181, "fields": {"action_time": "2022-01-30T08:28:09.269Z", "user": 1, "content_type": 6, "object_id": "3", "object_repr": "How is Stellar AI helping us ?", "action_flag": 2, "change_message": "[]"}}, {"model": "admin.logentry", "pk": 182, "fields": {"action_time": "2022-01-30T08:28:20.293Z", "user": 1, "content_type": 6, "object_id": "1", "object_repr": "What Product/Service is Stellar AI providing?", "action_flag": 2, "change_message": "[{\"changed\": {\"fields\": [\"Answer\"]}}]"}}, {"model": "admin.logentry", "pk": 183, "fields": {"action_time": "2022-02-02T12:02:43.619Z", "user": 1, "content_type": 27, "object_id": "3", "object_repr": "Julia", "action_flag": 2, "change_message": "[{\"changed\": {\"fields\": [\"Icon\"]}}]"}}, {"model": "admin.logentry", "pk": 184, "fields": {"action_time": "2022-02-02T12:02:50.043Z", "user": 1, "content_type": 27, "object_id": "2", "object_repr": "R", "action_flag": 2, "change_message": "[{\"changed\": {\"fields\": [\"Icon\"]}}]"}}, {"model": "admin.logentry", "pk": 185, "fields": {"action_time": "2022-02-02T12:03:24.609Z", "user": 1, "content_type": 27, "object_id": "1", "object_repr": "Python", "action_flag": 2, "change_message": "[{\"changed\": {\"fields\": [\"Icon\"]}}]"}}, {"model": "admin.logentry", "pk": 186, "fields": {"action_time": "2022-02-02T12:03:47.414Z", "user": 1, "content_type": 27, "object_id": "3", "object_repr": "Julia", "action_flag": 2, "change_message": "[{\"changed\": {\"fields\": [\"Icon\"]}}]"}}, {"model": "admin.logentry", "pk": 187, "fields": {"action_time": "2022-02-02T12:04:21.991Z", "user": 1, "content_type": 23, "object_id": "2", "object_repr": "Dicussions /Informative", "action_flag": 2, "change_message": "[{\"changed\": {\"fields\": [\"Name\", \"Icon\"]}}]"}}, {"model": "admin.logentry", "pk": 188, "fields": {"action_time": "2022-02-02T12:05:02.778Z", "user": 1, "content_type": 23, "object_id": "1", "object_repr": "Questions /Errors", "action_flag": 2, "change_message": "[{\"changed\": {\"fields\": [\"Name\"]}}]"}}, {"model": "admin.logentry", "pk": 189, "fields": {"action_time": "2022-02-02T12:34:48.931Z", "user": 3, "content_type": 10, "object_id": "7", "object_repr": "maya@gmail.com", "action_flag": 1, "change_message": "[{\"added\": {}}]"}}, {"model": "home.tpp", "pk": 1, "fields": {"terms_and_condition": "<p><strong>Terms and Conditions</strong></p>\r\n\r\n<p>Welcome to stellar-ai.in!</p>\r\n\r\n<p>These terms and conditions outline the rules and regulations for the use of Stellar AI&#39;s Website, located at https://stellar-ai.in/.</p>\r\n\r\n<p>By accessing this website we assume you accept these terms and conditions. Do not continue to use stellar-ai.in if you do not agree to take all of the terms and conditions stated on this page.</p>\r\n\r\n<p>The following terminology applies to these Terms and Conditions, Privacy Statement and Disclaimer Notice and all Agreements: &quot;Client&quot;, &quot;You&quot; and &quot;Your&quot; refers to you, the person log on this website and compliant to the Company&rsquo;s terms and conditions. &quot;The Company&quot;, &quot;Ourselves&quot;, &quot;We&quot;, &quot;Our&quot; and &quot;Us&quot;, refers to our Company. &quot;Party&quot;, &quot;Parties&quot;, or &quot;Us&quot;, refers to both the Client and ourselves. All terms refer to the offer, acceptance and consideration of payment necessary to undertake the process of our assistance to the Client in the most appropriate manner for the express purpose of meeting the Client&rsquo;s needs in respect of provision of the Company&rsquo;s stated services, in accordance with and subject to, prevailing law of Netherlands. Any use of the above terminology or other words in the singular, plural, capitalization and/or he/she or they, are taken as interchangeable and therefore as referring to same.</p>\r\n\r\n<p><strong>Cookies</strong></p>\r\n\r\n<p>We employ the use of cookies. By accessing stellar-ai.in, you agreed to use cookies in agreement with the Stellar AI&#39;s Privacy Policy.</p>\r\n\r\n<p>Most interactive websites use cookies to let us retrieve the user&rsquo;s details for each visit. Cookies are used by our website to enable the functionality of certain areas to make it easier for people visiting our website. Some of our affiliate/advertising partners may also use cookies.</p>\r\n\r\n<p><strong>License</strong></p>\r\n\r\n<p>Unless otherwise stated, Stellar AI and/or its licensors own the intellectual property rights for all material on stellar-ai.in. All intellectual property rights are reserved. You may access this from stellar-ai.in for your own personal use subjected to restrictions set in these terms and conditions.</p>\r\n\r\n<p>You must not:</p>\r\n\r\n<ul>\r\n\t<li>&nbsp; &nbsp;</li>\r\n\t<li>Republish material from stellar-ai.in</li>\r\n\t<li>&nbsp; &nbsp;</li>\r\n\t<li>Sell, rent or sub-license material from stellar-ai.in</li>\r\n\t<li>&nbsp; &nbsp;</li>\r\n\t<li>Reproduce, duplicate or copy material from stellar-ai.in</li>\r\n\t<li>&nbsp; &nbsp;</li>\r\n\t<li>Redistribute content from stellar-ai.in</li>\r\n</ul>\r\n\r\n<p>This Agreement shall begin on the date hereof. Our Terms and Conditions were created with the help of the <a href=\"https://www.privacypolicies.com/blog/sample-terms-conditions-template/\"><span style=\"color:blue\">Terms And Conditions Template</span></a>.</p>\r\n\r\n<p>Parts of this website offer an opportunity for users to post and exchange opinions and information in certain areas of the website. Stellar AI does not filter, edit, publish or review Comments prior to their presence on the website. Comments do not reflect the views and opinions of Stellar AI,its agents and/or affiliates. Comments reflect the views and opinions of the person who post their views and opinions. To the extent permitted by applicable laws, Stellar AI shall not be liable for the Comments or for any liability, damages or expenses caused and/or suffered as a result of any use of and/or posting of and/or appearance of the Comments on this website.</p>\r\n\r\n<p>Stellar AI reserves the right to monitor all Comments and to remove any Comments which can be considered inappropriate, offensive or causes breach of these Terms and Conditions.</p>\r\n\r\n<p>You warrant and represent that:</p>\r\n\r\n<ul>\r\n\t<li>&nbsp; &nbsp;</li>\r\n\t<li>You are entitled to post the Comments on our website and have all necessary licenses and consents to do so;</li>\r\n\t<li>&nbsp; &nbsp;</li>\r\n\t<li>The Comments do not invade any intellectual property right, including without limitation copyright, patent or trademark of any third party;</li>\r\n\t<li>&nbsp; &nbsp;</li>\r\n\t<li>The Comments do not contain any defamatory, libelous, offensive, indecent or otherwise unlawful material which is an invasion of privacy</li>\r\n\t<li>&nbsp; &nbsp;</li>\r\n\t<li>The Comments will not be used to solicit or promote business or custom or present commercial activities or unlawful activity.</li>\r\n</ul>\r\n\r\n<p>You hereby grant Stellar AI a non-exclusive license to use, reproduce, edit and authorize others to use, reproduce and edit any of your Comments in any and all forms, formats or media.</p>\r\n\r\n<p><strong>Hyperlinking to our Content</strong></p>\r\n\r\n<p>The following organizations may link to our Website without prior written approval:</p>\r\n\r\n<ul>\r\n\t<li>&nbsp; &nbsp;</li>\r\n\t<li>Government agencies;</li>\r\n\t<li>&nbsp; &nbsp;</li>\r\n\t<li>Search engines;</li>\r\n\t<li>&nbsp; &nbsp;</li>\r\n\t<li>News organizations;</li>\r\n\t<li>&nbsp; &nbsp;</li>\r\n\t<li>Online directory distributors may link to our Website in the same manner as they hyperlink to the Websites of other listed businesses; and</li>\r\n\t<li>&nbsp; &nbsp;</li>\r\n\t<li>System wide Accredited Businesses except soliciting non-profit organizations, charity shopping malls, and charity fundraising groups which may not hyperlink to our Web site.</li>\r\n</ul>\r\n\r\n<p>These organizations may link to our home page, to publications or to other Website information so long as the link: (a) is not in any way deceptive; (b) does not falsely imply sponsorship, endorsement or approval of the linking party and its products and/or services; and (c) fits within the context of the linking party&rsquo;s site.</p>\r\n\r\n<p>We may consider and approve other link requests from the following types of organizations:</p>\r\n\r\n<ul>\r\n\t<li>&nbsp; &nbsp;</li>\r\n\t<li>commonly-known consumer and/or business information sources;</li>\r\n\t<li>&nbsp; &nbsp;</li>\r\n\t<li>dot.com community sites;</li>\r\n\t<li>&nbsp; &nbsp;</li>\r\n\t<li>associations or other groups representing charities;</li>\r\n\t<li>&nbsp; &nbsp;</li>\r\n\t<li>online directory distributors;</li>\r\n\t<li>&nbsp; &nbsp;</li>\r\n\t<li>internet portals;</li>\r\n\t<li>&nbsp; &nbsp;</li>\r\n\t<li>accounting, law and consulting firms; and</li>\r\n\t<li>&nbsp; &nbsp;</li>\r\n\t<li>educational institutions and trade associations.</li>\r\n</ul>\r\n\r\n<p>We will approve link requests from these organizations if we decide that: (a) the link would not make us look unfavorably to ourselves or to our accredited businesses; (b) the organization does not have any negative records with us; (c) the benefit to us from the visibility of the hyperlink compensates the absence of Stellar AI; and (d) the link is in the context of general resource information.</p>\r\n\r\n<p>These organizations may link to our home page so long as the link: (a) is not in any way deceptive; (b) does not falsely imply sponsorship, endorsement or approval of the linking party and its products or services; and (c) fits within the context of the linking party&rsquo;s site.</p>\r\n\r\n<p>If you are one of the organizations listed in paragraph 2 above and are interested in linking to our website, you must inform us by sending an e-mail to Stellar AI. Please include your name, your organization name, contact information as well as the URL of your site, a list of any URLs from which you intend to link to our Website, and a list of the URLs on our site to which you would like to link. Wait 2-3 weeks for a response.</p>\r\n\r\n<p>Approved organizations may hyperlink to our Website as follows:</p>\r\n\r\n<ul>\r\n\t<li>&nbsp; &nbsp;</li>\r\n\t<li>By use of our corporate name; or</li>\r\n\t<li>&nbsp; &nbsp;</li>\r\n\t<li>By use of the uniform resource locator being linked to; or</li>\r\n\t<li>&nbsp; &nbsp;</li>\r\n\t<li>By use of any other description of our Website being linked to that makes sense within the context and format of content on the linking party&rsquo;s site.</li>\r\n</ul>\r\n\r\n<p>No use of Stellar AI&#39;s logo or other artwork will be allowed for linking absent a trademark license agreement.</p>\r\n\r\n<p><strong>iFrames</strong></p>\r\n\r\n<p>Without prior approval and written permission, you may not create frames around our Webpages that alter in any way the visual presentation or appearance of our Website.</p>\r\n\r\n<p><strong>Content Liability</strong></p>\r\n\r\n<p>We shall not be hold responsible for any content that appears on your Website. You agree to protect and defend us against all claims that is rising on your Website. No link(s) should appear on any Website that may be interpreted as libelous, obscene or criminal, or which infringes, otherwise violates, or advocates the infringement or other violation of, any third party rights.</p>\r\n\r\n<p><strong>Your Privacy</strong></p>\r\n\r\n<p>Please read Privacy Policy</p>\r\n\r\n<p><strong>Reservation of Rights</strong></p>\r\n\r\n<p>We reserve the right to request that you remove all links or any particular link to our Website. You approve to immediately remove all links to our Website upon request. We also reserve the right to amen these terms and conditions and it&rsquo;s linking policy at any time. By continuously linking to our Website, you agree to be bound to and follow these linking terms and conditions.</p>\r\n\r\n<p><strong>Removal of links from our website</strong></p>\r\n\r\n<p>If you find any link on our Website that is offensive for any reason, you are free to contact and inform us any moment. We will consider requests to remove links but we are not obligated to or so or to respond to you directly.</p>\r\n\r\n<p>We do not ensure that the information on this website is correct, we do not warrant its completeness or accuracy; nor do we promise to ensure that the website remains available or that the material on the website is kept up to date.</p>\r\n\r\n<p><strong>Disclaimer</strong></p>\r\n\r\n<p>To the maximum extent permitted by applicable law, we exclude all representations, warranties and conditions relating to our website and the use of this website. Nothing in this disclaimer will:</p>\r\n\r\n<ul>\r\n\t<li>&nbsp; &nbsp;</li>\r\n\t<li>limit or exclude our or your liability for death or personal injury;</li>\r\n\t<li>&nbsp; &nbsp;</li>\r\n\t<li>limit or exclude our or your liability for fraud or fraudulent misrepresentation;</li>\r\n\t<li>&nbsp; &nbsp;</li>\r\n\t<li>limit any of our or your liabilities in any way that is not permitted under applicable law; or</li>\r\n\t<li>&nbsp; &nbsp;</li>\r\n\t<li>exclude any of our or your liabilities that may not be excluded under applicable law.</li>\r\n</ul>\r\n\r\n<p>The limitations and prohibitions of liability set in this Section and elsewhere in this disclaimer: (a) are subject to the preceding paragraph; and (b) govern all liabilities arising under the disclaimer, including liabilities arising in contract, in tort and for breach of statutory duty.</p>\r\n\r\n<p>As long as the website and the information and services on the website are provided free of charge, we will not be liable for any loss or damage of any nature.</p>", "privacy_policy": "<h1><span style=\"color:#2f5496\">Privacy Policy for Stellar AI</span></h1>\r\n\r\n<p>At stellar-ai.in, accessible from https://stellar-ai.in/, one of our main priorities is the privacy of our visitors. This Privacy Policy document contains types of information that is collected and recorded by stellar-ai.in and how we use it.</p>\r\n\r\n<p>If you have additional questions or require more information about our Privacy Policy, do not hesitate to contact us.</p>\r\n\r\n<p>This Privacy Policy applies only to our online activities and is valid for visitors to our website with regards to the information that they shared and/or collect in stellar-ai.in. This policy is not applicable to any information collected offline or via channels other than this website. Our Privacy Policy was created with the help of the <a href=\"https://www.privacypolicygenerator.info\" style=\"color:blue; text-decoration:underline\">Free Privacy Policy Generator</a>.</p>\r\n\r\n<h2><strong>Consent</strong></h2>\r\n\r\n<p>By using our website, you hereby consent to our Privacy Policy and agree to its terms.</p>\r\n\r\n<h2><strong>Information we collect</strong></h2>\r\n\r\n<p>The personal information that you are asked to provide, and the reasons why you are asked to provide it, will be made clear to you at the point we ask you to provide your personal information.</p>\r\n\r\n<p>If you contact us directly, we may receive additional information about you such as your name, email address, phone number, the contents of the message and/or attachments you may send us, and any other information you may choose to provide.</p>\r\n\r\n<p>When you register for an Account, we may ask for your contact information, including items such as name, company name, address, email address, and telephone number.</p>\r\n\r\n<h2><strong>How we use your information</strong></h2>\r\n\r\n<p>We use the information we collect in various ways, including to:</p>\r\n\r\n<ul>\r\n\t<li>Provide, operate, and maintain our website</li>\r\n\t<li>Improve, personalize, and expand our website</li>\r\n\t<li>Understand and analyze how you use our website</li>\r\n\t<li>Develop new products, services, features, and functionality</li>\r\n\t<li>Communicate with you, either directly or through one of our partners, including for customer service, to provide you with updates and other information relating to the website, and for marketing and promotional purposes</li>\r\n\t<li>Send you emails</li>\r\n\t<li>Find and prevent fraud</li>\r\n</ul>\r\n\r\n<h2><strong>Log Files</strong></h2>\r\n\r\n<p>stellar-ai.in follows a standard procedure of using log files. These files log visitors when they visit websites. All hosting companies do this and a part of hosting services&#39; analytics. The information collected by log files include internet protocol (IP) addresses, browser type, Internet Service Provider (ISP), date and time stamp, referring/exit pages, and possibly the number of clicks. These are not linked to any information that is personally identifiable. The purpose of the information is for analyzing trends, administering the site, tracking users&#39; movement on the website, and gathering demographic information.</p>\r\n\r\n<h2><strong>Google DoubleClick DART Cookie</strong></h2>\r\n\r\n<p>Google is one of a third-party vendor on our site. It also uses cookies, known as DART cookies, to serve ads to our site visitors based upon their visit to www.website.com and other sites on the internet. However, visitors may choose to decline the use of DART cookies by visiting the Google ad and content network Privacy Policy at the following URL &ndash; <a href=\"https://policies.google.com/technologies/ads\" style=\"color:blue; text-decoration:underline\">https://policies.google.com/technologies/ads</a></p>\r\n\r\n<h2><strong>Our Advertising Partners</strong></h2>\r\n\r\n<p>Some of advertisers on our site may use cookies and web beacons. Our advertising partners are listed below. Each of our advertising partners has their own Privacy Policy for their policies on user data. For easier access, we hyperlinked to their Privacy Policies below.</p>\r\n\r\n<ul>\r\n\t<li>&nbsp; &nbsp;</li>\r\n\t<li>&nbsp; &nbsp; &nbsp; &nbsp;</li>\r\n</ul>\r\n\r\n<p style=\"margin-left:48px\">Google</p>\r\n\r\n<p style=\"margin-left:48px\">&nbsp; &nbsp; &nbsp; &nbsp;</p>\r\n\r\n<p style=\"margin-left:48px\"><a href=\"https://policies.google.com/technologies/ads\" style=\"color:blue; text-decoration:underline\">https://policies.google.com/technologies/ads</a></p>\r\n\r\n<p style=\"margin-left:48px\">&nbsp; &nbsp;</p>\r\n\r\n<h2><strong>Advertising Partners Privacy Policies</strong></h2>\r\n\r\n<p>You may consult this list to find the Privacy Policy for each of the advertising partners of stellar-ai.in.</p>\r\n\r\n<p>Third-party ad servers or ad networks uses technologies like cookies, JavaScript, or Web Beacons that are used in their respective advertisements and links that appear on stellar-ai.in, which are sent directly to users&#39; browser. They automatically receive your IP address when this occurs. These technologies are used to measure the effectiveness of their advertising campaigns and/or to personalize the advertising content that you see on websites that you visit.</p>\r\n\r\n<p>Note that stellar-ai.in has no access to or control over these cookies that are used by third-party advertisers.</p>\r\n\r\n<h2><strong>Third Party Privacy Policies</strong></h2>\r\n\r\n<p>stellar-ai.in&#39;s Privacy Policy does not apply to other advertisers or websites. Thus, we are advising you to consult the respective Privacy Policies of these third-party ad servers for more detailed information. It may include their practices and instructions about how to opt-out of certain options.</p>\r\n\r\n<p>You can choose to disable cookies through your individual browser options. To know more detailed information about cookie management with specific web browsers, it can be found at the browsers&#39; respective websites.</p>\r\n\r\n<h2><strong>CCPA Privacy Rights (Do Not Sell My Personal Information)</strong></h2>\r\n\r\n<p>Under the CCPA, among other rights, California consumers have the right to:</p>\r\n\r\n<p>Request that a business that collects a consumer&#39;s personal data disclose the categories and specific pieces of personal data that a business has collected about consumers.</p>\r\n\r\n<p>Request that a business delete any personal data about the consumer that a business has collected.</p>\r\n\r\n<p>Request that a business that sells a consumer&#39;s personal data, not sell the consumer&#39;s personal data.</p>\r\n\r\n<p>If you make a request, we have one month to respond to you. If you would like to exercise any of these rights, please contact us.</p>\r\n\r\n<h2><strong>GDPR Data Protection Rights</strong></h2>\r\n\r\n<p>We would like to make sure you are fully aware of all of your data protection rights. Every user is entitled to the following:</p>\r\n\r\n<p>The right to access &ndash; You have the right to request copies of your personal data. We may charge you a small fee for this service.</p>\r\n\r\n<p>The right to rectification &ndash; You have the right to request that we correct any information you believe is inaccurate. You also have the right to request that we complete the information you believe is incomplete.</p>\r\n\r\n<p>The right to erasure &ndash; You have the right to request that we erase your personal data, under certain conditions.</p>\r\n\r\n<p>The right to restrict processing &ndash; You have the right to request that we restrict the processing of your personal data, under certain conditions.</p>\r\n\r\n<p>The right to object to processing &ndash; You have the right to object to our processing of your personal data, under certain conditions.</p>\r\n\r\n<p>The right to data portability &ndash; You have the right to request that we transfer the data that we have collected to another organization, or directly to you, under certain conditions.</p>\r\n\r\n<p>If you make a request, we have one month to respond to you. If you would like to exercise any of these rights, please contact us.</p>\r\n\r\n<h2><strong>Children&#39;s Information</strong></h2>\r\n\r\n<p>Another part of our priority is adding protection for children while using the internet. We encourage parents and guardians to observe, participate in, and/or monitor and guide their online activity.</p>\r\n\r\n<p>stellar-ai.in does not knowingly collect any Personal Identifiable Information from children under the age of 13. If you think that your child provided this kind of information on our website, we strongly encourage you to contact us immediately and we will do our best efforts to promptly remove such information from our records.</p>", "refund_policy": "<p>There is no refund for the code room service. If users are facing any problems/issues on the code room please mail us at info@stellar-ai.in. The issues will be solved as soon as possible.</p>", "cancellation_policy": "<p>There is no &nbsp;cancellation for the code room service. If users are facing any problems/issues on the code room please mail us at info@stellar-ai.in. The issues will be solved as soon as possible.</p>"}}, {"model": "home.popupquestions", "pk": 1, "fields": {"age": "18-24", "knowledge_ml_dl_ai": "No", "worked_in": "MACHINE LEARNING", "code_difficult": "Yes", "does_ml_dl_ai": "Yes", "like_to_work_in": "Alone", "functionality_areas": "Finance and accounts,Production/Maintainance /Quality"}}, {"model": "home.popupquestions", "pk": 2, "fields": {"age": "18-24", "knowledge_ml_dl_ai": "Yes", "worked_in": "DEEP LEARNING", "code_difficult": "Yes", "does_ml_dl_ai": "Yes", "like_to_work_in": "Alone", "functionality_areas": "Student"}}, {"model": "home.popupquestions", "pk": 3, "fields": {"age": "ABOVE 30", "knowledge_ml_dl_ai": "No", "worked_in": "NONE OF THE ABOVE", "code_difficult": "Yes", "does_ml_dl_ai": "No", "like_to_work_in": "Alone", "functionality_areas": "Finance and accounts"}}, {"model": "home.faq", "pk": 1, "fields": {"question": "What Product/Service is Stellar AI providing?", "answer": "An environment where users who are into or interested in learning coding/data-science/machine learning /artificial intelligence can come to our platform and connect.\r\nWe provide features like AI coding rooms where people can make groups and do live coding with audio and video features as well as a coding interface is provided.\r\nAlso, there is a post section where the user can raise their doubts and get them cleared or they can add some interesting updates on Artificial intelligence, etc.", "date": "2022-01-30T08:25:13Z", "is_active": true}}, {"model": "home.faq", "pk": 2, "fields": {"question": "Is Stellar AI a platform where coding enthusiast meet each other ?", "answer": "Stellar AI is a platform where people working in the field of coding/data-science/machine learning /artificial intelligence or people who are keen to learn about it and make their future in AI can come and interact with like minded individuals and grow individually as well as in a team.", "date": "2022-01-30T08:25:48Z", "is_active": true}}, {"model": "home.faq", "pk": 3, "fields": {"question": "How is Stellar AI helping us ?", "answer": "As we know artificial intelligence is currently the most upcoming industry. We are building a very user-friendly platform where people in this field can connect chat, group chat and also raise their doubts and upcoming research work or updates on Artificial intelligence.\r\nAs we say knowledge is power, we want our stellar ai community to spread this power all across the globe and enlighten the world.\r\nOur main goal is to build a community where you can connect with people, solve your doubts, code with your mates.", "date": "2022-01-30T08:26:17Z", "is_active": true}}, {"model": "home.faq", "pk": 4, "fields": {"question": "Does Stellar AI have any membership plans and how can the plans help us ?", "answer": "Stellar AI gives you an affordable platform to do live group coding with audio and video features and the respectable group members have a Common Coding Interface. \r\nThe membership plans differ on the basis of number of people in a particular Code Room. All charges are monthly based.", "date": "2022-01-30T08:27:14Z", "is_active": true}}, {"model": "home.ad", "pk": 1, "fields": {"image": "ads/wp7511236-everything-is-connected-wallpapers.jpg", "link": "https://www.google.com/search?q=everything+is+connected+wallpaper&rlz=1C1CHBD_enIN990IN990&oq=everything+is+connected+&aqs=chrome.3.69i57j0i512l9.9167j0j7&sourceid=chrome&ie=UTF-8"}}, {"model": "home.ad", "pk": 2, "fields": {"image": "ads/peakpx_1.jpg", "link": "https://www.google.com/maps"}}, {"model": "users.user", "pk": 1, "fields": {"password": "pbkdf2_sha256$260000$NxETvJ9oJZ9MQo68InE4aI$r/3nTHs1MIdxpCijJZ5ee/+gqv8Wl39nXnZPGGs0sAY=", "last_login": "2022-02-02T12:14:07.735Z", "is_superuser": true, "username": "_siteguide_", "email": "sg@gmail.com", "phone_number": null, "account_type": null, "first_name": "SIte", "last_name": "Guide", "designation": "Manager", "bio": "This is my BIO", "profile_image": "profile_image/profile_image/WhatsApp_Image_2021-11-10_at_105835_AM_ofeluBt.webp", "payment": 15, "date_joined": "2021-12-24T06:17:16.377Z", "is_active": true, "is_verified": true, "is_staff": true, "is_group_share": true, "group_id_share": 4, "is_peer_share": false, "peer_id": 2, "user_permissions": [], "connections": [], "pending_connections": [4, 6, 14, 18], "groups": [4, 6, 7]}}, {"model": "users.user", "pk": 2, "fields": {"password": "pbkdf2_sha256$260000$UzPzA38Xiumezt16YW75Pu$wQUURk1/wF+CBvUtJBzwFxs94wcznA4jEXJ6H5fZCHg=", "last_login": "2022-02-06T13:04:00.291Z", "is_superuser": false, "username": "_Rahul_", "email": "rahul@gmail.com", "phone_number": 7412584854, "account_type": null, "first_name": "Rahul", "last_name": "Jain", "designation": null, "bio": null, "profile_image": "profile_image/profile_image/logo_LwTiBr5.webp", "payment": 8, "date_joined": "2021-12-24T06:47:41.136Z", "is_active": true, "is_verified": false, "is_staff": false, "is_group_share": true, "group_id_share": 4, "is_peer_share": false, "peer_id": 1, "user_permissions": [], "connections": [5, 6, 7], "pending_connections": [16], "groups": [4]}}, {"model": "users.user", "pk": 3, "fields": {"password": "pbkdf2_sha256$260000$9xERtmHW3zHFwSCwvRhpbT$L341w/YUOh0bd3tpKJ4Od1ZwOfhtmiAROahUf0onsAk=", "last_login": "2022-02-02T09:01:53.687Z", "is_superuser": true, "username": "aniket.dg25@gmail.com", "email": "aniket.dg25@gmail.com", "phone_number": 9322861739, "account_type": null, "first_name": "Aniket", "last_name": "Gavali", "designation": null, "bio": "", "profile_image": "profile_image/profile_image/sample_ZkpmrPA.webp", "payment": 19, "date_joined": "2021-12-24T10:33:52.812Z", "is_active": true, "is_verified": true, "is_staff": true, "is_group_share": true, "group_id_share": 4, "is_peer_share": false, "peer_id": 1, "user_permissions": [], "connections": [3, 4], "pending_connections": [8, 22], "groups": [4, 8]}}, {"model": "users.user", "pk": 4, "fields": {"password": "pbkdf2_sha256$260000$7umerwPwn7prFs1L8n6xE0$NKGeUZ/y/LpMrpWccniNECcNiwugELokTYEYDktlvK4=", "last_login": "2022-01-06T11:17:34.510Z", "is_superuser": true, "username": "info_siteguide", "email": "info@stellar-ai.in", "phone_number": null, "account_type": null, "first_name": "Stellar", "last_name": "AI", "designation": null, "bio": "", "profile_image": "profile_image/profile_image/color-logo_ZW8QSXS.webp", "payment": 12, "date_joined": "2021-12-29T18:46:52.789Z", "is_active": true, "is_verified": false, "is_staff": true, "is_group_share": false, "group_id_share": 0, "is_peer_share": false, "peer_id": null, "user_permissions": [], "connections": [17], "pending_connections": [20], "groups": [6]}}, {"model": "users.user", "pk": 5, "fields": {"password": "pbkdf2_sha256$260000$BahNtc1XlwlKDiaTVIKOQ7$HTBmTz0p8GT9KcX9qdIxCTlYOTwWvP9F7HxqQdL0dsU=", "last_login": "2022-02-04T08:03:32.827Z", "is_superuser": false, "username": "akhilmehta1019", "email": "akhilmehta1019@gmail.com", "phone_number": null, "account_type": null, "first_name": "Akhil", "last_name": "Mehta", "designation": null, "bio": null, "profile_image": "profile_image/profile_image/BMW_XalbiIU.webp", "payment": 20, "date_joined": "2022-01-04T10:36:41.428Z", "is_active": true, "is_verified": false, "is_staff": false, "is_group_share": true, "group_id_share": 5, "is_peer_share": false, "peer_id": 8, "user_permissions": [], "connections": [9, 11], "pending_connections": [24], "groups": [5]}}, {"model": "users.user", "pk": 6, "fields": {"password": "pbkdf2_sha256$260000$MNmXOSTq3OwrJQtwRVeqZ1$OCqjJqOn5jS5YM/1M3IPTSy051PvX3Q4qg8ZAcNPEFU=", "last_login": "2022-02-03T04:59:27.336Z", "is_superuser": false, "username": "akansha29", "email": "sharmaakansha291997@gmail.com", "phone_number": null, "account_type": null, "first_name": "Akansha", "last_name": "Sharma", "designation": "DATA SCIENTIST", "bio": "DATA SCIENCE", "profile_image": "profile_image/profile_image/Screenshot_2022-01-03-13-48-45-2_2.webp", "payment": 18, "date_joined": "2022-01-04T10:55:27.359Z", "is_active": true, "is_verified": false, "is_staff": false, "is_group_share": false, "group_id_share": 5, "is_peer_share": true, "peer_id": 5, "user_permissions": [], "connections": [13, 15, 19], "pending_connections": [10, 12], "groups": [5, 7]}}, {"model": "users.user", "pk": 7, "fields": {"password": "pbkdf2_sha256$260000$9xERtmHW3zHFwSCwvRhpbT$L341w/YUOh0bd3tpKJ4Od1ZwOfhtmiAROahUf0onsAk=", "last_login": "2022-02-02T12:35:22.849Z", "is_superuser": true, "username": "maya", "email": "maya@gmail.com", "phone_number": 9856321452, "account_type": null, "first_name": "Maya", "last_name": "Patil", "designation": null, "bio": "", "profile_image": "profile_image/pikachu.webp", "payment": null, "date_joined": "2022-02-02T12:34:48.917Z", "is_active": true, "is_verified": true, "is_staff": true, "is_group_share": false, "group_id_share": null, "is_peer_share": false, "peer_id": null, "user_permissions": [1, 2, 3, 4, 9, 10, 11, 12, 5, 6, 7, 8, 45, 46, 47, 48, 49, 50, 51, 52, 53, 54, 55, 56, 57, 58, 59, 60, 61, 62, 63, 64, 65, 66, 67, 68, 69, 70, 71, 72, 73, 74, 75, 76, 137, 138, 139, 140, 141, 142, 143, 144, 13, 14, 15, 16, 189, 190, 191, 192, 17, 18, 19, 20, 21, 22, 23, 24, 25, 26, 27, 28, 29, 30, 31, 32, 33, 34, 35, 36, 173, 174, 175, 176, 169, 170, 171, 172, 177, 178, 179, 180, 185, 186, 187, 188, 181, 182, 183, 184, 81, 82, 83, 84, 77, 78, 79, 80, 85, 86, 87, 88, 89, 90, 91, 92, 93, 94, 95, 96, 97, 98, 99, 100, 101, 102, 103, 104, 105, 106, 107, 108, 109, 110, 111, 112, 113, 114, 115, 116, 117, 118, 119, 120, 121, 122, 123, 124, 125, 126, 127, 128, 133, 134, 135, 136, 129, 130, 131, 132, 193, 194, 195, 196, 197, 198, 199, 200, 205, 206, 207, 208, 201, 202, 203, 204, 145, 146, 147, 148, 149, 150, 151, 152, 153, 154, 155, 156, 161, 162, 163, 164, 157, 158, 159, 160, 165, 166, 167, 168, 41, 42, 43, 44, 37, 38, 39, 40], "connections": [21], "pending_connections": [], "groups": [8]}}, {"model": "users.user", "pk": 8, "fields": {"password": "!lvt2eWbCknnzjw5JOqIbCJEmkAWBowplwT21S03A", "last_login": "2022-02-03T04:22:54.928Z", "is_superuser": false, "username": "samir", "email": "samirmehta67@gmail.com", "phone_number": null, "account_type": null, "first_name": "Samir", "last_name": "Mehta", "designation": "MIS Manager", "bio": "MIS", "profile_image": "profile_image/FB_IMG_1540566849287.webp", "payment": null, "date_joined": "2022-02-03T04:22:54.906Z", "is_active": true, "is_verified": false, "is_staff": false, "is_group_share": false, "group_id_share": null, "is_peer_share": true, "peer_id": 5, "user_permissions": [], "connections": [23], "pending_connections": [], "groups": []}}, {"model": "users.connection", "pk": 1, "fields": {"connection_user": 2, "request": true, "send_request": "Accepted"}}, {"model": "users.connection", "pk": 2, "fields": {"connection_user": 1, "request": true, "send_request": "Accepted"}}, {"model": "users.connection", "pk": 3, "fields": {"connection_user": 1, "request": true, "send_request": "Accepted"}}, {"model": "users.connection", "pk": 4, "fields": {"connection_user": 3, "request": true, "send_request": "Accepted"}}, {"model": "users.connection", "pk": 5, "fields": {"connection_user": 1, "request": true, "send_request": "Accepted"}}, {"model": "users.connection", "pk": 6, "fields": {"connection_user": 2, "request": true, "send_request": "Accepted"}}, {"model": "users.connection", "pk": 7, "fields": {"connection_user": 3, "request": true, "send_request": "Process"}}, {"model": "users.connection", "pk": 8, "fields": {"connection_user": 2, "request": true, "send_request": "Process"}}, {"model": "users.connection", "pk": 9, "fields": {"connection_user": 6, "request": true, "send_request": "Accepted"}}, {"model": "users.connection", "pk": 10, "fields": {"connection_user": 5, "request": true, "send_request": "Accepted"}}, {"model": "users.connection", "pk": 11, "fields": {"connection_user": 6, "request": true, "send_request": "Accepted"}}, {"model": "users.connection", "pk": 12, "fields": {"connection_user": 5, "request": true, "send_request": "Accepted"}}, {"model": "users.connection", "pk": 13, "fields": {"connection_user": 1, "request": true, "send_request": "Accepted"}}, {"model": "users.connection", "pk": 14, "fields": {"connection_user": 6, "request": true, "send_request": "Accepted"}}, {"model": "users.connection", "pk": 15, "fields": {"connection_user": 2, "request": true, "send_request": "Process"}}, {"model": "users.connection", "pk": 16, "fields": {"connection_user": 6, "request": true, "send_request": "Process"}}, {"model": "users.connection", "pk": 17, "fields": {"connection_user": 1, "request": true, "send_request": "Accepted"}}, {"model": "users.connection", "pk": 18, "fields": {"connection_user": 4, "request": true, "send_request": "Accepted"}}, {"model": "users.connection", "pk": 19, "fields": {"connection_user": 4, "request": true, "send_request": "Process"}}, {"model": "users.connection", "pk": 20, "fields": {"connection_user": 6, "request": true, "send_request": "Process"}}, {"model": "users.connection", "pk": 21, "fields": {"connection_user": 3, "request": true, "send_request": "Accepted"}}, {"model": "users.connection", "pk": 22, "fields": {"connection_user": 7, "request": true, "send_request": "Accepted"}}, {"model": "users.connection", "pk": 23, "fields": {"connection_user": 5, "request": true, "send_request": "Accepted"}}, {"model": "users.connection", "pk": 24, "fields": {"connection_user": 8, "request": true, "send_request": "Accepted"}}, {"model": "chat.p2pchatmodel", "pk": 1, "fields": {"user": 1, "recipient": 2, "timestamp": "2021-12-24T08:48:08.279Z", "body": "asdfasdf", "read": true, "is_delete": false, "is_receiver_delete": true, "clear_all": false, "is_media_present": false, "bucket": null}}, {"model": "chat.p2pchatmodel", "pk": 2, "fields": {"user": 3, "recipient": 1, "timestamp": "2021-12-24T15:09:08.948Z", "body": "fsdfgsdfgsdfg", "read": true, "is_delete": false, "is_receiver_delete": true, "clear_all": false, "is_media_present": false, "bucket": null}}, {"model": "chat.p2pchatmodel", "pk": 3, "fields": {"user": 1, "recipient": 3, "timestamp": "2021-12-24T15:12:31.169Z", "body": "asdf", "read": true, "is_delete": true, "is_receiver_delete": true, "clear_all": false, "is_media_present": false, "bucket": null}}, {"model": "chat.p2pchatmodel", "pk": 4, "fields": {"user": 1, "recipient": 3, "timestamp": "2021-12-24T15:17:21.285Z", "body": "asdf", "read": true, "is_delete": true, "is_receiver_delete": true, "clear_all": false, "is_media_present": false, "bucket": null}}, {"model": "chat.p2pchatmodel", "pk": 5, "fields": {"user": 3, "recipient": 1, "timestamp": "2021-12-24T15:18:11.668Z", "body": "asdfasdf\n", "read": true, "is_delete": false, "is_receiver_delete": true, "clear_all": false, "is_media_present": false, "bucket": null}}, {"model": "chat.p2pchatmodel", "pk": 6, "fields": {"user": 2, "recipient": 1, "timestamp": "2021-12-25T05:11:08.019Z", "body": "Hey how are you ?", "read": true, "is_delete": false, "is_receiver_delete": true, "clear_all": false, "is_media_present": false, "bucket": null}}, {"model": "chat.p2pchatmodel", "pk": 7, "fields": {"user": 2, "recipient": 1, "timestamp": "2021-12-25T05:11:15.169Z", "body": "Hello", "read": true, "is_delete": false, "is_receiver_delete": true, "clear_all": false, "is_media_present": false, "bucket": null}}, {"model": "chat.p2pchatmodel", "pk": 8, "fields": {"user": 1, "recipient": 3, "timestamp": "2021-12-25T05:29:35.273Z", "body": "hgjghjghj", "read": true, "is_delete": true, "is_receiver_delete": false, "clear_all": false, "is_media_present": false, "bucket": null}}, {"model": "chat.p2pchatmodel", "pk": 9, "fields": {"user": 3, "recipient": 1, "timestamp": "2021-12-25T05:30:31.841Z", "body": "wertwert\n", "read": true, "is_delete": false, "is_receiver_delete": true, "clear_all": false, "is_media_present": false, "bucket": null}}, {"model": "chat.p2pchatmodel", "pk": 10, "fields": {"user": 3, "recipient": 1, "timestamp": "2021-12-25T05:31:46.399Z", "body": "hjfhg\n", "read": true, "is_delete": false, "is_receiver_delete": true, "clear_all": false, "is_media_present": false, "bucket": null}}, {"model": "chat.p2pchatmodel", "pk": 11, "fields": {"user": 1, "recipient": 2, "timestamp": "2021-12-25T05:56:46.418Z", "body": "hi\n", "read": true, "is_delete": false, "is_receiver_delete": true, "clear_all": false, "is_media_present": false, "bucket": null}}, {"model": "chat.p2pchatmodel", "pk": 12, "fields": {"user": 2, "recipient": 1, "timestamp": "2021-12-25T05:58:32.650Z", "body": "Hjhh", "read": true, "is_delete": false, "is_receiver_delete": true, "clear_all": false, "is_media_present": false, "bucket": null}}, {"model": "chat.p2pchatmodel", "pk": 13, "fields": {"user": 2, "recipient": 1, "timestamp": "2021-12-25T05:58:40.736Z", "body": "Hhddhhs", "read": true, "is_delete": false, "is_receiver_delete": true, "clear_all": false, "is_media_present": false, "bucket": null}}, {"model": "chat.p2pchatmodel", "pk": 14, "fields": {"user": 2, "recipient": 1, "timestamp": "2021-12-25T05:58:46.264Z", "body": "Hhdhd", "read": true, "is_delete": false, "is_receiver_delete": true, "clear_all": false, "is_media_present": false, "bucket": null}}, {"model": "chat.p2pchatmodel", "pk": 15, "fields": {"user": 1, "recipient": 3, "timestamp": "2021-12-25T06:19:50.638Z", "body": "asdf", "read": true, "is_delete": true, "is_receiver_delete": false, "clear_all": false, "is_media_present": false, "bucket": null}}, {"model": "chat.p2pchatmodel", "pk": 16, "fields": {"user": 1, "recipient": 3, "timestamp": "2021-12-25T06:20:40.674Z", "body": "asdf", "read": true, "is_delete": true, "is_receiver_delete": false, "clear_all": false, "is_media_present": false, "bucket": null}}, {"model": "chat.p2pchatmodel", "pk": 17, "fields": {"user": 3, "recipient": 1, "timestamp": "2021-12-29T13:14:28.217Z", "body": "dfgdfg", "read": true, "is_delete": false, "is_receiver_delete": true, "clear_all": false, "is_media_present": false, "bucket": null}}, {"model": "chat.p2pchatmodel", "pk": 18, "fields": {"user": 1, "recipient": 3, "timestamp": "2021-12-29T18:26:30.415Z", "body": "test \n", "read": true, "is_delete": true, "is_receiver_delete": false, "clear_all": false, "is_media_present": false, "bucket": null}}, {"model": "chat.p2pchatmodel", "pk": 19, "fields": {"user": 2, "recipient": 1, "timestamp": "2021-12-29T18:33:49.165Z", "body": "asdf", "read": true, "is_delete": false, "is_receiver_delete": true, "clear_all": false, "is_media_present": false, "bucket": null}}, {"model": "chat.p2pchatmodel", "pk": 20, "fields": {"user": 2, "recipient": 1, "timestamp": "2021-12-29T18:35:41.747Z", "body": "asdf", "read": true, "is_delete": false, "is_receiver_delete": true, "clear_all": false, "is_media_present": false, "bucket": null}}, {"model": "chat.p2pchatmodel", "pk": 21, "fields": {"user": 2, "recipient": 1, "timestamp": "2021-12-30T04:52:21.168Z", "body": "asdf", "read": true, "is_delete": false, "is_receiver_delete": true, "clear_all": false, "is_media_present": false, "bucket": null}}, {"model": "chat.p2pchatmodel", "pk": 22, "fields": {"user": 2, "recipient": 1, "timestamp": "2021-12-30T04:56:34.246Z", "body": "asdf", "read": true, "is_delete": false, "is_receiver_delete": false, "clear_all": false, "is_media_present": false, "bucket": null}}, {"model": "chat.p2pchatmodel", "pk": 23, "fields": {"user": 1, "recipient": 3, "timestamp": "2021-12-30T04:59:50.251Z", "body": "sdfgsdfg", "read": true, "is_delete": true, "is_receiver_delete": false, "clear_all": false, "is_media_present": false, "bucket": null}}, {"model": "chat.p2pchatmodel", "pk": 24, "fields": {"user": 1, "recipient": 3, "timestamp": "2021-12-30T05:00:06.009Z", "body": "aniket", "read": true, "is_delete": true, "is_receiver_delete": false, "clear_all": false, "is_media_present": false, "bucket": null}}, {"model": "chat.p2pchatmodel", "pk": 25, "fields": {"user": 3, "recipient": 1, "timestamp": "2021-12-30T05:00:45.224Z", "body": "hello\n", "read": true, "is_delete": false, "is_receiver_delete": true, "clear_all": false, "is_media_present": false, "bucket": null}}, {"model": "chat.p2pchatmodel", "pk": 26, "fields": {"user": 1, "recipient": 3, "timestamp": "2021-12-30T05:01:04.748Z", "body": "sdfasdf\n", "read": true, "is_delete": true, "is_receiver_delete": false, "clear_all": false, "is_media_present": false, "bucket": null}}, {"model": "chat.p2pchatmodel", "pk": 27, "fields": {"user": 1, "recipient": 3, "timestamp": "2021-12-30T05:01:21.697Z", "body": "dfasdfasdf\n", "read": true, "is_delete": true, "is_receiver_delete": false, "clear_all": false, "is_media_present": false, "bucket": null}}, {"model": "chat.p2pchatmodel", "pk": 28, "fields": {"user": 3, "recipient": 1, "timestamp": "2021-12-30T05:01:25.911Z", "body": "asdfasdf\n", "read": true, "is_delete": false, "is_receiver_delete": true, "clear_all": false, "is_media_present": false, "bucket": null}}, {"model": "chat.p2pchatmodel", "pk": 29, "fields": {"user": 1, "recipient": 3, "timestamp": "2021-12-30T05:01:46.773Z", "body": "asd", "read": true, "is_delete": true, "is_receiver_delete": false, "clear_all": false, "is_media_present": false, "bucket": null}}, {"model": "chat.p2pchatmodel", "pk": 30, "fields": {"user": 2, "recipient": 1, "timestamp": "2021-12-30T05:02:49.158Z", "body": "asdf", "read": true, "is_delete": false, "is_receiver_delete": false, "clear_all": false, "is_media_present": false, "bucket": null}}, {"model": "chat.p2pchatmodel", "pk": 31, "fields": {"user": 1, "recipient": 2, "timestamp": "2021-12-30T05:03:41.544Z", "body": "asdf\n", "read": true, "is_delete": false, "is_receiver_delete": false, "clear_all": false, "is_media_present": false, "bucket": null}}, {"model": "chat.p2pchatmodel", "pk": 32, "fields": {"user": 1, "recipient": 2, "timestamp": "2021-12-30T05:03:47.184Z", "body": "asdf", "read": true, "is_delete": false, "is_receiver_delete": false, "clear_all": false, "is_media_present": false, "bucket": null}}, {"model": "chat.p2pchatmodel", "pk": 33, "fields": {"user": 1, "recipient": 3, "timestamp": "2021-12-30T05:03:59.858Z", "body": "test \n", "read": true, "is_delete": true, "is_receiver_delete": false, "clear_all": false, "is_media_present": false, "bucket": null}}, {"model": "chat.p2pchatmodel", "pk": 34, "fields": {"user": 2, "recipient": 1, "timestamp": "2021-12-30T06:38:33.359Z", "body": "test \n", "read": true, "is_delete": false, "is_receiver_delete": false, "clear_all": false, "is_media_present": false, "bucket": null}}, {"model": "chat.p2pchatmodel", "pk": 35, "fields": {"user": 2, "recipient": 1, "timestamp": "2021-12-30T06:39:35.974Z", "body": "test\n", "read": true, "is_delete": false, "is_receiver_delete": false, "clear_all": false, "is_media_present": false, "bucket": null}}, {"model": "chat.p2pchatmodel", "pk": 36, "fields": {"user": 2, "recipient": 1, "timestamp": "2021-12-30T06:49:26.202Z", "body": "asdf", "read": true, "is_delete": false, "is_receiver_delete": false, "clear_all": false, "is_media_present": false, "bucket": null}}, {"model": "chat.p2pchatmodel", "pk": 37, "fields": {"user": 2, "recipient": 1, "timestamp": "2021-12-30T06:55:55.058Z", "body": "asdf", "read": true, "is_delete": false, "is_receiver_delete": false, "clear_all": false, "is_media_present": false, "bucket": null}}, {"model": "chat.p2pchatmodel", "pk": 38, "fields": {"user": 2, "recipient": 1, "timestamp": "2021-12-30T06:55:57.476Z", "body": "asdf", "read": true, "is_delete": false, "is_receiver_delete": false, "clear_all": false, "is_media_present": false, "bucket": null}}, {"model": "chat.p2pchatmodel", "pk": 39, "fields": {"user": 2, "recipient": 1, "timestamp": "2021-12-30T06:55:59.918Z", "body": "asdf ", "read": true, "is_delete": false, "is_receiver_delete": false, "clear_all": false, "is_media_present": false, "bucket": null}}, {"model": "chat.p2pchatmodel", "pk": 40, "fields": {"user": 1, "recipient": 2, "timestamp": "2021-12-30T07:50:05.726Z", "body": "test \n", "read": true, "is_delete": false, "is_receiver_delete": false, "clear_all": false, "is_media_present": false, "bucket": null}}, {"model": "chat.p2pchatmodel", "pk": 41, "fields": {"user": 1, "recipient": 2, "timestamp": "2021-12-30T07:50:12.412Z", "body": "", "read": true, "is_delete": false, "is_receiver_delete": false, "clear_all": false, "is_media_present": true, "bucket": 1}}, {"model": "chat.p2pchatmodel", "pk": 42, "fields": {"user": 1, "recipient": 2, "timestamp": "2021-12-30T07:50:23.475Z", "body": "", "read": true, "is_delete": false, "is_receiver_delete": false, "clear_all": false, "is_media_present": true, "bucket": 2}}, {"model": "chat.p2pchatmodel", "pk": 43, "fields": {"user": 2, "recipient": 1, "timestamp": "2021-12-30T12:23:53.725Z", "body": "test\n", "read": true, "is_delete": false, "is_receiver_delete": false, "clear_all": false, "is_media_present": false, "bucket": null}}, {"model": "chat.p2pchatmodel", "pk": 44, "fields": {"user": 2, "recipient": 1, "timestamp": "2021-12-30T12:24:02.020Z", "body": "test\n", "read": true, "is_delete": false, "is_receiver_delete": false, "clear_all": false, "is_media_present": false, "bucket": null}}, {"model": "chat.p2pchatmodel", "pk": 45, "fields": {"user": 1, "recipient": 2, "timestamp": "2022-01-03T12:49:31.151Z", "body": "test", "read": true, "is_delete": false, "is_receiver_delete": false, "clear_all": false, "is_media_present": false, "bucket": null}}, {"model": "chat.p2pchatmodel", "pk": 46, "fields": {"user": 1, "recipient": 2, "timestamp": "2022-01-03T12:49:46.472Z", "body": "", "read": true, "is_delete": false, "is_receiver_delete": false, "clear_all": false, "is_media_present": true, "bucket": 3}}, {"model": "chat.p2pchatmodel", "pk": 47, "fields": {"user": 6, "recipient": 5, "timestamp": "2022-01-04T11:06:13.657Z", "body": "hi", "read": true, "is_delete": false, "is_receiver_delete": false, "clear_all": false, "is_media_present": false, "bucket": null}}, {"model": "chat.p2pchatmodel", "pk": 48, "fields": {"user": 6, "recipient": 5, "timestamp": "2022-01-04T11:06:25.397Z", "body": "how are u \n", "read": true, "is_delete": false, "is_receiver_delete": false, "clear_all": false, "is_media_present": false, "bucket": null}}, {"model": "chat.p2pchatmodel", "pk": 49, "fields": {"user": 6, "recipient": 5, "timestamp": "2022-01-04T11:07:07.798Z", "body": "", "read": true, "is_delete": false, "is_receiver_delete": false, "clear_all": false, "is_media_present": false, "bucket": null}}, {"model": "chat.p2pchatmodel", "pk": 50, "fields": {"user": 6, "recipient": 5, "timestamp": "2022-01-04T11:07:18.959Z", "body": "", "read": true, "is_delete": false, "is_receiver_delete": false, "clear_all": false, "is_media_present": true, "bucket": 4}}, {"model": "chat.p2pchatmodel", "pk": 51, "fields": {"user": 5, "recipient": 6, "timestamp": "2022-01-04T11:07:29.018Z", "body": "whats up stinky\n", "read": true, "is_delete": false, "is_receiver_delete": false, "clear_all": false, "is_media_present": false, "bucket": null}}, {"model": "chat.p2pchatmodel", "pk": 52, "fields": {"user": 6, "recipient": 5, "timestamp": "2022-01-04T11:07:39.582Z", "body": "heyyyyy\n", "read": true, "is_delete": false, "is_receiver_delete": false, "clear_all": false, "is_media_present": false, "bucket": null}}, {"model": "chat.p2pchatmodel", "pk": 53, "fields": {"user": 5, "recipient": 6, "timestamp": "2022-01-04T11:07:49.473Z", "body": "lovedi\n", "read": true, "is_delete": false, "is_receiver_delete": false, "clear_all": false, "is_media_present": false, "bucket": null}}, {"model": "chat.p2pchatmodel", "pk": 54, "fields": {"user": 6, "recipient": 5, "timestamp": "2022-01-04T11:07:52.783Z", "body": "", "read": true, "is_delete": false, "is_receiver_delete": false, "clear_all": false, "is_media_present": false, "bucket": null}}, {"model": "chat.p2pchatmodel", "pk": 55, "fields": {"user": 5, "recipient": 6, "timestamp": "2022-01-04T11:08:03.824Z", "body": "", "read": true, "is_delete": false, "is_receiver_delete": false, "clear_all": false, "is_media_present": false, "bucket": null}}, {"model": "chat.p2pchatmodel", "pk": 56, "fields": {"user": 6, "recipient": 5, "timestamp": "2022-01-04T11:08:11.829Z", "body": "u can scroll from right \n", "read": true, "is_delete": false, "is_receiver_delete": false, "clear_all": false, "is_media_present": false, "bucket": null}}, {"model": "chat.p2pchatmodel", "pk": 57, "fields": {"user": 6, "recipient": 5, "timestamp": "2022-01-04T11:08:25.003Z", "body": "glitch\n", "read": true, "is_delete": false, "is_receiver_delete": false, "clear_all": false, "is_media_present": false, "bucket": null}}, {"model": "chat.p2pchatmodel", "pk": 58, "fields": {"user": 5, "recipient": 6, "timestamp": "2022-01-04T11:08:43.792Z", "body": "i can scroll from mouse\n", "read": true, "is_delete": false, "is_receiver_delete": false, "clear_all": false, "is_media_present": false, "bucket": null}}, {"model": "chat.p2pchatmodel", "pk": 59, "fields": {"user": 6, "recipient": 5, "timestamp": "2022-01-04T12:27:55.373Z", "body": "bbbbbbb\n", "read": true, "is_delete": false, "is_receiver_delete": false, "clear_all": false, "is_media_present": false, "bucket": null}}, {"model": "chat.p2pchatmodel", "pk": 60, "fields": {"user": 1, "recipient": 3, "timestamp": "2022-01-05T07:14:02.879Z", "body": "sdfgsdfg", "read": true, "is_delete": false, "is_receiver_delete": false, "clear_all": false, "is_media_present": false, "bucket": null}}, {"model": "chat.p2pchatmodel", "pk": 61, "fields": {"user": 1, "recipient": 3, "timestamp": "2022-01-05T08:02:09.740Z", "body": "asdfsadf", "read": true, "is_delete": false, "is_receiver_delete": false, "clear_all": false, "is_media_present": false, "bucket": null}}, {"model": "chat.p2pchatmodel", "pk": 62, "fields": {"user": 1, "recipient": 3, "timestamp": "2022-01-05T08:15:07.947Z", "body": "sad", "read": true, "is_delete": false, "is_receiver_delete": false, "clear_all": false, "is_media_present": false, "bucket": null}}, {"model": "chat.p2pchatmodel", "pk": 63, "fields": {"user": 6, "recipient": 5, "timestamp": "2022-01-05T14:06:31.869Z", "body": "HIII\n\n\n", "read": true, "is_delete": false, "is_receiver_delete": false, "clear_all": false, "is_media_present": false, "bucket": null}}, {"model": "chat.p2pchatmodel", "pk": 64, "fields": {"user": 1, "recipient": 3, "timestamp": "2022-01-06T11:33:39.215Z", "body": "", "read": true, "is_delete": false, "is_receiver_delete": false, "clear_all": false, "is_media_present": true, "bucket": 5}}, {"model": "chat.p2pchatmodel", "pk": 65, "fields": {"user": 1, "recipient": 3, "timestamp": "2022-01-08T12:54:46.195Z", "body": "sdf", "read": true, "is_delete": false, "is_receiver_delete": false, "clear_all": false, "is_media_present": false, "bucket": null}}, {"model": "chat.p2pchatmodel", "pk": 66, "fields": {"user": 5, "recipient": 6, "timestamp": "2022-01-10T09:15:30.094Z", "body": "whats up\n", "read": true, "is_delete": false, "is_receiver_delete": false, "clear_all": false, "is_media_present": false, "bucket": null}}, {"model": "chat.p2pchatmodel", "pk": 67, "fields": {"user": 1, "recipient": 2, "timestamp": "2022-01-30T07:56:21.338Z", "body": "test", "read": true, "is_delete": false, "is_receiver_delete": false, "clear_all": false, "is_media_present": false, "bucket": null}}, {"model": "chat.p2pchatmodel", "pk": 68, "fields": {"user": 3, "recipient": 1, "timestamp": "2022-01-30T09:54:45.012Z", "body": "hello", "read": true, "is_delete": false, "is_receiver_delete": false, "clear_all": false, "is_media_present": false, "bucket": null}}, {"model": "chat.p2pchatmodel", "pk": 69, "fields": {"user": 3, "recipient": 1, "timestamp": "2022-01-30T09:56:54.456Z", "body": "h1", "read": true, "is_delete": false, "is_receiver_delete": false, "clear_all": false, "is_media_present": false, "bucket": null}}, {"model": "chat.p2pchatmodel", "pk": 70, "fields": {"user": 3, "recipient": 1, "timestamp": "2022-01-30T09:57:09.996Z", "body": "h2", "read": true, "is_delete": false, "is_receiver_delete": false, "clear_all": false, "is_media_present": false, "bucket": null}}, {"model": "chat.p2pchatmodel", "pk": 71, "fields": {"user": 1, "recipient": 3, "timestamp": "2022-01-30T09:58:19.862Z", "body": "h1", "read": true, "is_delete": false, "is_receiver_delete": false, "clear_all": false, "is_media_present": false, "bucket": null}}, {"model": "chat.p2pchatmodel", "pk": 72, "fields": {"user": 2, "recipient": 1, "timestamp": "2022-01-31T14:58:03.218Z", "body": "hii\n", "read": true, "is_delete": false, "is_receiver_delete": false, "clear_all": false, "is_media_present": false, "bucket": null}}, {"model": "chat.p2pchatmodel", "pk": 73, "fields": {"user": 1, "recipient": 2, "timestamp": "2022-01-31T14:58:20.653Z", "body": "heyyy ", "read": true, "is_delete": false, "is_receiver_delete": false, "clear_all": false, "is_media_present": false, "bucket": null}}, {"model": "chat.p2pchatmodel", "pk": 74, "fields": {"user": 1, "recipient": 2, "timestamp": "2022-01-31T14:58:31.004Z", "body": "hii ", "read": true, "is_delete": false, "is_receiver_delete": false, "clear_all": false, "is_media_present": false, "bucket": null}}, {"model": "chat.p2pchatmodel", "pk": 75, "fields": {"user": 2, "recipient": 1, "timestamp": "2022-01-31T14:58:36.861Z", "body": "fdsafdsf\n", "read": true, "is_delete": false, "is_receiver_delete": false, "clear_all": false, "is_media_present": false, "bucket": null}}, {"model": "chat.p2pchatmodel", "pk": 76, "fields": {"user": 2, "recipient": 1, "timestamp": "2022-01-31T14:58:41.013Z", "body": "the\n", "read": true, "is_delete": false, "is_receiver_delete": false, "clear_all": false, "is_media_present": false, "bucket": null}}, {"model": "chat.p2pchatmodel", "pk": 77, "fields": {"user": 2, "recipient": 1, "timestamp": "2022-01-31T14:58:48.541Z", "body": "hey\n", "read": true, "is_delete": false, "is_receiver_delete": false, "clear_all": false, "is_media_present": false, "bucket": null}}, {"model": "chat.p2pchatmodel", "pk": 78, "fields": {"user": 2, "recipient": 1, "timestamp": "2022-01-31T14:58:53.447Z", "body": "dfsdf\n", "read": true, "is_delete": false, "is_receiver_delete": false, "clear_all": false, "is_media_present": false, "bucket": null}}, {"model": "chat.p2pchatmodel", "pk": 79, "fields": {"user": 1, "recipient": 2, "timestamp": "2022-01-31T14:58:55.197Z", "body": "asdf ", "read": true, "is_delete": false, "is_receiver_delete": false, "clear_all": false, "is_media_present": false, "bucket": null}}, {"model": "chat.p2pchatmodel", "pk": 80, "fields": {"user": 1, "recipient": 2, "timestamp": "2022-01-31T14:59:11.435Z", "body": "asdf", "read": true, "is_delete": false, "is_receiver_delete": false, "clear_all": false, "is_media_present": false, "bucket": null}}, {"model": "chat.p2pchatmodel", "pk": 81, "fields": {"user": 1, "recipient": 2, "timestamp": "2022-01-31T14:59:15.960Z", "body": "asdff", "read": true, "is_delete": false, "is_receiver_delete": false, "clear_all": false, "is_media_present": false, "bucket": null}}, {"model": "chat.p2pchatmodel", "pk": 82, "fields": {"user": 5, "recipient": 6, "timestamp": "2022-01-31T14:59:33.882Z", "body": "qwerty\n", "read": true, "is_delete": false, "is_receiver_delete": false, "clear_all": false, "is_media_present": false, "bucket": null}}, {"model": "chat.p2pchatmodel", "pk": 83, "fields": {"user": 1, "recipient": 4, "timestamp": "2022-02-01T06:59:33.384Z", "body": "tst", "read": false, "is_delete": false, "is_receiver_delete": false, "clear_all": false, "is_media_present": false, "bucket": null}}, {"model": "chat.p2pchatmodel", "pk": 84, "fields": {"user": 6, "recipient": 5, "timestamp": "2022-02-02T06:04:47.668Z", "body": "hi", "read": true, "is_delete": false, "is_receiver_delete": false, "clear_all": false, "is_media_present": false, "bucket": null}}, {"model": "chat.p2pchatmodel", "pk": 85, "fields": {"user": 2, "recipient": 1, "timestamp": "2022-02-02T11:10:40.609Z", "body": "hello\n", "read": true, "is_delete": false, "is_receiver_delete": false, "clear_all": false, "is_media_present": false, "bucket": null}}, {"model": "chat.p2pchatmodel", "pk": 86, "fields": {"user": 1, "recipient": 2, "timestamp": "2022-02-02T11:11:21.782Z", "body": "asdf", "read": true, "is_delete": false, "is_receiver_delete": false, "clear_all": false, "is_media_present": false, "bucket": null}}, {"model": "chat.p2pchatmodel", "pk": 87, "fields": {"user": 2, "recipient": 1, "timestamp": "2022-02-02T11:15:29.100Z", "body": "asdf", "read": true, "is_delete": false, "is_receiver_delete": false, "clear_all": false, "is_media_present": false, "bucket": null}}, {"model": "chat.p2pchatmodel", "pk": 88, "fields": {"user": 2, "recipient": 1, "timestamp": "2022-02-02T11:17:21.056Z", "body": "test\n", "read": true, "is_delete": false, "is_receiver_delete": false, "clear_all": false, "is_media_present": false, "bucket": null}}, {"model": "chat.p2pchatmodel", "pk": 89, "fields": {"user": 2, "recipient": 1, "timestamp": "2022-02-02T11:17:29.372Z", "body": "testset\n", "read": true, "is_delete": false, "is_receiver_delete": false, "clear_all": false, "is_media_present": false, "bucket": null}}, {"model": "chat.p2pchatmodel", "pk": 90, "fields": {"user": 2, "recipient": 1, "timestamp": "2022-02-02T11:17:36.246Z", "body": "asdf", "read": true, "is_delete": false, "is_receiver_delete": false, "clear_all": false, "is_media_present": false, "bucket": null}}, {"model": "chat.p2pchatmodel", "pk": 91, "fields": {"user": 1, "recipient": 2, "timestamp": "2022-02-02T11:19:11.434Z", "body": "h1", "read": true, "is_delete": false, "is_receiver_delete": false, "clear_all": false, "is_media_present": false, "bucket": null}}, {"model": "chat.p2pchatmodel", "pk": 92, "fields": {"user": 2, "recipient": 1, "timestamp": "2022-02-02T11:19:17.384Z", "body": "h2", "read": true, "is_delete": false, "is_receiver_delete": false, "clear_all": false, "is_media_present": false, "bucket": null}}, {"model": "chat.p2pchatmodel", "pk": 93, "fields": {"user": 1, "recipient": 2, "timestamp": "2022-02-02T11:20:43.856Z", "body": "h4", "read": true, "is_delete": false, "is_receiver_delete": false, "clear_all": false, "is_media_present": false, "bucket": null}}, {"model": "chat.p2pchatmodel", "pk": 94, "fields": {"user": 2, "recipient": 1, "timestamp": "2022-02-02T11:20:58.378Z", "body": "asdf", "read": true, "is_delete": false, "is_receiver_delete": false, "clear_all": false, "is_media_present": false, "bucket": null}}, {"model": "chat.p2pchatmodel", "pk": 95, "fields": {"user": 2, "recipient": 1, "timestamp": "2022-02-02T11:21:19.213Z", "body": "asdf", "read": true, "is_delete": false, "is_receiver_delete": false, "clear_all": false, "is_media_present": false, "bucket": null}}, {"model": "chat.p2pchatmodel", "pk": 96, "fields": {"user": 1, "recipient": 2, "timestamp": "2022-02-02T11:21:23.152Z", "body": "asdf", "read": true, "is_delete": false, "is_receiver_delete": false, "clear_all": false, "is_media_present": false, "bucket": null}}, {"model": "chat.p2pchatmodel", "pk": 97, "fields": {"user": 2, "recipient": 1, "timestamp": "2022-02-02T11:21:55.161Z", "body": "rahul se hiii ", "read": true, "is_delete": false, "is_receiver_delete": false, "clear_all": false, "is_media_present": false, "bucket": null}}, {"model": "chat.p2pchatmodel", "pk": 98, "fields": {"user": 1, "recipient": 2, "timestamp": "2022-02-02T11:22:13.144Z", "body": "sg se hii ", "read": true, "is_delete": false, "is_receiver_delete": false, "clear_all": false, "is_media_present": false, "bucket": null}}, {"model": "chat.p2pchatmodel", "pk": 99, "fields": {"user": 1, "recipient": 2, "timestamp": "2022-02-02T11:22:32.387Z", "body": "asdfasdf", "read": true, "is_delete": false, "is_receiver_delete": false, "clear_all": false, "is_media_present": false, "bucket": null}}, {"model": "chat.p2pchatmodel", "pk": 100, "fields": {"user": 2, "recipient": 1, "timestamp": "2022-02-02T11:22:46.333Z", "body": "asdf", "read": true, "is_delete": false, "is_receiver_delete": false, "clear_all": false, "is_media_present": false, "bucket": null}}, {"model": "chat.p2pchatmodel", "pk": 101, "fields": {"user": 2, "recipient": 1, "timestamp": "2022-02-02T11:29:17.489Z", "body": "asdf", "read": true, "is_delete": false, "is_receiver_delete": false, "clear_all": false, "is_media_present": false, "bucket": null}}, {"model": "chat.p2pchatmodel", "pk": 102, "fields": {"user": 1, "recipient": 2, "timestamp": "2022-02-02T11:35:46.348Z", "body": "asdf", "read": true, "is_delete": false, "is_receiver_delete": false, "clear_all": false, "is_media_present": false, "bucket": null}}, {"model": "chat.p2pchatmodel", "pk": 103, "fields": {"user": 2, "recipient": 1, "timestamp": "2022-02-02T11:36:06.332Z", "body": "asdf", "read": true, "is_delete": false, "is_receiver_delete": false, "clear_all": false, "is_media_present": false, "bucket": null}}, {"model": "chat.p2pchatmodel", "pk": 104, "fields": {"user": 2, "recipient": 1, "timestamp": "2022-02-02T11:36:09.387Z", "body": "asdf", "read": true, "is_delete": false, "is_receiver_delete": false, "clear_all": false, "is_media_present": false, "bucket": null}}, {"model": "chat.p2pchatmodel", "pk": 105, "fields": {"user": 1, "recipient": 2, "timestamp": "2022-02-02T11:36:12.904Z", "body": "asdfasd", "read": true, "is_delete": false, "is_receiver_delete": false, "clear_all": false, "is_media_present": false, "bucket": null}}, {"model": "chat.p2pchatmodel", "pk": 106, "fields": {"user": 2, "recipient": 1, "timestamp": "2022-02-02T11:40:02.337Z", "body": "asfd", "read": true, "is_delete": false, "is_receiver_delete": false, "clear_all": false, "is_media_present": false, "bucket": null}}, {"model": "chat.p2pchatmodel", "pk": 107, "fields": {"user": 1, "recipient": 2, "timestamp": "2022-02-02T11:40:11.721Z", "body": "asdf", "read": true, "is_delete": false, "is_receiver_delete": false, "clear_all": false, "is_media_present": false, "bucket": null}}, {"model": "chat.p2pchatmodel", "pk": 108, "fields": {"user": 8, "recipient": 5, "timestamp": "2022-02-03T04:32:29.190Z", "body": "Hello\n", "read": true, "is_delete": false, "is_receiver_delete": false, "clear_all": false, "is_media_present": false, "bucket": null}}, {"model": "chat.p2pchatmodel", "pk": 109, "fields": {"user": 5, "recipient": 8, "timestamp": "2022-02-03T04:41:05.034Z", "body": "hi", "read": false, "is_delete": false, "is_receiver_delete": false, "clear_all": false, "is_media_present": false, "bucket": null}}, {"model": "chat.p2pchatmodel", "pk": 110, "fields": {"user": 5, "recipient": 8, "timestamp": "2022-02-03T04:41:14.682Z", "body": "write something", "read": false, "is_delete": false, "is_receiver_delete": false, "clear_all": false, "is_media_present": false, "bucket": null}}, {"model": "chat.p2pchatmodel", "pk": 111, "fields": {"user": 5, "recipient": 8, "timestamp": "2022-02-03T04:41:22.049Z", "body": "whats up", "read": false, "is_delete": false, "is_receiver_delete": false, "clear_all": false, "is_media_present": false, "bucket": null}}, {"model": "chat.p2pchatmodel", "pk": 112, "fields": {"user": 5, "recipient": 8, "timestamp": "2022-02-03T08:47:17.905Z", "body": "whats up\n", "read": false, "is_delete": false, "is_receiver_delete": false, "clear_all": false, "is_media_present": false, "bucket": null}}, {"model": "chat.p2pchatmodel", "pk": 113, "fields": {"user": 1, "recipient": 2, "timestamp": "2022-02-03T19:04:04.364Z", "body": "asdf\n", "read": true, "is_delete": false, "is_receiver_delete": false, "clear_all": false, "is_media_present": false, "bucket": null}}, {"model": "chat.p2pchatmodel", "pk": 114, "fields": {"user": 1, "recipient": 2, "timestamp": "2022-02-03T19:04:12.280Z", "body": "asdffff\n", "read": true, "is_delete": false, "is_receiver_delete": false, "clear_all": false, "is_media_present": false, "bucket": null}}, {"model": "chat.p2pchatmodel", "pk": 115, "fields": {"user": 1, "recipient": 2, "timestamp": "2022-02-03T19:04:20.810Z", "body": "asf\n", "read": true, "is_delete": false, "is_receiver_delete": false, "clear_all": false, "is_media_present": false, "bucket": null}}, {"model": "chat.p2pchatmodel", "pk": 116, "fields": {"user": 2, "recipient": 1, "timestamp": "2022-02-03T19:04:22.806Z", "body": "asdf\n", "read": true, "is_delete": false, "is_receiver_delete": false, "clear_all": false, "is_media_present": false, "bucket": null}}, {"model": "chat.p2pchatmodel", "pk": 117, "fields": {"user": 2, "recipient": 1, "timestamp": "2022-02-03T19:04:30.299Z", "body": "asdf", "read": true, "is_delete": false, "is_receiver_delete": false, "clear_all": false, "is_media_present": false, "bucket": null}}, {"model": "chat.p2pchatmodel", "pk": 118, "fields": {"user": 1, "recipient": 2, "timestamp": "2022-02-03T19:04:38.672Z", "body": "asdffff\n", "read": true, "is_delete": false, "is_receiver_delete": false, "clear_all": false, "is_media_present": false, "bucket": null}}, {"model": "chat.p2pchatmodel", "pk": 119, "fields": {"user": 1, "recipient": 2, "timestamp": "2022-02-03T19:04:46.185Z", "body": "sdfgg", "read": true, "is_delete": false, "is_receiver_delete": false, "clear_all": false, "is_media_present": false, "bucket": null}}, {"model": "chat.p2pchatmodel", "pk": 120, "fields": {"user": 2, "recipient": 1, "timestamp": "2022-02-03T19:04:51.271Z", "body": "sdfggg", "read": true, "is_delete": false, "is_receiver_delete": false, "clear_all": false, "is_media_present": false, "bucket": null}}, {"model": "chat.p2pchatmodel", "pk": 121, "fields": {"user": 2, "recipient": 1, "timestamp": "2022-02-03T19:05:37.938Z", "body": "asdf", "read": true, "is_delete": false, "is_receiver_delete": false, "clear_all": false, "is_media_present": false, "bucket": null}}, {"model": "chat.p2pchatmodel", "pk": 122, "fields": {"user": 2, "recipient": 1, "timestamp": "2022-02-03T19:05:43.757Z", "body": "asfff", "read": true, "is_delete": false, "is_receiver_delete": false, "clear_all": false, "is_media_present": false, "bucket": null}}, {"model": "chat.p2pchatmodel", "pk": 123, "fields": {"user": 1, "recipient": 2, "timestamp": "2022-02-03T19:16:22.750Z", "body": "asdff\n", "read": true, "is_delete": false, "is_receiver_delete": false, "clear_all": false, "is_media_present": false, "bucket": null}}, {"model": "chat.p2pchatmodel", "pk": 124, "fields": {"user": 1, "recipient": 2, "timestamp": "2022-02-03T19:16:43.007Z", "body": "asdffff\n", "read": true, "is_delete": false, "is_receiver_delete": false, "clear_all": false, "is_media_present": false, "bucket": null}}, {"model": "chat.p2pchatmodel", "pk": 125, "fields": {"user": 1, "recipient": 2, "timestamp": "2022-02-03T19:16:51.921Z", "body": "new text \n", "read": true, "is_delete": false, "is_receiver_delete": false, "clear_all": false, "is_media_present": false, "bucket": null}}, {"model": "chat.p2pchatmodel", "pk": 126, "fields": {"user": 1, "recipient": 2, "timestamp": "2022-02-03T19:16:56.855Z", "body": "asdfffff\n", "read": true, "is_delete": false, "is_receiver_delete": false, "clear_all": false, "is_media_present": false, "bucket": null}}, {"model": "chat.p2pchatmodel", "pk": 127, "fields": {"user": 1, "recipient": 2, "timestamp": "2022-02-03T19:17:00.732Z", "body": "aaaaaaaaaaaaaaaaaaaaaaaaaaaaaaaaa\n", "read": true, "is_delete": false, "is_receiver_delete": false, "clear_all": false, "is_media_present": false, "bucket": null}}, {"model": "chat.p2pchatmodel", "pk": 128, "fields": {"user": 2, "recipient": 1, "timestamp": "2022-02-03T19:17:11.379Z", "body": "asdf\n", "read": true, "is_delete": false, "is_receiver_delete": false, "clear_all": false, "is_media_present": false, "bucket": null}}, {"model": "chat.p2pchatmodel", "pk": 129, "fields": {"user": 1, "recipient": 2, "timestamp": "2022-02-03T19:17:27.554Z", "body": "asdf\n", "read": true, "is_delete": false, "is_receiver_delete": false, "clear_all": false, "is_media_present": false, "bucket": null}}, {"model": "chat.p2pchatmodel", "pk": 130, "fields": {"user": 2, "recipient": 1, "timestamp": "2022-02-03T19:17:32.060Z", "body": "asdf\n", "read": true, "is_delete": false, "is_receiver_delete": false, "clear_all": false, "is_media_present": false, "bucket": null}}, {"model": "chat.p2pchatmodel", "pk": 131, "fields": {"user": 2, "recipient": 1, "timestamp": "2022-02-03T19:17:41.712Z", "body": "nrer\n", "read": true, "is_delete": false, "is_receiver_delete": false, "clear_all": false, "is_media_present": false, "bucket": null}}, {"model": "chat.p2pchatmodel", "pk": 132, "fields": {"user": 1, "recipient": 2, "timestamp": "2022-02-03T19:17:51.688Z", "body": "a\n", "read": true, "is_delete": false, "is_receiver_delete": false, "clear_all": false, "is_media_present": false, "bucket": null}}, {"model": "chat.p2pchatmodel", "pk": 133, "fields": {"user": 1, "recipient": 2, "timestamp": "2022-02-03T19:18:11.178Z", "body": "asdf", "read": true, "is_delete": false, "is_receiver_delete": false, "clear_all": false, "is_media_present": false, "bucket": null}}, {"model": "chat.p2pchatmodel", "pk": 134, "fields": {"user": 1, "recipient": 2, "timestamp": "2022-02-03T19:18:39.585Z", "body": "asdf", "read": true, "is_delete": false, "is_receiver_delete": false, "clear_all": false, "is_media_present": false, "bucket": null}}, {"model": "chat.p2pchatmodel", "pk": 135, "fields": {"user": 2, "recipient": 1, "timestamp": "2022-02-03T19:18:44.860Z", "body": "aaa", "read": true, "is_delete": false, "is_receiver_delete": false, "clear_all": false, "is_media_present": false, "bucket": null}}, {"model": "chat.p2pchatmodel", "pk": 136, "fields": {"user": 1, "recipient": 2, "timestamp": "2022-02-03T19:19:01.346Z", "body": "asdf", "read": true, "is_delete": false, "is_receiver_delete": false, "clear_all": false, "is_media_present": false, "bucket": null}}, {"model": "chat.p2pchatmodel", "pk": 137, "fields": {"user": 1, "recipient": 2, "timestamp": "2022-02-03T19:27:55.035Z", "body": "5\n", "read": true, "is_delete": false, "is_receiver_delete": false, "clear_all": false, "is_media_present": false, "bucket": null}}, {"model": "chat.p2pchatmodel", "pk": 138, "fields": {"user": 1, "recipient": 2, "timestamp": "2022-02-03T19:54:01.034Z", "body": "asdf\n", "read": true, "is_delete": false, "is_receiver_delete": false, "clear_all": false, "is_media_present": false, "bucket": null}}, {"model": "chat.p2pchatmodel", "pk": 139, "fields": {"user": 1, "recipient": 2, "timestamp": "2022-02-03T20:14:10.623Z", "body": "assss\n", "read": true, "is_delete": false, "is_receiver_delete": false, "clear_all": false, "is_media_present": false, "bucket": null}}, {"model": "chat.p2pchatmodel", "pk": 140, "fields": {"user": 2, "recipient": 1, "timestamp": "2022-02-03T20:14:13.973Z", "body": "hii \n", "read": true, "is_delete": false, "is_receiver_delete": false, "clear_all": false, "is_media_present": false, "bucket": null}}, {"model": "chat.p2pchatmodel", "pk": 141, "fields": {"user": 1, "recipient": 2, "timestamp": "2022-02-03T20:14:22.099Z", "body": "hows you \n", "read": true, "is_delete": false, "is_receiver_delete": false, "clear_all": false, "is_media_present": false, "bucket": null}}, {"model": "chat.p2pchatmodel", "pk": 142, "fields": {"user": 2, "recipient": 1, "timestamp": "2022-02-03T20:14:30.216Z", "body": "i am good \n", "read": true, "is_delete": false, "is_receiver_delete": false, "clear_all": false, "is_media_present": false, "bucket": null}}, {"model": "chat.p2pchatmodel", "pk": 143, "fields": {"user": 1, "recipient": 2, "timestamp": "2022-02-03T20:14:38.671Z", "body": "okay \n", "read": true, "is_delete": false, "is_receiver_delete": false, "clear_all": false, "is_media_present": false, "bucket": null}}, {"model": "chat.p2pchatmodel", "pk": 144, "fields": {"user": 1, "recipient": 6, "timestamp": "2022-02-04T06:20:36.809Z", "body": "asdf\n", "read": true, "is_delete": true, "is_receiver_delete": false, "clear_all": false, "is_media_present": false, "bucket": null}}, {"model": "chat.p2pchatmodel", "pk": 145, "fields": {"user": 1, "recipient": 2, "timestamp": "2022-02-04T06:22:50.520Z", "body": "asdf\n", "read": true, "is_delete": false, "is_receiver_delete": false, "clear_all": false, "is_media_present": false, "bucket": null}}, {"model": "chat.p2pchatmodel", "pk": 146, "fields": {"user": 2, "recipient": 1, "timestamp": "2022-02-04T06:24:32.684Z", "body": "asdf\n", "read": true, "is_delete": false, "is_receiver_delete": false, "clear_all": false, "is_media_present": false, "bucket": null}}, {"model": "chat.groupcallhistory", "pk": 107, "fields": {"started_by": 1, "is_end": true}}, {"model": "chat.groupcallhistory", "pk": 108, "fields": {"started_by": 1, "is_end": true}}, {"model": "chat.groupcallhistory", "pk": 109, "fields": {"started_by": 1, "is_end": true}}, {"model": "chat.groupcallhistory", "pk": 110, "fields": {"started_by": 1, "is_end": true}}, {"model": "chat.groupcallhistory", "pk": 111, "fields": {"started_by": 1, "is_end": true}}, {"model": "chat.groupcallhistory", "pk": 112, "fields": {"started_by": 1, "is_end": true}}, {"model": "chat.groupcallhistory", "pk": 113, "fields": {"started_by": 1, "is_end": true}}, {"model": "chat.groupcallhistory", "pk": 114, "fields": {"started_by": 1, "is_end": true}}, {"model": "chat.groupcallhistory", "pk": 115, "fields": {"started_by": 2, "is_end": true}}, {"model": "chat.groupcallhistory", "pk": 116, "fields": {"started_by": 1, "is_end": true}}, {"model": "chat.groupcallhistory", "pk": 117, "fields": {"started_by": 1, "is_end": true}}, {"model": "chat.groupcallhistory", "pk": 118, "fields": {"started_by": 1, "is_end": true}}, {"model": "chat.groupcallhistory", "pk": 119, "fields": {"started_by": 1, "is_end": true}}, {"model": "chat.groupcallhistory", "pk": 120, "fields": {"started_by": 1, "is_end": true}}, {"model": "chat.groupcallhistory", "pk": 121, "fields": {"started_by": 1, "is_end": true}}, {"model": "chat.groupcallhistory", "pk": 122, "fields": {"started_by": 1, "is_end": true}}, {"model": "chat.groupcallhistory", "pk": 123, "fields": {"started_by": 1, "is_end": true}}, {"model": "chat.groupcallhistory", "pk": 124, "fields": {"started_by": 1, "is_end": true}}, {"model": "chat.groupcallhistory", "pk": 125, "fields": {"started_by": 1, "is_end": true}}, {"model": "chat.groupcallhistory", "pk": 126, "fields": {"started_by": 1, "is_end": true}}, {"model": "chat.groupcallhistory", "pk": 127, "fields": {"started_by": 1, "is_end": true}}, {"model": "chat.groupcallhistory", "pk": 128, "fields": {"started_by": 1, "is_end": true}}, {"model": "chat.groupcallhistory", "pk": 129, "fields": {"started_by": 1, "is_end": true}}, {"model": "chat.groupcallhistory", "pk": 130, "fields": {"started_by": 1, "is_end": true}}, {"model": "chat.groupcallhistory", "pk": 131, "fields": {"started_by": 1, "is_end": true}}, {"model": "chat.groupcallhistory", "pk": 132, "fields": {"started_by": 1, "is_end": true}}, {"model": "chat.groupcallhistory", "pk": 133, "fields": {"started_by": 1, "is_end": true}}, {"model": "chat.groupcallhistory", "pk": 134, "fields": {"started_by": 1, "is_end": true}}, {"model": "chat.groupcallhistory", "pk": 135, "fields": {"started_by": 1, "is_end": true}}, {"model": "chat.groupcallhistory", "pk": 136, "fields": {"started_by": 1, "is_end": true}}, {"model": "chat.groupcallhistory", "pk": 137, "fields": {"started_by": 1, "is_end": true}}, {"model": "chat.groupcallhistory", "pk": 138, "fields": {"started_by": 1, "is_end": true}}, {"model": "chat.groupcallhistory", "pk": 139, "fields": {"started_by": 2, "is_end": false}}, {"model": "chat.groupcallhistory", "pk": 140, "fields": {"started_by": 1, "is_end": true}}, {"model": "chat.groupcallhistory", "pk": 141, "fields": {"started_by": 1, "is_end": true}}, {"model": "chat.groupcallhistory", "pk": 142, "fields": {"started_by": 1, "is_end": true}}, {"model": "chat.groupcallhistory", "pk": 143, "fields": {"started_by": 1, "is_end": true}}, {"model": "chat.groupcallhistory", "pk": 144, "fields": {"started_by": 1, "is_end": true}}, {"model": "chat.groupcallhistory", "pk": 145, "fields": {"started_by": 1, "is_end": true}}, {"model": "chat.groupcallhistory", "pk": 146, "fields": {"started_by": 1, "is_end": true}}, {"model": "chat.groupcallhistory", "pk": 147, "fields": {"started_by": 1, "is_end": true}}, {"model": "chat.groupcallhistory", "pk": 148, "fields": {"started_by": 1, "is_end": true}}, {"model": "chat.groupcallhistory", "pk": 149, "fields": {"started_by": 1, "is_end": true}}, {"model": "chat.groupcallhistory", "pk": 150, "fields": {"started_by": 1, "is_end": true}}, {"model": "chat.groupcallhistory", "pk": 151, "fields": {"started_by": 1, "is_end": true}}, {"model": "chat.groupcallhistory", "pk": 152, "fields": {"started_by": 1, "is_end": true}}, {"model": "chat.groupcallhistory", "pk": 153, "fields": {"started_by": 1, "is_end": true}}, {"model": "chat.groupcallhistory", "pk": 154, "fields": {"started_by": 1, "is_end": false}}, {"model": "chat.groupchatmodel", "pk": 4, "fields": {"group_name": "test", "name": "test", "profile_image": "profile_image/ABPH_hvY5LiP.png", "group_info": "test", "created_by": 1, "created_at": "2021-12-29T12:48:27.104Z", "plan": null, "valid_till": null, "admin": [1], "history": []}}, {"model": "chat.groupchatmodel", "pk": 5, "fields": {"group_name": "Stellar AI", "name": "StellarAI", "profile_image": "profile_image/FERRARI_1_1_1.jpg", "group_info": "Chatbot Coding", "created_by": 5, "created_at": "2022-01-04T11:10:31.218Z", "plan": null, "valid_till": null, "admin": [5], "history": []}}, {"model": "chat.groupchatmodel", "pk": 6, "fields": {"group_name": "Stellar AI offical", "name": "StellarAIoffical", "profile_image": "profile_image/color-logo_Y3cFmdQ.png", "group_info": "Demo", "created_by": 4, "created_at": "2022-01-06T11:21:57.756Z", "plan": null, "valid_till": null, "admin": [4], "history": []}}, {"model": "chat.groupchatmodel", "pk": 7, "fields": {"group_name": "Stellar", "name": "Stellar", "profile_image": "profile_image/img.jpg", "group_info": "DEmo", "created_by": 1, "created_at": "2022-01-30T07:06:20.659Z", "plan": 1, "valid_till": "2023-01-30", "admin": [1], "history": []}}, {"model": "chat.groupchatmodel", "pk": 8, "fields": {"group_name": "Sample Testing", "name": "SampleTesting", "profile_image": "profile_image/pikachu.jpeg", "group_info": "dfgasdgfsdfg", "created_by": 3, "created_at": "2022-02-02T12:36:55.010Z", "plan": 1, "valid_till": "2023-02-02", "admin": [3], "history": []}}, {"model": "chat.groupchat", "pk": 36, "fields": {"group": 4, "user": 2, "timestamp": "2021-12-29T18:28:52.656Z", "body": "asdf", "is_delete": true, "is_media_present": false, "bucket": null, "user_read": [1, 2, 3], "receiver_delete": [1, 3]}}, {"model": "chat.groupchat", "pk": 37, "fields": {"group": 4, "user": 2, "timestamp": "2021-12-30T05:02:53.975Z", "body": "asdfas", "is_delete": true, "is_media_present": false, "bucket": null, "user_read": [1, 2, 3], "receiver_delete": [1, 3]}}, {"model": "chat.groupchat", "pk": 38, "fields": {"group": 4, "user": 1, "timestamp": "2021-12-30T05:15:05.652Z", "body": "New Video call is started! Join Now Link: https://stellar-ai.in/chat/video/gAAAAABhzUBXVO7GxqkKM13Rb0PHznlllPzvGFqBYWZwd8AsfvCD8Wwzma0UUBokyMSr_sMSaGhbcveCWFXF5SBArbXnM7P1Zt1h5YpwjMTDlgfQmWGHx9A=", "is_delete": true, "is_media_present": false, "bucket": null, "user_read": [1, 2, 3], "receiver_delete": [2, 3]}}, {"model": "chat.groupchat", "pk": 39, "fields": {"group": 4, "user": 1, "timestamp": "2021-12-30T05:18:14.425Z", "body": "New Audio call is started! Join Now Link: https://stellar-ai.in/chat/audio/gAAAAABhzUEUxMZpWexaMBeAbux-HGaNp5QgUEMx9oyUg33-Qbu18Buf8DQnbyPERT562SNEYCWty0_D8vtAiDBXQLwmOPYDRbG3OEwySaF70R7zfCSeXjE=", "is_delete": true, "is_media_present": false, "bucket": null, "user_read": [1, 2, 3], "receiver_delete": [2, 3]}}, {"model": "chat.groupchat", "pk": 40, "fields": {"group": 4, "user": 1, "timestamp": "2021-12-30T05:19:42.863Z", "body": "New Video call is started! Join Now Link: https://stellar-ai.in/chat/video/gAAAAABhzUFt3j9dNs7vSzzz_s3nbCpZfFD8tfP5ZiJspEeqey45kO6AZhkJFyOB6VhU41c-fRUp5HAiTQVUm11HTGVw5dOAuk8UHC43Tn_38L8B35zOiys=", "is_delete": true, "is_media_present": false, "bucket": null, "user_read": [1, 2, 3], "receiver_delete": [2, 3]}}, {"model": "chat.groupchat", "pk": 41, "fields": {"group": 4, "user": 1, "timestamp": "2021-12-30T05:20:58.865Z", "body": "New Video call is started! Join Now Link: https://stellar-ai.in/chat/video/gAAAAABhzUG4Z0Et00nBW-3hzzGgCLcAebPZwAP_LpSXhBrRpkdyPEJrFBHiHJdJum5GSP9h_HNVCGJV2c0F17B6phGyG-Gc1Pf3WLVOOh6nVXjsrYqYpoY=", "is_delete": true, "is_media_present": false, "bucket": null, "user_read": [1, 2, 3], "receiver_delete": [2, 3]}}, {"model": "chat.groupchat", "pk": 42, "fields": {"group": 4, "user": 2, "timestamp": "2021-12-30T06:40:30.338Z", "body": "", "is_delete": true, "is_media_present": false, "bucket": null, "user_read": [1, 2, 3], "receiver_delete": [1, 3]}}, {"model": "chat.groupchat", "pk": 43, "fields": {"group": 4, "user": 1, "timestamp": "2021-12-30T07:06:03.874Z", "body": "New Video call is started! Join Now Link: https://stellar-ai.in/chat/video/gAAAAABhzVpWdFRUPpSsqQGRraiPr3kbkhRQE4Hi6Ijsm4pBks5cQLkkimbEeJd1I1Lcm45T_6ARLrMhRFxGP6WlywiScZ1WIkijygGoYGYCNNVEAvZWchY=", "is_delete": true, "is_media_present": false, "bucket": null, "user_read": [1, 2, 3], "receiver_delete": [2, 3]}}, {"model": "chat.groupchat", "pk": 44, "fields": {"group": 4, "user": 1, "timestamp": "2021-12-30T07:09:52.540Z", "body": "New Video call is started! Join Now Link: https://stellar-ai.in/chat/video/", "is_delete": true, "is_media_present": false, "bucket": null, "user_read": [1, 2, 3], "receiver_delete": [2, 3]}}, {"model": "chat.groupchat", "pk": 45, "fields": {"group": 4, "user": 1, "timestamp": "2021-12-30T07:12:24.864Z", "body": "New Video call is started! Join Now Link: https://stellar-ai.in/chat/video/gAAAAABhzVvUkOXLrEGU5tyjg8N-oQ3ZpK0ZPO6_bvSGY-GlyeAq5Rpb__sGafronb1evGYdKb5NsfEOhhWu_9gAeNCmfmeySfI_vsFKMAUbf0rAN_Q-71M=", "is_delete": true, "is_media_present": false, "bucket": null, "user_read": [1, 2, 3], "receiver_delete": [2, 3]}}, {"model": "chat.groupchat", "pk": 46, "fields": {"group": 4, "user": 1, "timestamp": "2021-12-30T07:50:42.601Z", "body": "New Video call is started! Join Now Link: https://stellar-ai.in/chat/video/gAAAAABhzWTRgwqAZ-LvHmfRSlVij3Q3B1GFjub2y1wTf3PtU7SQHcxwJTvP_oqqLY9LoaSXoJWDdb6o6jqJd3DkAvDK6gEdglSP8AAgdESW37-F4jspCWk=", "is_delete": true, "is_media_present": false, "bucket": null, "user_read": [1, 2, 3], "receiver_delete": [2, 3]}}, {"model": "chat.groupchat", "pk": 47, "fields": {"group": 4, "user": 1, "timestamp": "2021-12-30T07:51:03.737Z", "body": "New Video call is started! Join Now Link: https://stellar-ai.in/chat/video/gAAAAABhzWTmaQbax0XMwGEH98flgTh27xE6UVPnmxZ7IuQOHSK98WseGkNNq0GtYXBtF3YmjAxl3BSkyLZnIPk9q2B6m6eP9aeeLk2lhyyuiS2mB5oKYc4=", "is_delete": true, "is_media_present": false, "bucket": null, "user_read": [1, 2, 3], "receiver_delete": [2, 3]}}, {"model": "chat.groupchat", "pk": 48, "fields": {"group": 4, "user": 1, "timestamp": "2021-12-30T07:52:15.671Z", "body": "New Video call is started! Join Now Link: https://stellar-ai.in/chat/video/", "is_delete": true, "is_media_present": false, "bucket": null, "user_read": [1, 2, 3], "receiver_delete": [2, 3]}}, {"model": "chat.groupchat", "pk": 49, "fields": {"group": 4, "user": 1, "timestamp": "2021-12-30T07:53:11.571Z", "body": "New Video call is started! Join Now Link: https://stellar-ai.in/chat/video/", "is_delete": true, "is_media_present": false, "bucket": null, "user_read": [1, 2, 3], "receiver_delete": [2, 3]}}, {"model": "chat.groupchat", "pk": 50, "fields": {"group": 4, "user": 1, "timestamp": "2021-12-30T07:53:15.011Z", "body": "New Video call is started! Join Now Link: https://stellar-ai.in/chat/video/", "is_delete": true, "is_media_present": false, "bucket": null, "user_read": [1, 2, 3], "receiver_delete": [2, 3]}}, {"model": "chat.groupchat", "pk": 51, "fields": {"group": 4, "user": 1, "timestamp": "2021-12-30T07:53:36.302Z", "body": "New Video call is started! Join Now Link: https://stellar-ai.in/chat/video/", "is_delete": true, "is_media_present": false, "bucket": null, "user_read": [1, 2, 3], "receiver_delete": [2, 3]}}, {"model": "chat.groupchat", "pk": 52, "fields": {"group": 4, "user": 1, "timestamp": "2021-12-30T07:54:08.747Z", "body": "New Video call is started! Join Now Link: https://stellar-ai.in/chat/video/", "is_delete": true, "is_media_present": false, "bucket": null, "user_read": [1, 2, 3], "receiver_delete": [2, 3]}}, {"model": "chat.groupchat", "pk": 53, "fields": {"group": 4, "user": 1, "timestamp": "2021-12-30T13:01:39.564Z", "body": "New Video call is started! Join Now Link: https://stellar-ai.in/chat/video/gAAAAABhzVpWdFRUPpSsqQGRraiPr3kbkhRQE4Hi6Ijsm4pBks5cQLkkimbEeJd1I1Lcm45T_6ARLrMhRFxGP6WlywiScZ1WIkijygGoYGYCNNVEAvZWchY=", "is_delete": true, "is_media_present": false, "bucket": null, "user_read": [1, 2, 3], "receiver_delete": [2, 3]}}, {"model": "chat.groupchat", "pk": 54, "fields": {"group": 4, "user": 1, "timestamp": "2022-01-04T04:55:20.166Z", "body": "New Video call is started! Join Now Link: https://stellar-ai.in/chat/video/gAAAAABh09M1odfxOQU20Gj9nAGjGlEkWmbO9u_W_pcqGWBM6zJA2SZsWI1QY7KgASpfXAd4k5eqpfs9tzW-16OA79P7dEiz-zhi3Ww2grLGrIi31smi4Iw=", "is_delete": true, "is_media_present": false, "bucket": null, "user_read": [1, 2, 3], "receiver_delete": [2, 3]}}, {"model": "chat.groupchat", "pk": 55, "fields": {"group": 4, "user": 1, "timestamp": "2022-01-04T06:56:01.746Z", "body": "https://stellar-ai.in/chat/video/gAAAAABh09M1odfxOQU20Gj9nAGjGlEkWmbO9u_W_pcqGWBM6zJA2SZsWI1QY7KgASpfXAd4k5eqpfs9tzW-16OA79P7dEiz-zhi3Ww2grLGrIi31smi4Iw%3D/\n", "is_delete": true, "is_media_present": false, "bucket": null, "user_read": [1, 2, 3], "receiver_delete": [2, 3]}}, {"model": "chat.groupchat", "pk": 56, "fields": {"group": 4, "user": 1, "timestamp": "2022-01-04T06:56:07.440Z", "body": "New Video call is started! Join Now Link: https://stellar-ai.in/chat/video/", "is_delete": true, "is_media_present": false, "bucket": null, "user_read": [1, 2, 3], "receiver_delete": [2, 3]}}, {"model": "chat.groupchat", "pk": 57, "fields": {"group": 4, "user": 1, "timestamp": "2022-01-04T06:58:34.038Z", "body": "New Video call is started! Join Now Link: https://stellar-ai.in/chat/video/gAAAAABh0_AYtluNkeUNMp6D-g_m-MSOoku-jDLak9PQnub3LHKs2j4tflWu9-lwHWDslTleuss017DMvAcGVPp8rNiCTH1Vo-XxiX_VSeX2EFTrIuL6MqE=", "is_delete": true, "is_media_present": false, "bucket": null, "user_read": [1, 2, 3], "receiver_delete": [2, 3]}}, {"model": "chat.groupchat", "pk": 58, "fields": {"group": 4, "user": 1, "timestamp": "2022-01-04T07:00:39.187Z", "body": "New Video call is started! Join Now Link: https://stellar-ai.in/chat/video/gAAAAABh0_CWoxWC7oGskwW4VSfhgpZdxeJ_rfrr4DZ-NdP7pUuriS0uf16KArJ_5yNzRZsVXbBWC0M9ovDKh5O8fAd4P871ej35RCQIGJlO-iiWX2CtPX4=", "is_delete": true, "is_media_present": false, "bucket": null, "user_read": [1, 2, 3], "receiver_delete": [2, 3]}}, {"model": "chat.groupchat", "pk": 59, "fields": {"group": 4, "user": 1, "timestamp": "2022-01-04T07:03:33.830Z", "body": "New Video call is started! Join Now Link: https://stellar-ai.in/chat/video/gAAAAABh0_FEjEws0IQ7F0B2OIz1cPU1LH05pk8fjRh_JgWXV7_O1hUB6dkJurxOBkO1IRILPBbIlkYEs56LOHsP0f49EvBDnIPGrDcsvX3glKrhNJyC0u0=", "is_delete": true, "is_media_present": false, "bucket": null, "user_read": [1, 2, 3], "receiver_delete": [2, 3]}}, {"model": "chat.groupchat", "pk": 60, "fields": {"group": 4, "user": 1, "timestamp": "2022-01-04T07:08:55.802Z", "body": "New Video call is started! Join Now Link: https://stellar-ai.in/chat/video/gAAAAABh0_J7cxgwBbxMYOGV3lR_aAepchxaJ_FjJK3RtDCPsob2C9SPsSYBlFkvj7BInJuVWNo2G5uzUO8-A5d16mAYWZqMcdrnO6jdO6C8D5E8hdFFXsw=", "is_delete": true, "is_media_present": false, "bucket": null, "user_read": [1, 2, 3], "receiver_delete": [2, 3]}}, {"model": "chat.groupchat", "pk": 61, "fields": {"group": 4, "user": 1, "timestamp": "2022-01-04T07:10:28.613Z", "body": "New Video call is started! Join Now Link: https://stellar-ai.in/chat/video/gAAAAABh0_Lfue2lls1sWlF7yJFrlolOfQCGquMZ-v64xBePKiDF0O85102L_ShOp3YJKB5cjQAxQw0D3sAvMApGAW6bkELxDjfctJcLjQqNPfTcokBUAJM=", "is_delete": true, "is_media_present": false, "bucket": null, "user_read": [1, 2, 3], "receiver_delete": [2, 3]}}, {"model": "chat.groupchat", "pk": 62, "fields": {"group": 4, "user": 1, "timestamp": "2022-01-04T07:12:46.187Z", "body": "New Video call is started! Join Now Link: https://stellar-ai.in/chat/video/gAAAAABh0_Nsl61J-ZEqMA93Y5bCDAz4Y5vxIMFPfhEEyMdpmh5f4eP0XsHcuUEMIW7S3S0KQs1ydd2CMpiKtxlYDxK3zMSCUWIwvDGp5qROVL4HRYEslpY=", "is_delete": true, "is_media_present": false, "bucket": null, "user_read": [1, 2, 3], "receiver_delete": [2, 3]}}, {"model": "chat.groupchat", "pk": 63, "fields": {"group": 5, "user": 5, "timestamp": "2022-01-04T11:12:44.516Z", "body": "heyyy\n", "is_delete": false, "is_media_present": false, "bucket": null, "user_read": [5, 6], "receiver_delete": []}}, {"model": "chat.groupchat", "pk": 64, "fields": {"group": 5, "user": 5, "timestamp": "2022-01-04T11:12:50.472Z", "body": "heyyy\n", "is_delete": false, "is_media_present": false, "bucket": null, "user_read": [5, 6], "receiver_delete": []}}, {"model": "chat.groupchat", "pk": 65, "fields": {"group": 5, "user": 5, "timestamp": "2022-01-04T12:02:44.932Z", "body": "hi\n", "is_delete": false, "is_media_present": false, "bucket": null, "user_read": [5, 6], "receiver_delete": []}}, {"model": "chat.groupchat", "pk": 66, "fields": {"group": 5, "user": 6, "timestamp": "2022-01-04T12:03:21.133Z", "body": "hi\n", "is_delete": false, "is_media_present": false, "bucket": null, "user_read": [5, 6], "receiver_delete": []}}, {"model": "chat.groupchat", "pk": 67, "fields": {"group": 4, "user": 1, "timestamp": "2022-01-05T04:11:48.978Z", "body": "New Video call is started! Join Now Link: https://stellar-ai.in/chat/video/gAAAAABh1RqD4i1U8Wg6tqWfebwVjHfy0CyrxXHmM0O_8EMbvzE2FSb-r7z2OG8caZM8vDPvvDJa0zFnpXwsB9-thLY7j3pTxCsk3dbxA8vFkLqMh4YkKVo=", "is_delete": true, "is_media_present": false, "bucket": null, "user_read": [1, 2, 3], "receiver_delete": [2, 3]}}, {"model": "chat.groupchat", "pk": 68, "fields": {"group": 4, "user": 1, "timestamp": "2022-01-05T04:30:23.689Z", "body": "New Video call is started! Join Now Link: https://stellar-ai.in/chat/video/gAAAAABh1R7exTfCH5ZAEsVVErahqxXsVgBsQgZzLsc-U3ts7iKYFAnOGmgES7zlvQMIlNSMQ5WowrhC8S7lWq8pBjlXWxgqaCutng9AVTK5uFb4G4IXDTk=", "is_delete": true, "is_media_present": false, "bucket": null, "user_read": [1, 2, 3], "receiver_delete": [2, 3]}}, {"model": "chat.groupchat", "pk": 69, "fields": {"group": 4, "user": 1, "timestamp": "2022-01-05T04:32:08.882Z", "body": "New Video call is started! Join Now Link: https://stellar-ai.in/chat/video/gAAAAABh1R9GZkA0HIl2ng1Vl7uX1LN_uNq2qH-FdwsdEzgIBLoX97ysK8blYzpV5d1qRpLn9IEvfDMIScisMWs1jmQ9NTeUXCGOedyMxeMXG3SL1d2g0lM=", "is_delete": true, "is_media_present": false, "bucket": null, "user_read": [1, 2, 3], "receiver_delete": [2, 3]}}, {"model": "chat.groupchat", "pk": 70, "fields": {"group": 4, "user": 1, "timestamp": "2022-01-05T08:57:17.978Z", "body": "New Video call is started! Join Now Link: https://stellar-ai.in/chat/video/gAAAAABh1V1rE-cjfxdmeX542LsofKt7VWEbEnpPbjT0Nic_4QU3CqFYPMZ5IPildO-QLA1HbsLAITDKUDEAS95ClXxcooRk3w3w_R70SHiQAOV0AzG5nKk=", "is_delete": true, "is_media_present": false, "bucket": null, "user_read": [1, 2, 3], "receiver_delete": [2, 3]}}, {"model": "chat.groupchat", "pk": 71, "fields": {"group": 4, "user": 1, "timestamp": "2022-01-05T09:05:30.851Z", "body": "New Video call is started! Join Now Link: https://stellar-ai.in/chat/video/gAAAAABh1V9Y2skiqnfn_q8-8AQDY7t2vI8xX_SxDpUpTBLvP6LpTk8arTMFdF9GM7BL8zsNTFrBJYdwi8-yIN8KPNjGfDEVrFzSaEuyoV610itRo6r1Tos=", "is_delete": true, "is_media_present": false, "bucket": null, "user_read": [1, 2, 3], "receiver_delete": [2, 3]}}, {"model": "chat.groupchat", "pk": 72, "fields": {"group": 4, "user": 1, "timestamp": "2022-01-05T09:08:09.918Z", "body": "New Video call is started! Join Now Link: https://stellar-ai.in/chat/video/gAAAAABh1V_4mzONc1mh2sdI6mevl5mDz382xFzpz__Mk7apPbV3HC5mx4KmE3MCfH7jDbR-SvtRWDO8xfgdcgo3FeoPWUrSzveOodPdD1HKb1uPlGrTzOI=", "is_delete": true, "is_media_present": false, "bucket": null, "user_read": [1, 2, 3], "receiver_delete": [2, 3]}}, {"model": "chat.groupchat", "pk": 73, "fields": {"group": 4, "user": 1, "timestamp": "2022-01-05T09:11:00.972Z", "body": "New Video call is started! Join Now Link: https://stellar-ai.in/chat/video/gAAAAABh1V_4mzONc1mh2sdI6mevl5mDz382xFzpz__Mk7apPbV3HC5mx4KmE3MCfH7jDbR-SvtRWDO8xfgdcgo3FeoPWUrSzveOodPdD1HKb1uPlGrTzOI=", "is_delete": true, "is_media_present": false, "bucket": null, "user_read": [1, 2, 3], "receiver_delete": [2, 3]}}, {"model": "chat.groupchat", "pk": 74, "fields": {"group": 4, "user": 1, "timestamp": "2022-01-05T09:11:19.164Z", "body": "New Video call is started! Join Now Link: https://stellar-ai.in/chat/video/gAAAAABh1WC1XpqD_j4o6Mt7dvWdXcNGyb_8KYG1cQwc7F5ObmEKuF2KpCf_t8PVKAvygj6Mzjiw2FOVyj5g47aJeKsgmdnGjgHA4rL5eEWk6mURDywyZA4=", "is_delete": true, "is_media_present": false, "bucket": null, "user_read": [1, 2, 3], "receiver_delete": [2, 3]}}, {"model": "chat.groupchat", "pk": 75, "fields": {"group": 4, "user": 1, "timestamp": "2022-01-05T09:14:20.689Z", "body": "New Video call is started! Join Now Link: https://stellar-ai.in/chat/video/gAAAAABh1WFquHfhdkobB6tfYZOL1lphi_w0H0GiaVMcWsuWOlAGbPTqDkdJhfsmeOpZ85a5vII7ERMH1w8SRf24zoJl2QfgoyFu7ag-2z2zB2dPUyGSKgU=", "is_delete": true, "is_media_present": false, "bucket": null, "user_read": [1, 2, 3], "receiver_delete": [2, 3]}}, {"model": "chat.groupchat", "pk": 76, "fields": {"group": 4, "user": 1, "timestamp": "2022-01-05T09:16:25.956Z", "body": "New Video call is started! Join Now Link: https://stellar-ai.in/chat/video/gAAAAABh1WHn-SxQBdmEU-Jzbe9uSgJTq3CW1MX5sZy2CBEj4RVmKBp-f05wepjjbO9HvL9rjMOiwU_j1ROnEcZdz9bHmwbO-Kh1IRdUG1XY8MwzejGsYCQ=", "is_delete": true, "is_media_present": false, "bucket": null, "user_read": [1, 2, 3], "receiver_delete": [2, 3]}}, {"model": "chat.groupchat", "pk": 77, "fields": {"group": 4, "user": 1, "timestamp": "2022-01-05T09:17:45.086Z", "body": "New Video call is started! Join Now Link: https://stellar-ai.in/chat/video/", "is_delete": true, "is_media_present": false, "bucket": null, "user_read": [1, 2, 3], "receiver_delete": [2, 3]}}, {"model": "chat.groupchat", "pk": 78, "fields": {"group": 4, "user": 1, "timestamp": "2022-01-05T09:18:08.180Z", "body": "asdfasdf", "is_delete": true, "is_media_present": false, "bucket": null, "user_read": [1, 2, 3], "receiver_delete": [2, 3]}}, {"model": "chat.groupchat", "pk": 79, "fields": {"group": 4, "user": 3, "timestamp": "2022-01-05T09:19:42.966Z", "body": "Djd", "is_delete": true, "is_media_present": false, "bucket": null, "user_read": [1, 2, 3], "receiver_delete": [1, 2]}}, {"model": "chat.groupchat", "pk": 80, "fields": {"group": 4, "user": 1, "timestamp": "2022-01-05T09:20:22.316Z", "body": "New Video call is started! Join Now Link: https://stellar-ai.in/chat/video/gAAAAABh1WLUx64XNDlDziBPAPTzh1mOlsjf-bOeQETovL0x6bA7vDL6SVH-fnvxc0NciPUJepZF1bR3NzvqelA751mU4LrsRknqXtuw86UAVuhSHy-SqkE=", "is_delete": true, "is_media_present": false, "bucket": null, "user_read": [1, 2, 3], "receiver_delete": [2, 3]}}, {"model": "chat.groupchat", "pk": 81, "fields": {"group": 4, "user": 1, "timestamp": "2022-01-05T09:21:37.526Z", "body": "New Video call is started! Join Now Link: https://stellar-ai.in/chat/video/gAAAAABh1WMfQf3NsQBqTsdgSAiXaMcQMOE5DlVYqEZPEoXnGQCXgCrQAbr3lXcFsMO0ubOK2xZSDbnP30STa-IM_vkwpJnOHQfAgM_L3s1lTjZ2Ue8A3mU=", "is_delete": true, "is_media_present": false, "bucket": null, "user_read": [1, 2, 3], "receiver_delete": [2, 3]}}, {"model": "chat.groupchat", "pk": 82, "fields": {"group": 4, "user": 1, "timestamp": "2022-01-05T09:22:15.626Z", "body": "New Video call is started! Join Now Link: https://stellar-ai.in/chat/video/gAAAAABh1WNG8N2vHlDYXr6yv8pD3aa3kmUlctrS7qN1AKCFjgu4xAwqFy5OzDrqdFeVHXmBRgnUGxzpL5G4CHWgleqTupVJGLJE5xBHXn8KU5IOgnryKlA=", "is_delete": true, "is_media_present": false, "bucket": null, "user_read": [1, 2, 3], "receiver_delete": [2, 3]}}, {"model": "chat.groupchat", "pk": 83, "fields": {"group": 4, "user": 1, "timestamp": "2022-01-05T09:22:43.792Z", "body": "New Video call is started! Join Now Link: https://stellar-ai.in/chat/video/", "is_delete": true, "is_media_present": false, "bucket": null, "user_read": [1, 2, 3], "receiver_delete": [2, 3]}}, {"model": "chat.groupchat", "pk": 84, "fields": {"group": 4, "user": 1, "timestamp": "2022-01-06T04:39:11.968Z", "body": "New Video call is started! Join Now Link: https://stellar-ai.in/chat/video/gAAAAABh1nJtwqQb9jZUYM1Y6c-sxJo8SFtE2CtBysPVPkrTAUd5y_EonIRUAIMDp2w3Esmp6KmCPZSwX8t2RyiCDx8oziJGTwxQRWzjyOW4esKblqcS1h0=", "is_delete": true, "is_media_present": false, "bucket": null, "user_read": [1, 2, 3], "receiver_delete": [2, 3]}}, {"model": "chat.groupchat", "pk": 85, "fields": {"group": 4, "user": 1, "timestamp": "2022-01-06T04:43:39.713Z", "body": "New Video call is started! Join Now Link: https://stellar-ai.in/chat/video/gAAAAABh1nN5-FR-Y78-Z4iDxuwVgp8i0GedQrY6GiDXbxy8pxdXyZonnOXmlcUkr_YCIOMpqCQ45fOffu5e6aDM8Qt5jJyLyFdvHWFc9kVdsByQFaI_00Y=", "is_delete": true, "is_media_present": false, "bucket": null, "user_read": [1, 2, 3], "receiver_delete": [2, 3]}}, {"model": "chat.groupchat", "pk": 86, "fields": {"group": 4, "user": 1, "timestamp": "2022-01-06T05:57:28.114Z", "body": "New Video call is started! Join Now Link: https://stellar-ai.in/chat/video/gAAAAABh1oTG0h7-7lPsXrBLkzWsk5G3ueIs8WMPmNZobAqVKSm5aYOafDBPypq0fQEXz5ZzekA_cRs06NTGOGF7odx06G1i1x0D8apfEL2oN1b2YBZ3YQ4=", "is_delete": true, "is_media_present": false, "bucket": null, "user_read": [1, 2, 3], "receiver_delete": [2, 3]}}, {"model": "chat.groupchat", "pk": 87, "fields": {"group": 4, "user": 1, "timestamp": "2022-01-06T06:00:50.848Z", "body": "New Video call is started! Join Now Link: https://stellar-ai.in/chat/video/gAAAAABh1oWRg15OFSuKZSwR9ru-wyYKPlybS9DUG0VIIeWin7sdeIWEpQ5Dh91M4y9AMCEmtCrFfkucMDPGPDQ30OviOdatfoE4YeMPSbXhCW23wHOxm3Y=", "is_delete": true, "is_media_present": false, "bucket": null, "user_read": [1, 2, 3], "receiver_delete": [2, 3]}}, {"model": "chat.groupchat", "pk": 88, "fields": {"group": 4, "user": 1, "timestamp": "2022-01-06T06:04:28.507Z", "body": "New Video call is started! Join Now Link: https://stellar-ai.in/chat/video/gAAAAABh1oZqA6pUUdPd2wDLXWQTB3zZmjQzUNntu56ZVHHy5852_eDYJU8120gob4NyonWIwVzKM9OOGBnvUzSf8CQh8yaoQD8K-KSaqyidgf99uVSAUk0=", "is_delete": true, "is_media_present": false, "bucket": null, "user_read": [1, 2, 3], "receiver_delete": [2, 3]}}, {"model": "chat.groupchat", "pk": 89, "fields": {"group": 4, "user": 1, "timestamp": "2022-01-06T06:48:40.343Z", "body": "New Video call is started! Join Now Link: https://stellar-ai.in/chat/video/gAAAAABh1pDG_0178FsHxBEUqe6FhtknSDgwXk26ZxjGc7xVd5mz7imLSR-NtFtcPs0HU7hNWRAK8iJ2zxnhq9gf7WKz7_RBK0hQwOp4hmgbpEJDeAGCUsk=", "is_delete": true, "is_media_present": false, "bucket": null, "user_read": [1, 2, 3], "receiver_delete": [2, 3]}}, {"model": "chat.groupchat", "pk": 90, "fields": {"group": 4, "user": 1, "timestamp": "2022-01-06T06:50:19.155Z", "body": "New Video call is started! Join Now Link: https://stellar-ai.in/chat/video/gAAAAABh1pEpL3nElrgMr7P3oFoiyXjwlMbFD27dG_IhSbaguYSV0lXlv9kSq4Xo0mO8e0Hw5z9iQLFQrWJsG0hnA8kJE2Dgqjphx7vvQFB1Tb6ZlHBvhY0=", "is_delete": true, "is_media_present": false, "bucket": null, "user_read": [1, 2, 3], "receiver_delete": [2, 3]}}, {"model": "chat.groupchat", "pk": 91, "fields": {"group": 4, "user": 1, "timestamp": "2022-01-06T06:50:49.475Z", "body": "New Video call is started! Join Now Link: https://stellar-ai.in/chat/video/gAAAAABh1pFINls1KQ1umTaeyE1ELcDHwEE8JLOi1bc1iparOavg1mGYYc9odwD8TaVKOUvZHB3fpSwa2vdWga9zOgW3hh9Guu0fnNABHgSms0RlHwHm2QE=", "is_delete": true, "is_media_present": false, "bucket": null, "user_read": [1, 2, 3], "receiver_delete": [2, 3]}}, {"model": "chat.groupchat", "pk": 92, "fields": {"group": 4, "user": 1, "timestamp": "2022-01-06T06:52:09.790Z", "body": "New Video call is started! Join Now Link: https://stellar-ai.in/chat/video/gAAAAABh1pGX3BzCpkK40ZS4qLOxgz1N2_psyFSU6ErA-KEi4sCMPO3cA8h0CyXwJU8bFgQ76DpHjnWpp1USlU0L_7CrB1bCarLSOv_XM615yV9hi63HCfw=", "is_delete": true, "is_media_present": false, "bucket": null, "user_read": [1, 2, 3], "receiver_delete": [2, 3]}}, {"model": "chat.groupchat", "pk": 93, "fields": {"group": 4, "user": 1, "timestamp": "2022-01-06T11:34:14.032Z", "body": "https://stellar-ai.in/user/profile/4/", "is_delete": true, "is_media_present": false, "bucket": null, "user_read": [1, 2, 3], "receiver_delete": [2, 3]}}, {"model": "chat.groupchat", "pk": 94, "fields": {"group": 4, "user": 1, "timestamp": "2022-01-06T13:26:41.428Z", "body": "New Video call is started! Join Now Link: https://stellar-ai.in/chat/video/gAAAAABh1u4O6QZCdTmUJL4zEpaEm2H6808iWGFDHHYT6G0UkyR45lVeJPM9SHHbeamyVGbE4u2CJleTm3QhJRL81s5jRz3FAyJLibmx32IPMeIy0cNmw3o=", "is_delete": true, "is_media_present": false, "bucket": null, "user_read": [1, 2, 3], "receiver_delete": [2, 3]}}, {"model": "chat.groupchat", "pk": 95, "fields": {"group": 4, "user": 1, "timestamp": "2022-01-06T13:27:39.394Z", "body": "New Video call is started! Join Now Link: https://stellar-ai.in/chat/video/gAAAAABh1u5JTSiKW9BrMToZ8JOHmzB0Krx-Y1LjehPUxa99ntj1TQICQMEC94sN-PYfO7H-5p2YQAxG1Ol--AVSsjZC6dcBZvhwILL69fMezKRF12I8mCo=", "is_delete": true, "is_media_present": false, "bucket": null, "user_read": [1, 2, 3], "receiver_delete": [2, 3]}}, {"model": "chat.groupchat", "pk": 96, "fields": {"group": 4, "user": 1, "timestamp": "2022-01-06T13:34:32.587Z", "body": "New Video call is started! Join Now Link: https://stellar-ai.in/chat/video/", "is_delete": true, "is_media_present": false, "bucket": null, "user_read": [1, 2, 3], "receiver_delete": [2, 3]}}, {"model": "chat.groupchat", "pk": 97, "fields": {"group": 4, "user": 1, "timestamp": "2022-01-06T13:35:52.560Z", "body": "New Video call is started! Join Now Link: https://stellar-ai.in/chat/video/gAAAAABh1vAyTMZCDFPYZCYBmHJRRHbSljCsTu8gsZCPPkDbgckFA6JAPb5hf8Jw0ajfNbCCrnC6dr9hHM2otiitrGg4GZqqy_CAyTXkQXkh6xsVdAjW7f4=", "is_delete": true, "is_media_present": false, "bucket": null, "user_read": [1, 2, 3], "receiver_delete": [2, 3]}}, {"model": "chat.groupchat", "pk": 98, "fields": {"group": 4, "user": 1, "timestamp": "2022-01-06T13:47:26.950Z", "body": "New Video call is started! Join Now Link: https://stellar-ai.in/chat/video/gAAAAABh1vAyTMZCDFPYZCYBmHJRRHbSljCsTu8gsZCPPkDbgckFA6JAPb5hf8Jw0ajfNbCCrnC6dr9hHM2otiitrGg4GZqqy_CAyTXkQXkh6xsVdAjW7f4=", "is_delete": true, "is_media_present": false, "bucket": null, "user_read": [1, 2, 3], "receiver_delete": [2, 3]}}, {"model": "chat.groupchat", "pk": 99, "fields": {"group": 4, "user": 1, "timestamp": "2022-01-06T13:49:44.141Z", "body": "New Video call is started! Join Now Link: https://stellar-ai.in/chat/video/", "is_delete": true, "is_media_present": false, "bucket": null, "user_read": [1, 2, 3], "receiver_delete": [2, 3]}}, {"model": "chat.groupchat", "pk": 100, "fields": {"group": 4, "user": 1, "timestamp": "2022-01-06T13:50:00.232Z", "body": "New Video call is started! Join Now Link: https://stellar-ai.in/chat/video/gAAAAABh1vOHSEY-1d9MDTknwpzc-BzaFx8zUok2wdTJLMVaGbP_4FpWz3yd0_z3sLlb1nqY6AC7UGtdSH8mPOqYn9-51IZHbydyS-zQcfle-424Do2pJJk=", "is_delete": true, "is_media_present": false, "bucket": null, "user_read": [1, 2, 3], "receiver_delete": [2, 3]}}, {"model": "chat.groupchat", "pk": 101, "fields": {"group": 4, "user": 1, "timestamp": "2022-01-06T13:51:06.042Z", "body": "New Video call is started! Join Now Link: https://stellar-ai.in/chat/video/", "is_delete": true, "is_media_present": false, "bucket": null, "user_read": [1, 2, 3], "receiver_delete": [2, 3]}}, {"model": "chat.groupchat", "pk": 102, "fields": {"group": 4, "user": 1, "timestamp": "2022-01-06T13:53:54.572Z", "body": "New Video call is started! Join Now Link: https://stellar-ai.in/chat/video/", "is_delete": true, "is_media_present": false, "bucket": null, "user_read": [1, 2, 3], "receiver_delete": [2, 3]}}, {"model": "chat.groupchat", "pk": 103, "fields": {"group": 4, "user": 1, "timestamp": "2022-01-06T13:54:15.469Z", "body": "New Video call is started! Join Now Link: https://stellar-ai.in/chat/video/", "is_delete": true, "is_media_present": false, "bucket": null, "user_read": [1, 2, 3], "receiver_delete": [2, 3]}}, {"model": "chat.groupchat", "pk": 104, "fields": {"group": 4, "user": 1, "timestamp": "2022-01-06T13:56:30.585Z", "body": "New Video call is started! Join Now Link: https://stellar-ai.in/chat/video/", "is_delete": true, "is_media_present": false, "bucket": null, "user_read": [1, 2, 3], "receiver_delete": [2, 3]}}, {"model": "chat.groupchat", "pk": 105, "fields": {"group": 4, "user": 1, "timestamp": "2022-01-06T13:58:32.855Z", "body": "New Video call is started! Join Now Link: https://stellar-ai.in/chat/video/", "is_delete": true, "is_media_present": false, "bucket": null, "user_read": [1, 2, 3], "receiver_delete": [2, 3]}}, {"model": "chat.groupchat", "pk": 106, "fields": {"group": 4, "user": 1, "timestamp": "2022-01-06T13:58:39.612Z", "body": "New Video call is started! Join Now Link: https://stellar-ai.in/chat/video/", "is_delete": true, "is_media_present": false, "bucket": null, "user_read": [1, 2, 3], "receiver_delete": [2, 3]}}, {"model": "chat.groupchat", "pk": 107, "fields": {"group": 4, "user": 1, "timestamp": "2022-01-06T13:59:20.784Z", "body": "New Video call is started! Join Now Link: https://stellar-ai.in/chat/video/gAAAAABh1vW2diceh5x8oaVpKB8BMHzizvJx-JjECiEIgABsnFCLOW9tmfPoPGuSdHwKYGNNt43htv0xJyBxOdiLqSNwMbbVlAIMMSNzl2eoR12Br0dMK-c=", "is_delete": true, "is_media_present": false, "bucket": null, "user_read": [1, 2, 3], "receiver_delete": [2, 3]}}, {"model": "chat.groupchat", "pk": 108, "fields": {"group": 4, "user": 1, "timestamp": "2022-01-06T13:59:47.554Z", "body": "New Video call is started! Join Now Link: https://stellar-ai.in/chat/video/", "is_delete": true, "is_media_present": false, "bucket": null, "user_read": [1, 2, 3], "receiver_delete": [2, 3]}}, {"model": "chat.groupchat", "pk": 109, "fields": {"group": 4, "user": 1, "timestamp": "2022-01-06T14:01:06.478Z", "body": "New Video call is started! Join Now Link: https://stellar-ai.in/chat/video/", "is_delete": true, "is_media_present": false, "bucket": null, "user_read": [1, 2, 3], "receiver_delete": [2, 3]}}, {"model": "chat.groupchat", "pk": 110, "fields": {"group": 4, "user": 1, "timestamp": "2022-01-06T14:08:12.476Z", "body": "link nahi ayoo \n", "is_delete": true, "is_media_present": false, "bucket": null, "user_read": [1, 2, 3], "receiver_delete": [2, 3]}}, {"model": "chat.groupchat", "pk": 111, "fields": {"group": 4, "user": 1, "timestamp": "2022-01-06T14:08:16.130Z", "body": "ayii \n", "is_delete": true, "is_media_present": false, "bucket": null, "user_read": [1, 2, 3], "receiver_delete": [2, 3]}}, {"model": "chat.groupchat", "pk": 112, "fields": {"group": 4, "user": 1, "timestamp": "2022-01-06T14:08:17.600Z", "body": "teroo \n", "is_delete": true, "is_media_present": false, "bucket": null, "user_read": [1, 2, 3], "receiver_delete": [2, 3]}}, {"model": "chat.groupchat", "pk": 113, "fields": {"group": 4, "user": 1, "timestamp": "2022-01-06T14:08:19.766Z", "body": "terii\n ", "is_delete": true, "is_media_present": false, "bucket": null, "user_read": [1, 2, 3], "receiver_delete": [2, 3]}}, {"model": "chat.groupchat", "pk": 114, "fields": {"group": 4, "user": 1, "timestamp": "2022-01-06T14:08:33.229Z", "body": "link nahi ayii \n", "is_delete": true, "is_media_present": false, "bucket": null, "user_read": [1, 2, 3], "receiver_delete": [2, 3]}}, {"model": "chat.groupchat", "pk": 115, "fields": {"group": 4, "user": 2, "timestamp": "2022-01-06T14:08:35.692Z", "body": "Wait", "is_delete": true, "is_media_present": false, "bucket": null, "user_read": [1, 2, 3], "receiver_delete": [1, 3]}}, {"model": "chat.groupchat", "pk": 116, "fields": {"group": 4, "user": 1, "timestamp": "2022-01-06T14:08:43.349Z", "body": "galtii se delete all huwa \n", "is_delete": true, "is_media_present": false, "bucket": null, "user_read": [1, 2, 3], "receiver_delete": [2, 3]}}, {"model": "chat.groupchat", "pk": 117, "fields": {"group": 4, "user": 2, "timestamp": "2022-01-06T14:08:47.388Z", "body": "Phirse new banata", "is_delete": true, "is_media_present": false, "bucket": null, "user_read": [1, 2, 3], "receiver_delete": [1, 3]}}, {"model": "chat.groupchat", "pk": 118, "fields": {"group": 4, "user": 1, "timestamp": "2022-01-06T14:08:48.718Z", "body": "tha\n", "is_delete": true, "is_media_present": false, "bucket": null, "user_read": [1, 2, 3], "receiver_delete": [2, 3]}}, {"model": "chat.groupchat", "pk": 119, "fields": {"group": 4, "user": 1, "timestamp": "2022-01-06T14:08:52.658Z", "body": "ha bana \n", "is_delete": true, "is_media_present": false, "bucket": null, "user_read": [1, 2, 3], "receiver_delete": [2, 3]}}, {"model": "chat.groupchat", "pk": 120, "fields": {"group": 4, "user": 1, "timestamp": "2022-01-06T14:09:28.823Z", "body": "i think \n", "is_delete": true, "is_media_present": false, "bucket": null, "user_read": [1, 2, 3], "receiver_delete": [2, 3]}}, {"model": "chat.groupchat", "pk": 121, "fields": {"group": 4, "user": 1, "timestamp": "2022-01-06T14:09:36.237Z", "body": "only admin can start a video call \n", "is_delete": true, "is_media_present": false, "bucket": null, "user_read": [1, 2, 3], "receiver_delete": [2, 3]}}, {"model": "chat.groupchat", "pk": 122, "fields": {"group": 4, "user": 1, "timestamp": "2022-01-06T14:09:43.336Z", "body": "wait mai link bata ta \n", "is_delete": true, "is_media_present": false, "bucket": null, "user_read": [1, 2, 3], "receiver_delete": [2, 3]}}, {"model": "chat.groupchat", "pk": 123, "fields": {"group": 4, "user": 1, "timestamp": "2022-01-06T14:09:48.344Z", "body": "bhai link nhi aayi\n", "is_delete": true, "is_media_present": false, "bucket": null, "user_read": [1, 2, 3], "receiver_delete": [2, 3]}}, {"model": "chat.groupchat", "pk": 124, "fields": {"group": 4, "user": 1, "timestamp": "2022-01-06T14:09:49.776Z", "body": "New Video call is started! Join Now Link: https://stellar-ai.in/chat/video/gAAAAABh1vgsNlzUy50Mwd1xAo_-2Oi-muqtsG3uoFlFHldAFk0Bv2tKBqbn3dTs19Q18PlIJOErOsUGPKQT1pFEo6WhMaIMEUFpm4QOhKC1AwaM06MTB0A=", "is_delete": true, "is_media_present": false, "bucket": null, "user_read": [1, 2, 3], "receiver_delete": [2, 3]}}, {"model": "chat.groupchat", "pk": 125, "fields": {"group": 4, "user": 1, "timestamp": "2022-01-06T14:10:14.386Z", "body": "New Video call is started! Join Now Link: https://stellar-ai.in/chat/video/", "is_delete": true, "is_media_present": false, "bucket": null, "user_read": [1, 2, 3], "receiver_delete": [2, 3]}}, {"model": "chat.groupchat", "pk": 126, "fields": {"group": 4, "user": 1, "timestamp": "2022-01-06T14:10:40.509Z", "body": "tu aya tha \n", "is_delete": true, "is_media_present": false, "bucket": null, "user_read": [1, 2, 3], "receiver_delete": [2, 3]}}, {"model": "chat.groupchat", "pk": 127, "fields": {"group": 4, "user": 1, "timestamp": "2022-01-06T14:10:44.935Z", "body": "fir nikal gaya \n", "is_delete": true, "is_media_present": false, "bucket": null, "user_read": [1, 2, 3], "receiver_delete": [2, 3]}}, {"model": "chat.groupchat", "pk": 128, "fields": {"group": 4, "user": 1, "timestamp": "2022-01-06T14:10:47.716Z", "body": "call se \n", "is_delete": true, "is_media_present": false, "bucket": null, "user_read": [1, 2, 3], "receiver_delete": [2, 3]}}, {"model": "chat.groupchat", "pk": 129, "fields": {"group": 4, "user": 1, "timestamp": "2022-01-06T14:10:49.875Z", "body": "huu abhi bh9i\n", "is_delete": true, "is_media_present": false, "bucket": null, "user_read": [1, 2, 3], "receiver_delete": [2, 3]}}, {"model": "chat.groupchat", "pk": 130, "fields": {"group": 4, "user": 2, "timestamp": "2022-01-06T14:11:09.180Z", "body": "Hu ein", "is_delete": true, "is_media_present": false, "bucket": null, "user_read": [1, 2, 3], "receiver_delete": [1, 3]}}, {"model": "chat.groupchat", "pk": 131, "fields": {"group": 4, "user": 1, "timestamp": "2022-01-06T14:11:13.081Z", "body": "abee \n", "is_delete": true, "is_media_present": false, "bucket": null, "user_read": [1, 2, 3], "receiver_delete": [2, 3]}}, {"model": "chat.groupchat", "pk": 132, "fields": {"group": 4, "user": 1, "timestamp": "2022-01-06T14:11:18.582Z", "body": "\nrahull wale account se kar\n", "is_delete": true, "is_media_present": false, "bucket": null, "user_read": [1, 2, 3], "receiver_delete": [2, 3]}}, {"model": "chat.groupchat", "pk": 133, "fields": {"group": 4, "user": 1, "timestamp": "2022-01-06T14:11:24.155Z", "body": "sg wale se mat kar \n", "is_delete": true, "is_media_present": false, "bucket": null, "user_read": [1, 2, 3], "receiver_delete": [2, 3]}}, {"model": "chat.groupchat", "pk": 134, "fields": {"group": 4, "user": 2, "timestamp": "2022-01-06T14:11:29.540Z", "body": "Usse me hi hu", "is_delete": true, "is_media_present": false, "bucket": null, "user_read": [1, 2, 3], "receiver_delete": [1, 3]}}, {"model": "chat.groupchat", "pk": 135, "fields": {"group": 4, "user": 1, "timestamp": "2022-01-06T14:11:50.077Z", "body": "New Video call is started! Join Now Link: https://stellar-ai.in/chat/video/gAAAAABh1vijiqO9wLAWnfklIFVFjf5iPa2MmdDzP6zK_30vHPt3h3paXHm3ZWlZRLu64xSx8AQLt24YeaP-sVZcric8ZxS7nszGyr24x2a8MRKGqa4d4J0=", "is_delete": true, "is_media_present": false, "bucket": null, "user_read": [1, 2, 3], "receiver_delete": [2, 3]}}, {"model": "chat.groupchat", "pk": 136, "fields": {"group": 4, "user": 1, "timestamp": "2022-01-06T14:11:53.826Z", "body": "yehkar join \n", "is_delete": true, "is_media_present": false, "bucket": null, "user_read": [1, 2, 3], "receiver_delete": [2, 3]}}, {"model": "chat.groupchat", "pk": 137, "fields": {"group": 4, "user": 1, "timestamp": "2022-01-06T14:15:08.717Z", "body": "New Video call is started! Join Now Link: https://stellar-ai.in/chat/video/gAAAAABh1vijiqO9wLAWnfklIFVFjf5iPa2MmdDzP6zK_30vHPt3h3paXHm3ZWlZRLu64xSx8AQLt24YeaP-sVZcric8ZxS7nszGyr24x2a8MRKGqa4d4J0=", "is_delete": true, "is_media_present": false, "bucket": null, "user_read": [1, 2, 3], "receiver_delete": [2, 3]}}, {"model": "chat.groupchat", "pk": 138, "fields": {"group": 4, "user": 1, "timestamp": "2022-01-06T14:15:23.887Z", "body": "New Video call is started! Join Now Link: https://stellar-ai.in/chat/video/gAAAAABh1vl5Q9C_yI6psV04QKK5YKFGy0828_vN5Zi0iZ4yRhK-5ZcOrijyyOZqUWNB_OCiYIdxLOmY-wzBtayPByprL6YPzxBCAlQ3-r3QZoGSlYlQlhg=", "is_delete": true, "is_media_present": false, "bucket": null, "user_read": [1, 2, 3], "receiver_delete": [2, 3]}}, {"model": "chat.groupchat", "pk": 139, "fields": {"group": 4, "user": 1, "timestamp": "2022-01-06T14:16:05.486Z", "body": "New Video call is started! Join Now Link: https://stellar-ai.in/chat/video/gAAAAABh1vmjpUtOH-P1zdJcnURS9jkjC4CC4kLh35VcwGCpa_sA3aaogQRRHhz2mvK5PDBc9CwE8slEmzDkxnOsxqNZgUo_S227YG28OZaZDYykl4GWpZ0=", "is_delete": true, "is_media_present": false, "bucket": null, "user_read": [1, 2, 3], "receiver_delete": [2, 3]}}, {"model": "chat.groupchat", "pk": 140, "fields": {"group": 4, "user": 1, "timestamp": "2022-01-06T14:17:42.552Z", "body": "New Video call is started! Join Now Link: https://stellar-ai.in/chat/video/gAAAAABh1vmjpUtOH-P1zdJcnURS9jkjC4CC4kLh35VcwGCpa_sA3aaogQRRHhz2mvK5PDBc9CwE8slEmzDkxnOsxqNZgUo_S227YG28OZaZDYykl4GWpZ0=", "is_delete": true, "is_media_present": false, "bucket": null, "user_read": [1, 2, 3], "receiver_delete": [2, 3]}}, {"model": "chat.groupchat", "pk": 141, "fields": {"group": 4, "user": 1, "timestamp": "2022-01-06T14:19:02.638Z", "body": "New Video call is started! Join Now Link: https://stellar-ai.in/chat/video/gAAAAABh1vpTVxKRlR5g8CGq2XluDnHhQnLS_QBvfd8REawvC0gpZADbYuNw20HAfHQLdDuyQISTyB1WownIqXRthz7jlo7TrlRMMG-cBQ0c9r9euyl9JQk=", "is_delete": true, "is_media_present": false, "bucket": null, "user_read": [1, 2, 3], "receiver_delete": [2, 3]}}, {"model": "chat.groupchat", "pk": 142, "fields": {"group": 4, "user": 1, "timestamp": "2022-01-06T14:21:18.711Z", "body": "New Video call is started! Join Now Link: https://stellar-ai.in/chat/video/gAAAAABh1vrbJBz804MqyRL6Fg3-E5SmRa2fisv_-1ALVnrW0DsyDLkS0kpjh1x5bZ77UUVOuLkjHB9bqj8tYUHrKfd2HGD2r3doViWShJmZ99OLj6PUjiM=", "is_delete": true, "is_media_present": false, "bucket": null, "user_read": [1, 2, 3], "receiver_delete": [2, 3]}}, {"model": "chat.groupchat", "pk": 143, "fields": {"group": 4, "user": 1, "timestamp": "2022-01-06T14:23:05.998Z", "body": "New Video call is started! Join Now Link: https://stellar-ai.in/chat/video/", "is_delete": true, "is_media_present": false, "bucket": null, "user_read": [1, 2, 3], "receiver_delete": [2, 3]}}, {"model": "chat.groupchat", "pk": 144, "fields": {"group": 4, "user": 1, "timestamp": "2022-01-06T14:24:08.581Z", "body": "New Video call is started! Join Now Link: https://stellar-ai.in/chat/video/", "is_delete": true, "is_media_present": false, "bucket": null, "user_read": [1, 2, 3], "receiver_delete": [2, 3]}}, {"model": "chat.groupchat", "pk": 145, "fields": {"group": 4, "user": 1, "timestamp": "2022-01-06T14:25:08.856Z", "body": "New Video call is started! Join Now Link: https://stellar-ai.in/chat/video/", "is_delete": true, "is_media_present": false, "bucket": null, "user_read": [1, 2, 3], "receiver_delete": [2, 3]}}, {"model": "chat.groupchat", "pk": 146, "fields": {"group": 4, "user": 1, "timestamp": "2022-01-06T14:25:34.374Z", "body": "New Video call is started! Join Now Link: https://stellar-ai.in/chat/video/", "is_delete": true, "is_media_present": false, "bucket": null, "user_read": [1, 2, 3], "receiver_delete": [2, 3]}}, {"model": "chat.groupchat", "pk": 147, "fields": {"group": 4, "user": 1, "timestamp": "2022-01-06T14:45:41.534Z", "body": "New Video call is started! Join Now Link: https://stellar-ai.in/chat/video/", "is_delete": true, "is_media_present": false, "bucket": null, "user_read": [1, 2, 3], "receiver_delete": [2, 3]}}, {"model": "chat.groupchat", "pk": 148, "fields": {"group": 4, "user": 1, "timestamp": "2022-01-07T07:54:51.659Z", "body": "New Video call is started! Join Now Link: https://stellar-ai.in/chat/video/gAAAAABh1_HJlsxMouCpgAtBCqU0wKtTz0T2s7W8BJMXFThhek8LfF7630-7WgOwk0D8HSyUM0rRY-sGptxsrwmV3ov1DZPN0WXtIqiUpzIh8o5NpH3bItg=", "is_delete": true, "is_media_present": false, "bucket": null, "user_read": [1, 2, 3], "receiver_delete": [2, 3]}}, {"model": "chat.groupchat", "pk": 149, "fields": {"group": 4, "user": 1, "timestamp": "2022-01-07T08:00:39.889Z", "body": "New Video call is started! Join Now Link: https://stellar-ai.in/chat/video/gAAAAABh1_MlpWhaKO3W_AStD8sRYdHYUPWtrf11egdegr40pcjLc5VAmzIXT1yhEo1n9WA9Y-8wML9rX3kBuJNmHArKZZbUW_5iqkM8ja0fLGI0-BUQbfs=", "is_delete": true, "is_media_present": false, "bucket": null, "user_read": [1, 2, 3], "receiver_delete": [2, 3]}}, {"model": "chat.groupchat", "pk": 150, "fields": {"group": 4, "user": 1, "timestamp": "2022-01-07T08:07:31.868Z", "body": "New Video call is started! Join Now Link: https://stellar-ai.in/chat/video/gAAAAABh1_TCx3TujD1vGv-Q6daxDMB3b1uXi4kaoqC22d47SDlHWFyTVIo0QCbjUpTO2ZZALFKRFHJhk3d3RKvTs4oahCan6oeme-WV-unu2HeHYkqvLdk=", "is_delete": true, "is_media_present": false, "bucket": null, "user_read": [1, 2, 3], "receiver_delete": [2, 3]}}, {"model": "chat.groupchat", "pk": 151, "fields": {"group": 4, "user": 1, "timestamp": "2022-01-07T08:12:09.444Z", "body": "New Video call is started! Join Now Link: https://stellar-ai.in/chat/video/gAAAAABh1_XXFHt9GzcVQ5OjhS53_-SGZImMC8cXYvDPI2CaBGHb_FsA2G7nLCCreCN6iWD3FcLNQx-6-KDmy17UNwI0VwkNaTc9Yu9jB19f2Sdmew6Kobo=", "is_delete": true, "is_media_present": false, "bucket": null, "user_read": [1, 2, 3], "receiver_delete": [2, 3]}}, {"model": "chat.groupchat", "pk": 152, "fields": {"group": 4, "user": 1, "timestamp": "2022-01-07T08:15:59.698Z", "body": "New Video call is started! Join Now Link: https://stellar-ai.in/chat/video/gAAAAABh1_a9qQ-QGsiwW5gPi9rqcoe-VzBBM0sIyJ-dzWHzw2u0UXYqAAFqEOMOIxpEBDBqe5SP6_janJ9QKT732Rd0VmBgVecdxyuMIX75VN9C-6lFsKc=", "is_delete": true, "is_media_present": false, "bucket": null, "user_read": [1, 2, 3], "receiver_delete": [2, 3]}}, {"model": "chat.groupchat", "pk": 153, "fields": {"group": 4, "user": 1, "timestamp": "2022-01-07T08:16:56.754Z", "body": "New Video call is started! Join Now Link: https://stellar-ai.in/chat/video/gAAAAABh1_b3sQic3eMLOJ-unl8t5TnZQmmTQY0VMffDmASHZnEO5LrQrHQql3b5NjvZi3IiB_qk2nqWU5W10SfeKXz9hA3KHMuDlCckQ-O9ul3f-blQcoc=", "is_delete": true, "is_media_present": false, "bucket": null, "user_read": [1, 2, 3], "receiver_delete": [2, 3]}}, {"model": "chat.groupchat", "pk": 154, "fields": {"group": 4, "user": 1, "timestamp": "2022-01-08T10:59:59.826Z", "body": "New Video call is started! Join Now Link: https://stellar-ai.in/chat/video/gAAAAABh2W6u6aXu-6N0Dv9edg3U48p-DSIzxPUW-zz8vRg9jymyAD4hSMWWL2xCSS7qXUxDTKFO5bh9tkZoAAwoJIXAMZusgTW91Lx8VabTr_lH7zlPfWw=", "is_delete": true, "is_media_present": false, "bucket": null, "user_read": [1, 2, 3], "receiver_delete": [2, 3]}}, {"model": "chat.groupchat", "pk": 155, "fields": {"group": 4, "user": 1, "timestamp": "2022-01-08T11:01:11.323Z", "body": "New Video call is started! Join Now Link: https://stellar-ai.in/chat/video/gAAAAABh2W71ba1LMdYqWS2xGP405Hu9NLEWZcMb5Ki-jDnY1XyLHzf-ELb7o0HgsR75nmJjdI3hYO8EqWoxmkhz5HmQS5g1SdKbq72tI11TXniD_QKdDmI=", "is_delete": true, "is_media_present": false, "bucket": null, "user_read": [1, 2, 3], "receiver_delete": [2, 3]}}, {"model": "chat.groupchat", "pk": 156, "fields": {"group": 4, "user": 1, "timestamp": "2022-01-08T11:02:53.127Z", "body": "New Video call is started! Join Now Link: https://stellar-ai.in/chat/video/gAAAAABh2W9b_P6SlxdZhW-eNtl2dS1aPCABECpvg7NxmvvnCkbPAHzxUmw6jAU2NBAlW4Iiz7IcbDAYqUU0vu5Z6JQkQV43beNiD100FM0iSB24unj3qOI=", "is_delete": true, "is_media_present": false, "bucket": null, "user_read": [1, 2, 3], "receiver_delete": [2, 3]}}, {"model": "chat.groupchat", "pk": 157, "fields": {"group": 4, "user": 1, "timestamp": "2022-01-08T11:03:11.772Z", "body": "New Video call is started! Join Now Link: https://stellar-ai.in/chat/video/gAAAAABh2W9uJ2XGP2aO7rWroAZikRjmoRN70cH8upDwO8s17ayY9g1juu4s-OjaK3OX9jAarNvBnOTpGFMVFRQqjjFIG7agAYtnNeqUUCogvjCajGKc75M=", "is_delete": true, "is_media_present": false, "bucket": null, "user_read": [1, 2, 3], "receiver_delete": [2, 3]}}, {"model": "chat.groupchat", "pk": 158, "fields": {"group": 4, "user": 1, "timestamp": "2022-01-08T11:03:23.505Z", "body": "New Video call is started! Join Now Link: https://stellar-ai.in/chat/video/gAAAAABh2W958OmdPzyGR0pYF_3W_6xY6adtgmqR7cCAsk9TRA16IHbi0yVNBYJiQvPwLVdHfHxUoI88LYYsvMg4sf8oX7bYaLB0ujefMO2EbiuElDGevh4=", "is_delete": true, "is_media_present": false, "bucket": null, "user_read": [1, 2, 3], "receiver_delete": [2, 3]}}, {"model": "chat.groupchat", "pk": 159, "fields": {"group": 4, "user": 1, "timestamp": "2022-01-08T11:04:54.926Z", "body": "New Video call is started! Join Now Link: https://stellar-ai.in/chat/video/gAAAAABh2W_Vbr6BAvAO2xhl74KtonDD4xz-PzST5GIeLY2mAS4X2FI_1Lb5fmJnackP1TilfKW6dFrpMdppwytaO5MwHtrVwDdODzojPqOsRdQcJXnCayM=", "is_delete": true, "is_media_present": false, "bucket": null, "user_read": [1, 2, 3], "receiver_delete": [2, 3]}}, {"model": "chat.groupchat", "pk": 160, "fields": {"group": 4, "user": 1, "timestamp": "2022-01-08T11:06:40.663Z", "body": "New Video call is started! Join Now Link: https://stellar-ai.in/chat/video/gAAAAABh2XA-FfsoYJh9Tt3rg6fzo2jrWD9YhjbOoFYbVs74rmLICo5uLPMUDqKNYgDB4AETvGYVL4rd0zciKkjabepqSMaqvgK_IPsIrxFHj-wLhymOkjY=", "is_delete": true, "is_media_present": false, "bucket": null, "user_read": [1, 2, 3], "receiver_delete": [2, 3]}}, {"model": "chat.groupchat", "pk": 161, "fields": {"group": 4, "user": 1, "timestamp": "2022-01-08T11:11:38.647Z", "body": "New Video call is started! Join Now Link: https://stellar-ai.in/chat/video/gAAAAABh2XFj37Ew2urHMCmbst78dRKUUzcPT2et0Z6K0Sb0UxyzuBn8RXrd5_jlI8i3W2-rceUCcMyzg7tx1ShDU39evV9RUW8dkbRqAhPY71idgsxv00M=", "is_delete": true, "is_media_present": false, "bucket": null, "user_read": [1, 2, 3], "receiver_delete": [2, 3]}}, {"model": "chat.groupchat", "pk": 162, "fields": {"group": 4, "user": 1, "timestamp": "2022-01-08T11:13:03.849Z", "body": "New Video call is started! Join Now Link: https://stellar-ai.in/chat/video/", "is_delete": true, "is_media_present": false, "bucket": null, "user_read": [1, 2, 3], "receiver_delete": [2, 3]}}, {"model": "chat.groupchat", "pk": 163, "fields": {"group": 4, "user": 1, "timestamp": "2022-01-08T11:13:26.270Z", "body": "New Video call is started! Join Now Link: https://stellar-ai.in/chat/video/", "is_delete": true, "is_media_present": false, "bucket": null, "user_read": [1, 2, 3], "receiver_delete": [2, 3]}}, {"model": "chat.groupchat", "pk": 164, "fields": {"group": 4, "user": 1, "timestamp": "2022-01-08T11:16:04.112Z", "body": "New Video call is started! Join Now Link: https://stellar-ai.in/chat/video/gAAAAABh2XJyjngQa-ofeSjFCeA1OspGIVElrLDX0CCHXY1ErxNBBqkB9CsewU3JslsN6S9xK-fsyM8LtkTMHVAdIjZze6CdqYdq1Lo9xKyzDpsgRtJ3JBs=", "is_delete": true, "is_media_present": false, "bucket": null, "user_read": [1, 2, 3], "receiver_delete": [2, 3]}}, {"model": "chat.groupchat", "pk": 165, "fields": {"group": 4, "user": 1, "timestamp": "2022-01-08T11:16:11.567Z", "body": "New Video call is started! Join Now Link: https://stellar-ai.in/chat/video/gAAAAABh2XJ5DMwugL6jTEzRBPxiWLP3eUYfX19J1R34ELe7rw8khyMMNoRT20PL3_9IrPCThIeSE7wgqyPU5jA9Xq91IjWCfMYk67G9MjtaTcwGOpBkrBk=", "is_delete": true, "is_media_present": false, "bucket": null, "user_read": [1, 2, 3], "receiver_delete": [2, 3]}}, {"model": "chat.groupchat", "pk": 166, "fields": {"group": 4, "user": 1, "timestamp": "2022-01-08T11:16:28.392Z", "body": "New Video call is started! Join Now Link: https://stellar-ai.in/chat/video/gAAAAABh2XKK5HWPx2VhRdGhgjijdtfs826XEOzpfIaIli5iiiozu2f2evWzUpA4j3tnwQKckTK8N89siibliYma2dKHa1Wh_8OAe0xn2oCbgCIcdcSKE4w=", "is_delete": true, "is_media_present": false, "bucket": null, "user_read": [1, 2, 3], "receiver_delete": [2, 3]}}, {"model": "chat.groupchat", "pk": 167, "fields": {"group": 4, "user": 1, "timestamp": "2022-01-08T11:21:18.147Z", "body": "New Video call is started! Join Now Link: https://stellar-ai.in/chat/video/gAAAAABh2XFj37Ew2urHMCmbst78dRKUUzcPT2et0Z6K0Sb0UxyzuBn8RXrd5_jlI8i3W2-rceUCcMyzg7tx1ShDU39evV9RUW8dkbRqAhPY71idgsxv00M=", "is_delete": true, "is_media_present": false, "bucket": null, "user_read": [1, 2, 3], "receiver_delete": [2, 3]}}, {"model": "chat.groupchat", "pk": 168, "fields": {"group": 4, "user": 1, "timestamp": "2022-01-08T11:21:18.417Z", "body": "New Video call is started! Join Now Link: https://stellar-ai.in/chat/video/", "is_delete": true, "is_media_present": false, "bucket": null, "user_read": [1, 2, 3], "receiver_delete": [2, 3]}}, {"model": "chat.groupchat", "pk": 169, "fields": {"group": 4, "user": 1, "timestamp": "2022-01-08T12:49:52.988Z", "body": "New Video call is started! Join Now Link: https://stellar-ai.in/chat/video/", "is_delete": true, "is_media_present": false, "bucket": null, "user_read": [1, 2, 3], "receiver_delete": [2, 3]}}, {"model": "chat.groupchat", "pk": 170, "fields": {"group": 4, "user": 1, "timestamp": "2022-01-08T12:49:53.264Z", "body": "New Video call is started! Join Now Link: https://stellar-ai.in/chat/video/gAAAAABh2XFj37Ew2urHMCmbst78dRKUUzcPT2et0Z6K0Sb0UxyzuBn8RXrd5_jlI8i3W2-rceUCcMyzg7tx1ShDU39evV9RUW8dkbRqAhPY71idgsxv00M=", "is_delete": true, "is_media_present": false, "bucket": null, "user_read": [1, 2, 3], "receiver_delete": [2, 3]}}, {"model": "chat.groupchat", "pk": 171, "fields": {"group": 4, "user": 1, "timestamp": "2022-01-08T12:52:30.332Z", "body": "New Video call is started! Join Now Link: https://stellar-ai.in/chat/video/", "is_delete": true, "is_media_present": false, "bucket": null, "user_read": [1, 2, 3], "receiver_delete": [2, 3]}}, {"model": "chat.groupchat", "pk": 172, "fields": {"group": 4, "user": 1, "timestamp": "2022-01-08T12:52:35.185Z", "body": "New Video call is started! Join Now Link: https://stellar-ai.in/chat/video/gAAAAABh2XFj37Ew2urHMCmbst78dRKUUzcPT2et0Z6K0Sb0UxyzuBn8RXrd5_jlI8i3W2-rceUCcMyzg7tx1ShDU39evV9RUW8dkbRqAhPY71idgsxv00M=", "is_delete": true, "is_media_present": false, "bucket": null, "user_read": [1, 2, 3], "receiver_delete": [2, 3]}}, {"model": "chat.groupchat", "pk": 173, "fields": {"group": 4, "user": 1, "timestamp": "2022-01-08T12:53:55.008Z", "body": "asdfasdf", "is_delete": true, "is_media_present": false, "bucket": null, "user_read": [1, 2, 3], "receiver_delete": [2]}}, {"model": "chat.groupchat", "pk": 174, "fields": {"group": 4, "user": 1, "timestamp": "2022-01-08T12:54:50.322Z", "body": "sadfasdf", "is_delete": true, "is_media_present": false, "bucket": null, "user_read": [1, 2, 3], "receiver_delete": [2]}}, {"model": "chat.groupchat", "pk": 175, "fields": {"group": 4, "user": 1, "timestamp": "2022-01-08T12:57:52.290Z", "body": "New Video call is started! Join Now Link: https://stellar-ai.in/chat/video/", "is_delete": true, "is_media_present": false, "bucket": null, "user_read": [1, 2, 3], "receiver_delete": [2]}}, {"model": "chat.groupchat", "pk": 176, "fields": {"group": 4, "user": 1, "timestamp": "2022-01-08T12:57:52.593Z", "body": "New Video call is started! Join Now Link: https://stellar-ai.in/chat/video/gAAAAABh2XFj37Ew2urHMCmbst78dRKUUzcPT2et0Z6K0Sb0UxyzuBn8RXrd5_jlI8i3W2-rceUCcMyzg7tx1ShDU39evV9RUW8dkbRqAhPY71idgsxv00M=", "is_delete": true, "is_media_present": false, "bucket": null, "user_read": [1, 2, 3], "receiver_delete": [2]}}, {"model": "chat.groupchat", "pk": 177, "fields": {"group": 4, "user": 1, "timestamp": "2022-01-08T12:58:57.332Z", "body": "New Video call is started! Join Now Link: https://stellar-ai.in/chat/video/gAAAAABh2YqP6gqAWR2I0mUJw7RREyjpxkuOhFBe7rRY8XPJ7Lo0jym_T6BsK1j6xaMJQVucpJrpGJPR-13HuuK-lAKoGQH_egnR0pDqEsbRkNokbxKTE_A=", "is_delete": true, "is_media_present": false, "bucket": null, "user_read": [1, 2, 3], "receiver_delete": [2]}}, {"model": "chat.groupchat", "pk": 178, "fields": {"group": 4, "user": 1, "timestamp": "2022-01-08T13:01:04.785Z", "body": "New Video call is started! Join Now Link: https://stellar-ai.in/chat/video/gAAAAABh2YsO5Y8xHI4OwftEm76Qjar6G9JyAy6LweWW2w0WDjxOJdrHurhdl5SmE5FDcJ-2LHfYuWx3sipaz14Aq6YanhkCWtXYs2zecP0VrGUbwk06JKY=", "is_delete": true, "is_media_present": false, "bucket": null, "user_read": [1, 2, 3], "receiver_delete": [2]}}, {"model": "chat.groupchat", "pk": 179, "fields": {"group": 4, "user": 1, "timestamp": "2022-01-08T13:05:18.684Z", "body": "New Video call is started! Join Now Link: https://stellar-ai.in/chat/video/gAAAAABh2YwNEkM_NJfLyNE3Xl0RiVsRGtiWLcfRlew8z2WHHUX1T3FkCW_8dHJHVVkyDV1dZN8Wv5Il49cxVKiMr731GUAFZL8onuFcGpSsIiPpxMH6zrY=", "is_delete": true, "is_media_present": false, "bucket": null, "user_read": [1, 2, 3], "receiver_delete": [2]}}, {"model": "chat.groupchat", "pk": 180, "fields": {"group": 4, "user": 1, "timestamp": "2022-01-08T14:06:41.799Z", "body": "New Video call is started! Join Now Link: https://stellar-ai.in/chat/video/gAAAAABh2XFj37Ew2urHMCmbst78dRKUUzcPT2et0Z6K0Sb0UxyzuBn8RXrd5_jlI8i3W2-rceUCcMyzg7tx1ShDU39evV9RUW8dkbRqAhPY71idgsxv00M=", "is_delete": true, "is_media_present": false, "bucket": null, "user_read": [1, 2, 3], "receiver_delete": [2]}}, {"model": "chat.groupchat", "pk": 181, "fields": {"group": 4, "user": 1, "timestamp": "2022-01-08T14:06:42.153Z", "body": "New Video call is started! Join Now Link: https://stellar-ai.in/chat/video/", "is_delete": true, "is_media_present": false, "bucket": null, "user_read": [1, 2, 3], "receiver_delete": [2]}}, {"model": "chat.groupchat", "pk": 182, "fields": {"group": 4, "user": 1, "timestamp": "2022-01-08T17:22:00.112Z", "body": "New Video call is started! Join Now Link: https://stellar-ai.in/chat/video/", "is_delete": true, "is_media_present": false, "bucket": null, "user_read": [1, 2, 3], "receiver_delete": [2]}}, {"model": "chat.groupchat", "pk": 183, "fields": {"group": 4, "user": 1, "timestamp": "2022-01-08T17:22:00.394Z", "body": "New Video call is started! Join Now Link: https://stellar-ai.in/chat/video/gAAAAABh2XFj37Ew2urHMCmbst78dRKUUzcPT2et0Z6K0Sb0UxyzuBn8RXrd5_jlI8i3W2-rceUCcMyzg7tx1ShDU39evV9RUW8dkbRqAhPY71idgsxv00M=", "is_delete": true, "is_media_present": false, "bucket": null, "user_read": [1, 2, 3], "receiver_delete": [2]}}, {"model": "chat.groupchat", "pk": 184, "fields": {"group": 4, "user": 1, "timestamp": "2022-01-08T17:57:55.464Z", "body": "New Video call is started! Join Now Link: https://stellar-ai.in/chat/video/", "is_delete": true, "is_media_present": false, "bucket": null, "user_read": [1, 2, 3], "receiver_delete": [2]}}, {"model": "chat.groupchat", "pk": 185, "fields": {"group": 4, "user": 1, "timestamp": "2022-01-08T17:57:55.896Z", "body": "New Video call is started! Join Now Link: https://stellar-ai.in/chat/video/gAAAAABh2XFj37Ew2urHMCmbst78dRKUUzcPT2et0Z6K0Sb0UxyzuBn8RXrd5_jlI8i3W2-rceUCcMyzg7tx1ShDU39evV9RUW8dkbRqAhPY71idgsxv00M=", "is_delete": true, "is_media_present": false, "bucket": null, "user_read": [1, 2, 3], "receiver_delete": [2]}}, {"model": "chat.groupchat", "pk": 186, "fields": {"group": 4, "user": 1, "timestamp": "2022-01-08T18:02:31.552Z", "body": "New Video call is started! Join Now Link: https://stellar-ai.in/chat/video/gAAAAABh2XFj37Ew2urHMCmbst78dRKUUzcPT2et0Z6K0Sb0UxyzuBn8RXrd5_jlI8i3W2-rceUCcMyzg7tx1ShDU39evV9RUW8dkbRqAhPY71idgsxv00M=", "is_delete": true, "is_media_present": false, "bucket": null, "user_read": [1, 2, 3], "receiver_delete": [2]}}, {"model": "chat.groupchat", "pk": 187, "fields": {"group": 4, "user": 1, "timestamp": "2022-01-08T18:02:31.794Z", "body": "New Video call is started! Join Now Link: https://stellar-ai.in/chat/video/", "is_delete": true, "is_media_present": false, "bucket": null, "user_read": [1, 2, 3], "receiver_delete": [2]}}, {"model": "chat.groupchat", "pk": 188, "fields": {"group": 4, "user": 1, "timestamp": "2022-01-10T11:03:51.687Z", "body": "dsfgsdfg", "is_delete": true, "is_media_present": false, "bucket": null, "user_read": [1, 2, 3], "receiver_delete": [2]}}, {"model": "chat.groupchat", "pk": 189, "fields": {"group": 4, "user": 2, "timestamp": "2022-01-10T11:04:57.445Z", "body": "hy \n", "is_delete": true, "is_media_present": false, "bucket": null, "user_read": [1, 2, 3], "receiver_delete": [1]}}, {"model": "chat.groupchat", "pk": 190, "fields": {"group": 4, "user": 1, "timestamp": "2022-01-11T06:07:20.176Z", "body": "New Video call is started! Join Now Link: https://stellar-ai.in/chat/video/gAAAAABh3R6W7Jqo3KBu3G90jOOlaMLbj2HDibsP64qOIpNwe28ldrX29uQRVhl6vH4SApiBnGhzh3eIQmvx36rNslkuVusv-LsECPCvwNBdQwdiO4ssVFQ=", "is_delete": true, "is_media_present": false, "bucket": null, "user_read": [1, 2, 3], "receiver_delete": [2]}}, {"model": "chat.groupchat", "pk": 191, "fields": {"group": 4, "user": 1, "timestamp": "2022-01-13T10:43:23.565Z", "body": "edawe\n", "is_delete": true, "is_media_present": false, "bucket": null, "user_read": [1, 2, 3], "receiver_delete": [2]}}, {"model": "chat.groupchat", "pk": 192, "fields": {"group": 4, "user": 1, "timestamp": "2022-01-13T10:43:53.128Z", "body": "New Video call is started! Join Now Link: https://stellar-ai.in/chat/video/gAAAAABh4AJikkptbLnadhCFWtgUczk0fggGhWQtRi3YUwErd7V0hajzKDswTuFe0WUYNiebEzBAtsjpMfVlYVlm3C6Lkp-MZGHQge_hFocKqv2F7ZZQ5o8=", "is_delete": true, "is_media_present": false, "bucket": null, "user_read": [1, 2, 3], "receiver_delete": [2]}}, {"model": "chat.groupchat", "pk": 193, "fields": {"group": 4, "user": 1, "timestamp": "2022-01-13T10:44:41.097Z", "body": "New Video call is started! Join Now Link: https://stellar-ai.in/chat/video/gAAAAABh4AKQyviz3DfhbfvIvkMsmYWv3U8ogOc5uEpAvPCa0zpKDYKqYBxAtupE8bpDw-1d3xm-1aM_K5iaIhVag7_V0OMR9O-16ytGqi9uOV3AR9pPj9s=", "is_delete": true, "is_media_present": false, "bucket": null, "user_read": [1, 2, 3], "receiver_delete": [2]}}, {"model": "chat.groupchat", "pk": 194, "fields": {"group": 4, "user": 1, "timestamp": "2022-01-13T10:47:16.154Z", "body": "New Video call is started! Join Now Link: https://stellar-ai.in/chat/video/gAAAAABh4AMvI0KmTkIDy__8BI6G-SrjQ0le7wxFQ0YGCwV27LdFgQm0JI16f_m_GwgzsMT-YJFdLRoyrhxGVdxN5y5AnkaU4uZ6t9cBMAjJVtkhb5KC-Cg=", "is_delete": true, "is_media_present": false, "bucket": null, "user_read": [1, 2, 3], "receiver_delete": [2]}}, {"model": "chat.groupchat", "pk": 195, "fields": {"group": 4, "user": 1, "timestamp": "2022-01-13T10:50:10.418Z", "body": "New Video call is started! Join Now Link: https://stellar-ai.in/chat/video/gAAAAABh4APdDOF2MWmpqjw5jmbIywJJ6PQpZrFNgKwbBm2VIOp5blVVB62asC9F5uZDLtofGxlUNqr6tLa8_44aXBzhDCGdr-mVr9Z51Tg4_QezyU-32tU=", "is_delete": true, "is_media_present": false, "bucket": null, "user_read": [1, 2, 3], "receiver_delete": [2]}}, {"model": "chat.groupchat", "pk": 196, "fields": {"group": 4, "user": 1, "timestamp": "2022-01-13T10:53:12.092Z", "body": "New Video call is started! Join Now Link: https://stellar-ai.in/chat/video/gAAAAABh4APdDOF2MWmpqjw5jmbIywJJ6PQpZrFNgKwbBm2VIOp5blVVB62asC9F5uZDLtofGxlUNqr6tLa8_44aXBzhDCGdr-mVr9Z51Tg4_QezyU-32tU=", "is_delete": true, "is_media_present": false, "bucket": null, "user_read": [1, 2, 3], "receiver_delete": [2]}}, {"model": "chat.groupchat", "pk": 197, "fields": {"group": 4, "user": 1, "timestamp": "2022-01-13T10:53:46.791Z", "body": "New Video call is started! Join Now Link: https://stellar-ai.in/chat/video/gAAAAABh4AS1mPDcCZgiharY99RGyYkAMOD_aiR0xQi0yjnIsX-1yTuzHdHFbQTx9G2fAEwH1F6s_vAHzIbQXEggQUDOeqgHko4eWlFZ0Afr7f-M0g70H1c=", "is_delete": true, "is_media_present": false, "bucket": null, "user_read": [1, 2, 3], "receiver_delete": [2]}}, {"model": "chat.groupchat", "pk": 198, "fields": {"group": 4, "user": 1, "timestamp": "2022-01-13T11:13:28.808Z", "body": "New Video call is started! Join Now Link: https://stellar-ai.in/chat/video/gAAAAABh4AlGwbFrKtMMxAlvNvf-A3-w0nJNu3s6smB4cke0SgJOZF8bxYdjUHzL2i6hRfFqNqgjh3kvsMEhVgVpapsJAJFp77F_IQKTOtz-KcoohHbRoAE=", "is_delete": true, "is_media_present": false, "bucket": null, "user_read": [1, 2, 3], "receiver_delete": [2]}}, {"model": "chat.groupchat", "pk": 199, "fields": {"group": 4, "user": 1, "timestamp": "2022-01-13T11:44:24.806Z", "body": "New Video call is started! Join Now Link: https://stellar-ai.in/chat/video/gAAAAABh4BCVvbRj6UBmQU6uiKgME4Qc7PP7tdk80e2pQTfsSuK1evJmk7vVKmrJiUVpsVLXbDo3vt_fdOEWb1l95D4i19m4bQOwai6-5zVu6Pu6jCWrLjs=", "is_delete": true, "is_media_present": false, "bucket": null, "user_read": [1, 2, 3], "receiver_delete": [2]}}, {"model": "chat.groupchat", "pk": 200, "fields": {"group": 4, "user": 2, "timestamp": "2022-01-13T11:46:58.102Z", "body": "hey \n", "is_delete": false, "is_media_present": false, "bucket": null, "user_read": [1, 2, 3], "receiver_delete": [1]}}, {"model": "chat.groupchat", "pk": 201, "fields": {"group": 4, "user": 1, "timestamp": "2022-01-13T11:47:05.142Z", "body": "Hey", "is_delete": true, "is_media_present": false, "bucket": null, "user_read": [1, 2, 3], "receiver_delete": []}}, {"model": "chat.groupchat", "pk": 202, "fields": {"group": 4, "user": 1, "timestamp": "2022-01-15T05:51:34.488Z", "body": "New Video call is started! Join Now Link: https://stellar-ai.in/chat/video/gAAAAABh4mDk7zE-X1oYG-SSDXnfdjx3Nm4UpkcdriI5atWw7kCvW8QyO-9MnnRRogPIiJixGSFIynmleUp2n-6wE1yoUoXezaMKgo2qbD5X8wb3Lw9wKA0=", "is_delete": true, "is_media_present": false, "bucket": null, "user_read": [1, 2, 3], "receiver_delete": []}}, {"model": "chat.groupchat", "pk": 203, "fields": {"group": 4, "user": 1, "timestamp": "2022-01-15T05:51:54.090Z", "body": "New Video call is started! Join Now Link: https://stellar-ai.in/chat/video/gAAAAABh4mD5__94hsy-6RI1GD1gATmCAeIDOwf2eWlYWNd2a1hbc7iRvsKRBGcHJbLhhlX_2i-CQZsX8jnlv_uCZ4ZpWa9CbkaihyxwkxerFRm0HEdL6d8=", "is_delete": true, "is_media_present": false, "bucket": null, "user_read": [1, 2, 3], "receiver_delete": []}}, {"model": "chat.groupchat", "pk": 204, "fields": {"group": 4, "user": 1, "timestamp": "2022-01-15T05:55:30.012Z", "body": "New Video call is started! Join Now Link: https://stellar-ai.in/chat/video/gAAAAABh4mHOLFwP7WJmnB3pnFt7dDlyUbyLzVfTH0M5hwPx-96-CJRYPoX5HBEKaUszpdTKev4NS_i3SUnUTb9RUtYwE7CY9I3zW-fjb6gUVeBy7G1kvfE=", "is_delete": true, "is_media_present": false, "bucket": null, "user_read": [1, 2, 3], "receiver_delete": []}}, {"model": "chat.groupchat", "pk": 205, "fields": {"group": 4, "user": 1, "timestamp": "2022-01-15T05:56:33.011Z", "body": "New Video call is started! Join Now Link: https://stellar-ai.in/chat/video/gAAAAABh4mHOLFwP7WJmnB3pnFt7dDlyUbyLzVfTH0M5hwPx-96-CJRYPoX5HBEKaUszpdTKev4NS_i3SUnUTb9RUtYwE7CY9I3zW-fjb6gUVeBy7G1kvfE=", "is_delete": true, "is_media_present": false, "bucket": null, "user_read": [1, 2, 3], "receiver_delete": []}}, {"model": "chat.groupchat", "pk": 206, "fields": {"group": 4, "user": 1, "timestamp": "2022-01-15T05:56:39.656Z", "body": "New Video call is started! Join Now Link: https://stellar-ai.in/chat/video/gAAAAABh4mIWN9sj38rkahHVqouZcdK4utuDgjF3y_InB9pYQwsJlIfDOphwAJUum0BwSAC1D-R7cCEMo8opAi9PNPEBuO073CSVJCS1nFCxrqv_AvEo_Ak=", "is_delete": true, "is_media_present": false, "bucket": null, "user_read": [1, 2, 3], "receiver_delete": []}}, {"model": "chat.groupchat", "pk": 207, "fields": {"group": 4, "user": 1, "timestamp": "2022-01-15T05:59:03.151Z", "body": "New Video call is started! Join Now Link: https://stellar-ai.in/chat/video/gAAAAABh4mKmSeER-ohzQtXHoyGPQUuJAugL1CisXCKbfBBVHe5KERJPxbr3sO8m3Scr9km1aVwe-M7ObNiZ-T16cg-Y0WSb5EV369h4WitWS1M1AyYd7IY=", "is_delete": true, "is_media_present": false, "bucket": null, "user_read": [1, 2, 3], "receiver_delete": []}}, {"model": "chat.groupchat", "pk": 208, "fields": {"group": 4, "user": 1, "timestamp": "2022-01-15T06:04:11.654Z", "body": "New Video call is started! Join Now Link: https://stellar-ai.in/chat/video/gAAAAABh4mPWqq7FinAhFbRFgroeeRCDbBXVrRel-mVaG55b_14fXS55wpgCQW9rbM24tRhyENvD3eXVO96wGYj1BbZ3l-kTTNp0DO89foUv8b7kz-pA4yk=", "is_delete": true, "is_media_present": false, "bucket": null, "user_read": [1, 2, 3], "receiver_delete": []}}, {"model": "chat.groupchat", "pk": 209, "fields": {"group": 4, "user": 1, "timestamp": "2022-01-15T06:06:39.066Z", "body": "New Video call is started! Join Now Link: https://stellar-ai.in/chat/video/gAAAAABh4mRp-S5PrUi1gP3IWcwoyJF1C8ip76z3N2-dRzTCcIzZvcCcFPPeqRYUak6qFeWB6blX5GpP4VeF3jjtAfP3KQT6ThYY0UykE_0rfBQ1z-m3y90=", "is_delete": true, "is_media_present": false, "bucket": null, "user_read": [1, 2, 3], "receiver_delete": []}}, {"model": "chat.groupchat", "pk": 210, "fields": {"group": 4, "user": 1, "timestamp": "2022-01-15T06:07:16.855Z", "body": "New Video call is started! Join Now Link: https://stellar-ai.in/chat/video/gAAAAABh4mSPJFFTB357Yeb26JXU0pQNXtiACbRPowg61wKoj-JA6sptof_8fuMFGzNP4NFwzDn917CSVjgI5ZH2BKIH5fCx4upVSXkABzGzhOU6B2dPa5w=", "is_delete": true, "is_media_present": false, "bucket": null, "user_read": [1, 2, 3], "receiver_delete": []}}, {"model": "chat.groupchat", "pk": 211, "fields": {"group": 4, "user": 1, "timestamp": "2022-01-15T06:08:12.686Z", "body": "New Video call is started! Join Now Link: https://stellar-ai.in/chat/video/gAAAAABh4mTENd7nuAoxbk_Qwy-2CoOM4YawRbbNwuPptHeID0CHSg0GbDLkN6ysoMcjU6_9vt55k93Haz3X23_tcWZtKbaWkz55w9457bPuYbYRrg3dqqM=", "is_delete": true, "is_media_present": false, "bucket": null, "user_read": [1, 2, 3], "receiver_delete": []}}, {"model": "chat.groupchat", "pk": 212, "fields": {"group": 4, "user": 1, "timestamp": "2022-01-15T06:10:10.820Z", "body": "New Video call is started! Join Now Link: https://stellar-ai.in/chat/video/gAAAAABh4mU-XLxmm2AZjDptWGPmZKfeDmopY6XpMDcw-3CY5KrOm09Rq7DZgR5ZCRuWtdZn8QJRVxZ4vkds5G5qbv3PR5XZqrNumY59JovWQBVxheA9pWk=", "is_delete": true, "is_media_present": false, "bucket": null, "user_read": [1, 2, 3], "receiver_delete": []}}, {"model": "chat.groupchat", "pk": 213, "fields": {"group": 4, "user": 1, "timestamp": "2022-01-15T06:25:09.599Z", "body": "New Video call is started! Join Now Link: https://stellar-ai.in/chat/video/gAAAAABh4mjAQYi4S6E74Y3__Od-U_P0QMCQ1NCIW6AfVXt5ClAiB3DKhOuUJ0uTSMoAsUWowU7PtgUbqSNM0Ujl9PNTIOKJhlqJ7vFwwNQWSqzzBkRElfI=", "is_delete": true, "is_media_present": false, "bucket": null, "user_read": [1, 2, 3], "receiver_delete": []}}, {"model": "chat.groupchat", "pk": 214, "fields": {"group": 4, "user": 1, "timestamp": "2022-01-15T06:39:02.412Z", "body": "New Video call is started! Join Now Link: https://stellar-ai.in/chat/video/gAAAAABh4mwB9GdRdEw14J_2gIV4i-A27tv71OHKBTZ0IKaUOxuTJmkyiI7uaG_th6ouMOll531qFIN2iKnya9uO9ptcIoGfjpDeaip0_5GNq8kRtFwZAgg=", "is_delete": true, "is_media_present": false, "bucket": null, "user_read": [1, 2, 3], "receiver_delete": []}}, {"model": "chat.groupchat", "pk": 215, "fields": {"group": 4, "user": 1, "timestamp": "2022-01-15T07:50:47.570Z", "body": "New Video call is started! Join Now Link: https://stellar-ai.in/chat/video/gAAAAABh4ny8ygZlpXWSEBDHVT870kGbyH0BtTZoTni7Dwl4utKGZ7JEn6e8rh9AzDd8009Lv-YDWSqkT24JtNjW88jeRJzLZmqsl7SxQwvYslI7Eb-yTyM=", "is_delete": true, "is_media_present": false, "bucket": null, "user_read": [1, 2, 3], "receiver_delete": []}}, {"model": "chat.groupchat", "pk": 216, "fields": {"group": 4, "user": 1, "timestamp": "2022-01-15T07:52:20.703Z", "body": "New Video call is started! Join Now Link: https://stellar-ai.in/chat/video/gAAAAABh4ny8ygZlpXWSEBDHVT870kGbyH0BtTZoTni7Dwl4utKGZ7JEn6e8rh9AzDd8009Lv-YDWSqkT24JtNjW88jeRJzLZmqsl7SxQwvYslI7Eb-yTyM=", "is_delete": true, "is_media_present": false, "bucket": null, "user_read": [1, 2, 3], "receiver_delete": []}}, {"model": "chat.groupchat", "pk": 217, "fields": {"group": 4, "user": 1, "timestamp": "2022-01-15T08:33:25.489Z", "body": "New Video call is started! Join Now Link: https://stellar-ai.in/chat/video/gAAAAABh4obC__JlfYGHiuGtqNR3HFhXKuIa_olk0zxL_jsFeHEQFZQq7fkbNkVPmheQc9qUch8rHUAEeX7UrDZzAjeblmLI6ubF0e0a6Vb3RYkByRwGzWk=", "is_delete": true, "is_media_present": false, "bucket": null, "user_read": [1, 2, 3], "receiver_delete": []}}, {"model": "chat.groupchat", "pk": 218, "fields": {"group": 4, "user": 1, "timestamp": "2022-01-15T08:38:48.067Z", "body": "New Video call is started! Join Now Link: https://stellar-ai.in/chat/video/gAAAAABh4of8_HYl_yu0OZlZQ_AenK7f8JmDgtcxhq7oOhDAZ78XITxaMlcUuaicclQBlQHOmf5vb3KgFgCK1awNZAVidvz7lHVy0eC6PlTkaVRPpZ07ISk=", "is_delete": true, "is_media_present": false, "bucket": null, "user_read": [1, 2, 3], "receiver_delete": []}}, {"model": "chat.groupchat", "pk": 219, "fields": {"group": 4, "user": 1, "timestamp": "2022-01-15T09:06:15.243Z", "body": "New Video call is started! Join Now Link: https://stellar-ai.in/chat/video/gAAAAABh4o488v1XCfILygoiqcZIVulgh2-oWW6SBgDsS8j9CIbQ5l5m1uRMQo0L8BvWmSrbOo7MzMF-jpI4_vy-SMjowtTDxw8VEc0xf8uCU_BEBmTOaIY=", "is_delete": true, "is_media_present": false, "bucket": null, "user_read": [1, 2, 3], "receiver_delete": []}}, {"model": "chat.groupchat", "pk": 220, "fields": {"group": 4, "user": 1, "timestamp": "2022-01-15T09:11:05.491Z", "body": "New Video call is started! Join Now Link: https://stellar-ai.in/chat/video/gAAAAABh4o-PPCgLqBiSkDqIfe8218E6hHeMGBXzAXrACUWDtml_b-kSUHkZ68Z7RAkMcWo0z8Li52WLrm5rB1i7EQpmztzH5W3wa0Gh8oR8eKy9_b4uV7A=", "is_delete": true, "is_media_present": false, "bucket": null, "user_read": [1, 2, 3], "receiver_delete": []}}, {"model": "chat.groupchat", "pk": 221, "fields": {"group": 4, "user": 3, "timestamp": "2022-01-15T09:19:37.727Z", "body": "ggvhjvjjbhjb", "is_delete": false, "is_media_present": false, "bucket": null, "user_read": [1, 2, 3], "receiver_delete": [1]}}, {"model": "chat.groupchat", "pk": 222, "fields": {"group": 4, "user": 1, "timestamp": "2022-01-16T06:01:23.367Z", "body": "New Video call is started! Join Now Link: https://stellar-ai.in/chat/video/gAAAAABh47Sy6wyZyTh18zEiiJH-TEt7C09fP5naSJcs1FSTYFI6O2VzfudAT8_pQxUWVIlE1Eqtq9J1TW7ktBCN-jLSn_KGK7ITdXKNQR9CBcei0UCSX1Y=", "is_delete": true, "is_media_present": false, "bucket": null, "user_read": [1, 2, 3], "receiver_delete": []}}, {"model": "chat.groupchat", "pk": 223, "fields": {"group": 4, "user": 1, "timestamp": "2022-01-16T06:03:17.898Z", "body": "Hey", "is_delete": true, "is_media_present": false, "bucket": null, "user_read": [1, 2, 3], "receiver_delete": []}}, {"model": "chat.groupchat", "pk": 224, "fields": {"group": 4, "user": 2, "timestamp": "2022-01-16T06:03:28.542Z", "body": "Hii", "is_delete": false, "is_media_present": false, "bucket": null, "user_read": [1, 2, 3], "receiver_delete": [1]}}, {"model": "chat.groupchat", "pk": 225, "fields": {"group": 4, "user": 2, "timestamp": "2022-01-16T06:03:33.473Z", "body": "Hiii", "is_delete": false, "is_media_present": false, "bucket": null, "user_read": [1, 2, 3], "receiver_delete": [1]}}, {"model": "chat.groupchat", "pk": 226, "fields": {"group": 4, "user": 2, "timestamp": "2022-01-16T06:03:37.767Z", "body": "Hhh", "is_delete": false, "is_media_present": false, "bucket": null, "user_read": [1, 2, 3], "receiver_delete": [1]}}, {"model": "chat.groupchat", "pk": 227, "fields": {"group": 4, "user": 2, "timestamp": "2022-01-16T06:03:57.605Z", "body": "Message ka bhi problem hoga abb toh", "is_delete": false, "is_media_present": false, "bucket": null, "user_read": [1, 2, 3], "receiver_delete": [1]}}, {"model": "chat.groupchat", "pk": 228, "fields": {"group": 4, "user": 1, "timestamp": "2022-01-16T06:04:44.451Z", "body": "Wait ", "is_delete": true, "is_media_present": false, "bucket": null, "user_read": [1, 2, 3], "receiver_delete": []}}, {"model": "chat.groupchat", "pk": 229, "fields": {"group": 4, "user": 1, "timestamp": "2022-01-16T06:04:50.877Z", "body": "New Video call is started! Join Now Link: https://stellar-ai.in/chat/video/gAAAAABh47WC8i8iDDI4O5nd3PjF1LDPUE4oYBQ2K3gV4K8eIPpNLhKgswRdGCeAl_mnnFv3T1g5tTfTa4761BdZJiZelIvCQ24r2Hov04q5tnue50hcmMw=", "is_delete": true, "is_media_present": false, "bucket": null, "user_read": [1, 2, 3], "receiver_delete": []}}, {"model": "chat.groupchat", "pk": 230, "fields": {"group": 4, "user": 1, "timestamp": "2022-01-16T06:09:23.669Z", "body": "New Video call is started! Join Now Link: https://stellar-ai.in/chat/video/gAAAAABh47aS6oj5nkCfHTimfs4_ms6ymsAvUaB66GSIe_UDHW9BCBHODgozkOnmfuT6MWecv-TUsuSydmX0GvnaCTnWryMJaGYXBAbJpU3uxeUYI_DoDOY=", "is_delete": true, "is_media_present": false, "bucket": null, "user_read": [1, 2, 3], "receiver_delete": []}}, {"model": "chat.groupchat", "pk": 231, "fields": {"group": 4, "user": 1, "timestamp": "2022-01-16T06:11:16.415Z", "body": "hy \n", "is_delete": true, "is_media_present": false, "bucket": null, "user_read": [1, 2, 3], "receiver_delete": []}}, {"model": "chat.groupchat", "pk": 232, "fields": {"group": 4, "user": 1, "timestamp": "2022-01-16T06:11:31.878Z", "body": "New Video call is started! Join Now Link: https://stellar-ai.in/chat/video/gAAAAABh47cTptR2Zzfk6fkoJpIEp_BF1tmXk5xba9BhXTT0MQL_fOU46j5ehFg7fm0gGY9-puH2s7FM8gXfoBLk6uoKWTTZi8Lpd1ntzzzpKJAvZBpgxeo=", "is_delete": true, "is_media_present": false, "bucket": null, "user_read": [1, 2, 3], "receiver_delete": []}}, {"model": "chat.groupchat", "pk": 233, "fields": {"group": 4, "user": 1, "timestamp": "2022-01-16T07:18:12.701Z", "body": "New Video call is started! Join Now Link: https://stellar-ai.in/chat/video/gAAAAABh48amiYxitt5B3ge0id41dSe0WBxAE7-pTXEKPpZOc1q78ScxQayr0T3AY9l-qh9GSst9Od3m8yWupGf_wfEWv87-DcZ7ojSpXbHEtwzcSy4AP2g=", "is_delete": true, "is_media_present": false, "bucket": null, "user_read": [1, 2, 3], "receiver_delete": []}}, {"model": "chat.groupchat", "pk": 234, "fields": {"group": 4, "user": 1, "timestamp": "2022-01-16T07:20:56.251Z", "body": "New Video call is started! Join Now Link: https://stellar-ai.in/chat/video/gAAAAABh48c9EuGED0yNN5zvOB9R7JA_0g9yY3nVOQrGVDSQB-_Zw_z3gIiNn_cYcJ2ty0mUVdUtVR5mxky_VHWL5_dBgWLAPL6cQ1um9pvZTesNLNJ8TXU=", "is_delete": true, "is_media_present": false, "bucket": null, "user_read": [1, 2, 3], "receiver_delete": []}}, {"model": "chat.groupchat", "pk": 235, "fields": {"group": 4, "user": 1, "timestamp": "2022-01-16T07:23:40.809Z", "body": "New Video call is started! Join Now Link: https://stellar-ai.in/chat/video/gAAAAABh48fvR9mWuGQ9jNBcgk9GbICdXIvZ8l-v8KWIYoeecfn2zZbKplfms0Yby0iadMcZY0B0KrrleKTQ78nrsfFVBcbntSHxivTdMCbePM7DoI3KrO8=", "is_delete": true, "is_media_present": false, "bucket": null, "user_read": [1, 2, 3], "receiver_delete": []}}, {"model": "chat.groupchat", "pk": 236, "fields": {"group": 4, "user": 1, "timestamp": "2022-01-16T07:25:18.501Z", "body": "New Video call is started! Join Now Link: https://stellar-ai.in/chat/video/gAAAAABh48fvR9mWuGQ9jNBcgk9GbICdXIvZ8l-v8KWIYoeecfn2zZbKplfms0Yby0iadMcZY0B0KrrleKTQ78nrsfFVBcbntSHxivTdMCbePM7DoI3KrO8=", "is_delete": true, "is_media_present": false, "bucket": null, "user_read": [1, 2, 3], "receiver_delete": []}}, {"model": "chat.groupchat", "pk": 237, "fields": {"group": 4, "user": 3, "timestamp": "2022-01-16T07:36:01.493Z", "body": "Bdjdjf", "is_delete": false, "is_media_present": false, "bucket": null, "user_read": [1, 2, 3], "receiver_delete": [1]}}, {"model": "chat.groupchat", "pk": 238, "fields": {"group": 4, "user": 1, "timestamp": "2022-01-16T07:52:36.856Z", "body": "dsfgdsf\n", "is_delete": true, "is_media_present": false, "bucket": null, "user_read": [1, 2, 3], "receiver_delete": []}}, {"model": "chat.groupchat", "pk": 239, "fields": {"group": 4, "user": 1, "timestamp": "2022-01-16T08:06:32.289Z", "body": "New Video call is started! Join Now Link: https://stellar-ai.in/chat/video/gAAAAABh49HikVDZnFMP4Fg85CBaM9hBDaFzK55sDc_noN2pDhOOvY7qPLCfhsKQsHWH_xVbPt4YKL_PAppv8WxO51UX5g0-LmieBqaC6PyHP0EZX3jzPdo=", "is_delete": true, "is_media_present": false, "bucket": null, "user_read": [1, 2, 3], "receiver_delete": []}}, {"model": "chat.groupchat", "pk": 240, "fields": {"group": 4, "user": 1, "timestamp": "2022-01-16T08:18:17.194Z", "body": "New Video call is started! Join Now Link: https://stellar-ai.in/chat/video/gAAAAABh49S_4aGW2xd9dbkMpyXk1Nt7NrdLcu9U_SrFOyz103sfarbf3kVqLj42Hm1KtSnyvE1xJaetCDD8CgH9pFvzF3T5YuzVnhgH_2qJj0xyvU3790E=", "is_delete": true, "is_media_present": false, "bucket": null, "user_read": [1, 2, 3], "receiver_delete": []}}, {"model": "chat.groupchat", "pk": 241, "fields": {"group": 4, "user": 1, "timestamp": "2022-01-16T08:22:38.811Z", "body": "New Video call is started! Join Now Link: https://stellar-ai.in/chat/video/gAAAAABh49XL_RmWPrn2IgRfpun-V16h6XbDZhL_9PTL6WUboB8KO5qPbZznG48GMamg3wP9zDxh8ESN1R8BlU-6fy6j_FGO9lku_GrRta37vJPmgOK_APM=", "is_delete": true, "is_media_present": false, "bucket": null, "user_read": [1, 2, 3], "receiver_delete": []}}, {"model": "chat.groupchat", "pk": 242, "fields": {"group": 4, "user": 1, "timestamp": "2022-01-16T08:29:19.676Z", "body": "New Video call is started! Join Now Link: https://stellar-ai.in/chat/video/gAAAAABh49XL_RmWPrn2IgRfpun-V16h6XbDZhL_9PTL6WUboB8KO5qPbZznG48GMamg3wP9zDxh8ESN1R8BlU-6fy6j_FGO9lku_GrRta37vJPmgOK_APM=", "is_delete": true, "is_media_present": false, "bucket": null, "user_read": [1, 2, 3], "receiver_delete": []}}, {"model": "chat.groupchat", "pk": 243, "fields": {"group": 4, "user": 1, "timestamp": "2022-01-16T08:31:28.268Z", "body": "New Video call is started! Join Now Link: https://stellar-ai.in/chat/video/gAAAAABh49fVBm0v1TpF2ZT_UcKNAo0lVmdLlLpXnkiSe7L08auoaGDOLre_c8CPNhEHo2abDYEUdPwtRlV-kkc_arwv3GzAL2At0S8arnn3hKiukmcSMtE=", "is_delete": true, "is_media_present": false, "bucket": null, "user_read": [1, 2, 3], "receiver_delete": []}}, {"model": "chat.groupchat", "pk": 244, "fields": {"group": 4, "user": 1, "timestamp": "2022-01-16T17:29:26.196Z", "body": "New Video call is started! Join Now Link: https://stellar-ai.in/chat/video/gAAAAABh5FX0yRhV0XnxbVTRD73y5--yZa7R8CWODsgG5J0f6VwugNHkaNw9HSZ3PX3zYIZOSEiGKCgVQDsXKY8ifWX9NAXFbX7WLigPGoDol3Tue0dQZQ4=", "is_delete": true, "is_media_present": false, "bucket": null, "user_read": [1, 2, 3], "receiver_delete": []}}, {"model": "chat.groupchat", "pk": 245, "fields": {"group": 4, "user": 1, "timestamp": "2022-01-17T06:26:54.279Z", "body": "sdf\n", "is_delete": true, "is_media_present": false, "bucket": null, "user_read": [1, 2, 3], "receiver_delete": []}}, {"model": "chat.groupchat", "pk": 246, "fields": {"group": 4, "user": 1, "timestamp": "2022-01-17T08:54:09.476Z", "body": "New Video call is started! Join Now Link: http://stellar-ai.in/chat/video/gAAAAABh5S6vU6RH9wN9AG5Q9_qeUE3cdcO8xdlJlo0DgmgcM8wc3RkiyByIQliKyTzm4s3U6yqN69ekbP92gdNjBIXwIlZJvQuzOrehZFIqAIFjOYCZfQw=", "is_delete": true, "is_media_present": false, "bucket": null, "user_read": [1, 2, 3], "receiver_delete": []}}, {"model": "chat.groupchat", "pk": 247, "fields": {"group": 4, "user": 1, "timestamp": "2022-01-17T08:56:09.895Z", "body": "New Video call is started! Join Now Link: http://stellar-ai.in/chat/video/gAAAAABh5S6vU6RH9wN9AG5Q9_qeUE3cdcO8xdlJlo0DgmgcM8wc3RkiyByIQliKyTzm4s3U6yqN69ekbP92gdNjBIXwIlZJvQuzOrehZFIqAIFjOYCZfQw=", "is_delete": true, "is_media_present": false, "bucket": null, "user_read": [1, 2, 3], "receiver_delete": []}}, {"model": "chat.groupchat", "pk": 248, "fields": {"group": 4, "user": 1, "timestamp": "2022-01-18T09:04:15.950Z", "body": "hiii", "is_delete": true, "is_media_present": false, "bucket": null, "user_read": [1, 2, 3], "receiver_delete": []}}, {"model": "chat.groupchat", "pk": 249, "fields": {"group": 4, "user": 1, "timestamp": "2022-01-18T11:14:21.513Z", "body": "fdfds", "is_delete": true, "is_media_present": false, "bucket": null, "user_read": [1, 2, 3], "receiver_delete": []}}, {"model": "chat.groupchat", "pk": 250, "fields": {"group": 6, "user": 1, "timestamp": "2022-01-30T07:03:26.153Z", "body": "hey ", "is_delete": false, "is_media_present": false, "bucket": null, "user_read": [1], "receiver_delete": []}}, {"model": "chat.groupchat", "pk": 251, "fields": {"group": 7, "user": 1, "timestamp": "2022-01-30T07:06:57.629Z", "body": "heu \n", "is_delete": false, "is_media_present": false, "bucket": null, "user_read": [1, 6], "receiver_delete": []}}, {"model": "chat.groupchat", "pk": 252, "fields": {"group": 7, "user": 1, "timestamp": "2022-01-30T07:07:03.755Z", "body": "", "is_delete": false, "is_media_present": true, "bucket": 6, "user_read": [1, 6], "receiver_delete": []}}, {"model": "chat.groupchat", "pk": 253, "fields": {"group": 7, "user": 1, "timestamp": "2022-01-30T07:07:08.330Z", "body": "", "is_delete": false, "is_media_present": false, "bucket": null, "user_read": [1, 6], "receiver_delete": []}}, {"model": "chat.groupchat", "pk": 254, "fields": {"group": 7, "user": 6, "timestamp": "2022-01-30T07:08:09.725Z", "body": "HII\n", "is_delete": false, "is_media_present": false, "bucket": null, "user_read": [1, 6], "receiver_delete": []}}, {"model": "chat.groupchat", "pk": 255, "fields": {"group": 7, "user": 6, "timestamp": "2022-01-30T07:08:21.690Z", "body": "AKANSHA HERE \n", "is_delete": false, "is_media_present": false, "bucket": null, "user_read": [1, 6], "receiver_delete": []}}, {"model": "chat.groupchat", "pk": 256, "fields": {"group": 7, "user": 6, "timestamp": "2022-01-30T07:08:51.839Z", "body": "HI", "is_delete": false, "is_media_present": false, "bucket": null, "user_read": [1, 6], "receiver_delete": []}}, {"model": "chat.groupchat", "pk": 257, "fields": {"group": 7, "user": 1, "timestamp": "2022-01-30T07:15:22.110Z", "body": "hi \n", "is_delete": false, "is_media_present": false, "bucket": null, "user_read": [1, 6], "receiver_delete": []}}, {"model": "chat.groupchat", "pk": 258, "fields": {"group": 4, "user": 1, "timestamp": "2022-01-30T07:56:58.266Z", "body": "hi \n", "is_delete": true, "is_media_present": false, "bucket": null, "user_read": [1, 2, 3], "receiver_delete": []}}, {"model": "chat.groupchat", "pk": 259, "fields": {"group": 4, "user": 3, "timestamp": "2022-01-30T08:36:34.208Z", "body": "sample1", "is_delete": false, "is_media_present": false, "bucket": null, "user_read": [1, 2, 3], "receiver_delete": [1]}}, {"model": "chat.groupchat", "pk": 260, "fields": {"group": 4, "user": 3, "timestamp": "2022-01-30T08:47:42.342Z", "body": "h1", "is_delete": false, "is_media_present": false, "bucket": null, "user_read": [1, 2, 3], "receiver_delete": [1]}}, {"model": "chat.groupchat", "pk": 261, "fields": {"group": 4, "user": 3, "timestamp": "2022-01-30T08:52:58.195Z", "body": "h2", "is_delete": false, "is_media_present": false, "bucket": null, "user_read": [1, 2, 3], "receiver_delete": [1]}}, {"model": "chat.groupchat", "pk": 262, "fields": {"group": 4, "user": 3, "timestamp": "2022-01-30T08:56:42.270Z", "body": "h3\n", "is_delete": false, "is_media_present": false, "bucket": null, "user_read": [1, 2, 3], "receiver_delete": [1]}}, {"model": "chat.groupchat", "pk": 263, "fields": {"group": 4, "user": 3, "timestamp": "2022-01-30T09:53:47.086Z", "body": "h4\n", "is_delete": false, "is_media_present": false, "bucket": null, "user_read": [1, 2, 3], "receiver_delete": [1]}}, {"model": "chat.groupchat", "pk": 264, "fields": {"group": 4, "user": 1, "timestamp": "2022-01-30T12:25:24.559Z", "body": "asd ", "is_delete": true, "is_media_present": false, "bucket": null, "user_read": [1, 2, 3], "receiver_delete": []}}, {"model": "chat.groupchat", "pk": 265, "fields": {"group": 4, "user": 2, "timestamp": "2022-01-30T12:25:46.918Z", "body": "asd \n", "is_delete": false, "is_media_present": false, "bucket": null, "user_read": [1, 2, 3], "receiver_delete": [1]}}, {"model": "chat.groupchat", "pk": 266, "fields": {"group": 4, "user": 3, "timestamp": "2022-01-31T05:49:43.371Z", "body": "hello", "is_delete": false, "is_media_present": false, "bucket": null, "user_read": [1, 2, 3], "receiver_delete": [1]}}, {"model": "chat.groupchat", "pk": 267, "fields": {"group": 5, "user": 5, "timestamp": "2022-01-31T09:15:44.325Z", "body": "whats up", "is_delete": false, "is_media_present": false, "bucket": null, "user_read": [5, 6], "receiver_delete": []}}, {"model": "chat.groupchat", "pk": 268, "fields": {"group": 5, "user": 6, "timestamp": "2022-01-31T09:25:25.998Z", "body": "whats upo\n", "is_delete": false, "is_media_present": false, "bucket": null, "user_read": [5, 6], "receiver_delete": []}}, {"model": "chat.groupchat", "pk": 269, "fields": {"group": 4, "user": 1, "timestamp": "2022-01-31T09:35:43.698Z", "body": "hi", "is_delete": true, "is_media_present": false, "bucket": null, "user_read": [1, 2, 3], "receiver_delete": []}}, {"model": "chat.groupchat", "pk": 270, "fields": {"group": 5, "user": 5, "timestamp": "2022-01-31T09:36:30.616Z", "body": "find the earphones", "is_delete": false, "is_media_present": false, "bucket": null, "user_read": [5, 6], "receiver_delete": []}}, {"model": "chat.groupchat", "pk": 271, "fields": {"group": 5, "user": 6, "timestamp": "2022-01-31T09:36:53.828Z", "body": "gooo", "is_delete": false, "is_media_present": false, "bucket": null, "user_read": [5, 6], "receiver_delete": []}}, {"model": "chat.groupchat", "pk": 272, "fields": {"group": 5, "user": 5, "timestamp": "2022-01-31T09:37:14.978Z", "body": "can you hear me", "is_delete": false, "is_media_present": false, "bucket": null, "user_read": [5, 6], "receiver_delete": []}}, {"model": "chat.groupchat", "pk": 273, "fields": {"group": 4, "user": 2, "timestamp": "2022-01-31T09:38:41.653Z", "body": "Hello everyy", "is_delete": false, "is_media_present": false, "bucket": null, "user_read": [1, 2, 3], "receiver_delete": [1]}}, {"model": "chat.groupchat", "pk": 274, "fields": {"group": 4, "user": 2, "timestamp": "2022-01-31T09:38:54.775Z", "body": "Working", "is_delete": false, "is_media_present": false, "bucket": null, "user_read": [1, 2, 3], "receiver_delete": [1]}}, {"model": "chat.groupchat", "pk": 275, "fields": {"group": 4, "user": 2, "timestamp": "2022-01-31T14:54:29.106Z", "body": "hi amit\n", "is_delete": false, "is_media_present": false, "bucket": null, "user_read": [1, 2, 3], "receiver_delete": [1]}}, {"model": "chat.groupchat", "pk": 276, "fields": {"group": 4, "user": 1, "timestamp": "2022-01-31T14:54:40.697Z", "body": "hi ", "is_delete": true, "is_media_present": false, "bucket": null, "user_read": [1, 2, 3], "receiver_delete": []}}, {"model": "chat.groupchat", "pk": 277, "fields": {"group": 4, "user": 1, "timestamp": "2022-01-31T14:55:00.874Z", "body": "hi ", "is_delete": true, "is_media_present": false, "bucket": null, "user_read": [1, 2, 3], "receiver_delete": []}}, {"model": "chat.groupchat", "pk": 278, "fields": {"group": 4, "user": 2, "timestamp": "2022-01-31T14:55:07.425Z", "body": "hello\n", "is_delete": false, "is_media_present": false, "bucket": null, "user_read": [1, 2, 3], "receiver_delete": [1]}}, {"model": "chat.groupchat", "pk": 279, "fields": {"group": 4, "user": 1, "timestamp": "2022-01-31T14:55:16.580Z", "body": "h1\n", "is_delete": true, "is_media_present": false, "bucket": null, "user_read": [1, 2, 3], "receiver_delete": []}}, {"model": "chat.groupchat", "pk": 280, "fields": {"group": 4, "user": 3, "timestamp": "2022-02-01T05:48:09.927Z", "body": "hello", "is_delete": false, "is_media_present": false, "bucket": null, "user_read": [1, 2, 3], "receiver_delete": [1]}}, {"model": "chat.groupchat", "pk": 281, "fields": {"group": 4, "user": 2, "timestamp": "2022-02-01T05:48:25.874Z", "body": "hy \n", "is_delete": false, "is_media_present": false, "bucket": null, "user_read": [1, 2, 3], "receiver_delete": [1]}}, {"model": "chat.groupchat", "pk": 282, "fields": {"group": 4, "user": 1, "timestamp": "2022-02-01T05:48:45.741Z", "body": "asdf", "is_delete": true, "is_media_present": false, "bucket": null, "user_read": [1, 2, 3], "receiver_delete": []}}, {"model": "chat.groupchat", "pk": 283, "fields": {"group": 4, "user": 2, "timestamp": "2022-02-01T05:48:49.804Z", "body": "asdf\n", "is_delete": false, "is_media_present": false, "bucket": null, "user_read": [1, 2, 3], "receiver_delete": [1]}}, {"model": "chat.groupchat", "pk": 284, "fields": {"group": 4, "user": 2, "timestamp": "2022-02-01T05:49:18.859Z", "body": "dsdfgsdf\n", "is_delete": false, "is_media_present": false, "bucket": null, "user_read": [1, 2, 3], "receiver_delete": [1]}}, {"model": "chat.groupchat", "pk": 285, "fields": {"group": 4, "user": 1, "timestamp": "2022-02-01T05:49:32.802Z", "body": "asdfasdf", "is_delete": true, "is_media_present": false, "bucket": null, "user_read": [1, 2, 3], "receiver_delete": []}}, {"model": "chat.groupchat", "pk": 286, "fields": {"group": 4, "user": 1, "timestamp": "2022-02-01T05:49:34.152Z", "body": "asdf", "is_delete": true, "is_media_present": false, "bucket": null, "user_read": [1, 2, 3], "receiver_delete": []}}, {"model": "chat.groupchat", "pk": 287, "fields": {"group": 4, "user": 3, "timestamp": "2022-02-01T05:50:04.063Z", "body": "hello from aniket\n", "is_delete": false, "is_media_present": false, "bucket": null, "user_read": [1, 2, 3], "receiver_delete": [1]}}, {"model": "chat.groupchat", "pk": 288, "fields": {"group": 4, "user": 3, "timestamp": "2022-02-01T05:54:29.066Z", "body": "hell", "is_delete": false, "is_media_present": false, "bucket": null, "user_read": [1, 2, 3], "receiver_delete": [1]}}, {"model": "chat.groupchat", "pk": 289, "fields": {"group": 4, "user": 3, "timestamp": "2022-02-01T05:55:08.416Z", "body": "h2", "is_delete": false, "is_media_present": false, "bucket": null, "user_read": [1, 2, 3], "receiver_delete": [1]}}, {"model": "chat.groupchat", "pk": 290, "fields": {"group": 4, "user": 3, "timestamp": "2022-02-01T05:55:44.969Z", "body": "h3", "is_delete": false, "is_media_present": false, "bucket": null, "user_read": [1, 2, 3], "receiver_delete": [1]}}, {"model": "chat.groupchat", "pk": 291, "fields": {"group": 4, "user": 3, "timestamp": "2022-02-01T05:55:57.338Z", "body": "h4\n", "is_delete": false, "is_media_present": false, "bucket": null, "user_read": [1, 2, 3], "receiver_delete": [1]}}, {"model": "chat.groupchat", "pk": 292, "fields": {"group": 4, "user": 3, "timestamp": "2022-02-01T05:56:12.381Z", "body": "h5", "is_delete": false, "is_media_present": false, "bucket": null, "user_read": [1, 2, 3], "receiver_delete": [1]}}, {"model": "chat.groupchat", "pk": 293, "fields": {"group": 4, "user": 3, "timestamp": "2022-02-01T05:56:27.018Z", "body": "h6\n", "is_delete": false, "is_media_present": false, "bucket": null, "user_read": [1, 2, 3], "receiver_delete": [1]}}, {"model": "chat.groupchat", "pk": 294, "fields": {"group": 5, "user": 6, "timestamp": "2022-02-02T06:05:51.606Z", "body": "hii", "is_delete": false, "is_media_present": false, "bucket": null, "user_read": [5, 6], "receiver_delete": []}}, {"model": "chat.groupchat", "pk": 295, "fields": {"group": 5, "user": 5, "timestamp": "2022-02-02T06:06:24.692Z", "body": "hey", "is_delete": false, "is_media_present": false, "bucket": null, "user_read": [5, 6], "receiver_delete": []}}, {"model": "chat.groupchat", "pk": 296, "fields": {"group": 5, "user": 6, "timestamp": "2022-02-02T06:08:33.171Z", "body": "joining qIT \\", "is_delete": false, "is_media_present": false, "bucket": null, "user_read": [5, 6], "receiver_delete": []}}, {"model": "chat.groupchat", "pk": 297, "fields": {"group": 5, "user": 6, "timestamp": "2022-02-02T06:08:46.403Z", "body": "ITS TAKING LOT OF TIME TO LOAD ", "is_delete": false, "is_media_present": false, "bucket": null, "user_read": [5, 6], "receiver_delete": []}}, {"model": "chat.groupchat", "pk": 298, "fields": {"group": 5, "user": 6, "timestamp": "2022-02-02T06:10:25.066Z", "body": "IM UNABKLE T MUTE \\", "is_delete": false, "is_media_present": false, "bucket": null, "user_read": [5, 6], "receiver_delete": []}}, {"model": "chat.groupchat", "pk": 299, "fields": {"group": 5, "user": 5, "timestamp": "2022-02-02T06:11:17.024Z", "body": "why", "is_delete": false, "is_media_present": false, "bucket": null, "user_read": [5, 6], "receiver_delete": []}}, {"model": "chat.groupchat", "pk": 300, "fields": {"group": 5, "user": 5, "timestamp": "2022-02-02T06:11:22.090Z", "body": "talk something", "is_delete": false, "is_media_present": false, "bucket": null, "user_read": [5, 6], "receiver_delete": []}}, {"model": "chat.groupchat", "pk": 301, "fields": {"group": 5, "user": 6, "timestamp": "2022-02-02T06:16:30.305Z", "body": "sgsgsggsgs", "is_delete": false, "is_media_present": false, "bucket": null, "user_read": [5, 6], "receiver_delete": []}}, {"model": "chat.groupchat", "pk": 302, "fields": {"group": 5, "user": 6, "timestamp": "2022-02-02T06:17:01.688Z", "body": "akhil ", "is_delete": false, "is_media_present": false, "bucket": null, "user_read": [5, 6], "receiver_delete": []}}, {"model": "chat.groupchat", "pk": 303, "fields": {"group": 5, "user": 5, "timestamp": "2022-02-02T06:17:03.110Z", "body": "hi", "is_delete": false, "is_media_present": false, "bucket": null, "user_read": [5, 6], "receiver_delete": []}}, {"model": "chat.groupchat", "pk": 304, "fields": {"group": 4, "user": 2, "timestamp": "2022-02-02T06:23:22.781Z", "body": "asdf\n", "is_delete": false, "is_media_present": false, "bucket": null, "user_read": [1, 2, 3], "receiver_delete": [1]}}, {"model": "chat.groupchat", "pk": 305, "fields": {"group": 4, "user": 2, "timestamp": "2022-02-02T06:23:41.452Z", "body": "asdf", "is_delete": false, "is_media_present": false, "bucket": null, "user_read": [1, 2, 3], "receiver_delete": [1]}}, {"model": "chat.groupchat", "pk": 306, "fields": {"group": 4, "user": 2, "timestamp": "2022-02-02T06:23:54.984Z", "body": "asdf", "is_delete": false, "is_media_present": false, "bucket": null, "user_read": [1, 2, 3], "receiver_delete": [1]}}, {"model": "chat.groupchat", "pk": 307, "fields": {"group": 4, "user": 1, "timestamp": "2022-02-02T06:23:59.193Z", "body": "asd", "is_delete": true, "is_media_present": false, "bucket": null, "user_read": [1, 2, 3], "receiver_delete": []}}, {"model": "chat.groupchat", "pk": 308, "fields": {"group": 4, "user": 2, "timestamp": "2022-02-02T06:24:06.675Z", "body": "as", "is_delete": false, "is_media_present": false, "bucket": null, "user_read": [1, 2, 3], "receiver_delete": [1]}}, {"model": "chat.groupchat", "pk": 309, "fields": {"group": 4, "user": 3, "timestamp": "2022-02-02T06:27:04.699Z", "body": "hello\n", "is_delete": false, "is_media_present": false, "bucket": null, "user_read": [1, 2, 3], "receiver_delete": [1]}}, {"model": "chat.groupchat", "pk": 310, "fields": {"group": 4, "user": 3, "timestamp": "2022-02-02T06:27:29.958Z", "body": "hello from code room", "is_delete": false, "is_media_present": false, "bucket": null, "user_read": [1, 2, 3], "receiver_delete": [1]}}, {"model": "chat.groupchat", "pk": 311, "fields": {"group": 4, "user": 2, "timestamp": "2022-02-02T06:27:37.659Z", "body": "heyyy ", "is_delete": false, "is_media_present": false, "bucket": null, "user_read": [1, 2, 3], "receiver_delete": [1]}}, {"model": "chat.groupchat", "pk": 312, "fields": {"group": 4, "user": 2, "timestamp": "2022-02-02T06:27:51.941Z", "body": "asdfasd", "is_delete": false, "is_media_present": false, "bucket": null, "user_read": [1, 2, 3], "receiver_delete": [1]}}, {"model": "chat.groupchat", "pk": 313, "fields": {"group": 4, "user": 2, "timestamp": "2022-02-02T06:28:26.482Z", "body": "asdf\n", "is_delete": false, "is_media_present": false, "bucket": null, "user_read": [1, 2, 3], "receiver_delete": [1]}}, {"model": "chat.groupchat", "pk": 314, "fields": {"group": 4, "user": 1, "timestamp": "2022-02-02T07:45:47.556Z", "body": "hello", "is_delete": true, "is_media_present": false, "bucket": null, "user_read": [1, 2, 3], "receiver_delete": []}}, {"model": "chat.groupchat", "pk": 315, "fields": {"group": 4, "user": 1, "timestamp": "2022-02-02T07:53:56.234Z", "body": "new msg", "is_delete": true, "is_media_present": false, "bucket": null, "user_read": [1, 2, 3], "receiver_delete": []}}, {"model": "chat.groupchat", "pk": 316, "fields": {"group": 4, "user": 1, "timestamp": "2022-02-02T07:56:27.917Z", "body": "hello", "is_delete": true, "is_media_present": false, "bucket": null, "user_read": [1, 2, 3], "receiver_delete": []}}, {"model": "chat.groupchat", "pk": 317, "fields": {"group": 4, "user": 3, "timestamp": "2022-02-02T08:02:09.813Z", "body": "heelo\n", "is_delete": false, "is_media_present": false, "bucket": null, "user_read": [1, 2, 3], "receiver_delete": [1]}}, {"model": "chat.groupchat", "pk": 318, "fields": {"group": 4, "user": 3, "timestamp": "2022-02-02T08:02:35.719Z", "body": "hi\n", "is_delete": false, "is_media_present": false, "bucket": null, "user_read": [1, 2, 3], "receiver_delete": [1]}}, {"model": "chat.groupchat", "pk": 319, "fields": {"group": 4, "user": 1, "timestamp": "2022-02-02T08:07:53.278Z", "body": "h1\n", "is_delete": true, "is_media_present": false, "bucket": null, "user_read": [1, 2, 3], "receiver_delete": []}}, {"model": "chat.groupchat", "pk": 320, "fields": {"group": 4, "user": 3, "timestamp": "2022-02-02T08:08:03.648Z", "body": "h2\n", "is_delete": false, "is_media_present": false, "bucket": null, "user_read": [1, 2, 3], "receiver_delete": [1]}}, {"model": "chat.groupchat", "pk": 321, "fields": {"group": 4, "user": 1, "timestamp": "2022-02-02T08:09:56.245Z", "body": "h3", "is_delete": true, "is_media_present": false, "bucket": null, "user_read": [1, 2, 3], "receiver_delete": []}}, {"model": "chat.groupchat", "pk": 322, "fields": {"group": 4, "user": 3, "timestamp": "2022-02-02T08:10:22.526Z", "body": "h4", "is_delete": false, "is_media_present": false, "bucket": null, "user_read": [1, 2, 3], "receiver_delete": [1]}}, {"model": "chat.groupchat", "pk": 323, "fields": {"group": 4, "user": 3, "timestamp": "2022-02-02T08:10:51.050Z", "body": "h5", "is_delete": false, "is_media_present": false, "bucket": null, "user_read": [1, 2, 3], "receiver_delete": [1]}}, {"model": "chat.groupchat", "pk": 324, "fields": {"group": 4, "user": 3, "timestamp": "2022-02-02T08:12:08.065Z", "body": "asdfasdf", "is_delete": false, "is_media_present": false, "bucket": null, "user_read": [1, 2, 3], "receiver_delete": [1]}}, {"model": "chat.groupchat", "pk": 325, "fields": {"group": 4, "user": 1, "timestamp": "2022-02-02T08:34:17.902Z", "body": "ddsdf", "is_delete": true, "is_media_present": false, "bucket": null, "user_read": [1, 2, 3], "receiver_delete": []}}, {"model": "chat.groupchat", "pk": 326, "fields": {"group": 4, "user": 3, "timestamp": "2022-02-02T08:34:45.868Z", "body": "h1", "is_delete": false, "is_media_present": false, "bucket": null, "user_read": [1, 2, 3], "receiver_delete": [1]}}, {"model": "chat.groupchat", "pk": 327, "fields": {"group": 4, "user": 1, "timestamp": "2022-02-02T08:35:38.919Z", "body": "h2", "is_delete": true, "is_media_present": false, "bucket": null, "user_read": [1, 2, 3], "receiver_delete": []}}, {"model": "chat.groupchat", "pk": 328, "fields": {"group": 4, "user": 3, "timestamp": "2022-02-02T08:37:30.362Z", "body": "h3", "is_delete": false, "is_media_present": false, "bucket": null, "user_read": [1, 2, 3], "receiver_delete": [1]}}, {"model": "chat.groupchat", "pk": 329, "fields": {"group": 4, "user": 1, "timestamp": "2022-02-02T08:37:39.724Z", "body": "asdf", "is_delete": true, "is_media_present": false, "bucket": null, "user_read": [1, 2, 3], "receiver_delete": []}}, {"model": "chat.groupchat", "pk": 330, "fields": {"group": 4, "user": 3, "timestamp": "2022-02-02T08:42:42.902Z", "body": "sdf", "is_delete": false, "is_media_present": false, "bucket": null, "user_read": [1, 2, 3], "receiver_delete": [1]}}, {"model": "chat.groupchat", "pk": 331, "fields": {"group": 4, "user": 3, "timestamp": "2022-02-02T08:44:45.213Z", "body": "dfg", "is_delete": false, "is_media_present": false, "bucket": null, "user_read": [1, 2, 3], "receiver_delete": [1]}}, {"model": "chat.groupchat", "pk": 332, "fields": {"group": 4, "user": 3, "timestamp": "2022-02-02T08:46:30.338Z", "body": "h1", "is_delete": false, "is_media_present": false, "bucket": null, "user_read": [1, 2, 3], "receiver_delete": [1]}}, {"model": "chat.groupchat", "pk": 333, "fields": {"group": 4, "user": 1, "timestamp": "2022-02-02T08:46:54.903Z", "body": "h2", "is_delete": true, "is_media_present": false, "bucket": null, "user_read": [1, 2, 3], "receiver_delete": []}}, {"model": "chat.groupchat", "pk": 334, "fields": {"group": 4, "user": 1, "timestamp": "2022-02-02T08:55:48.132Z", "body": "h3", "is_delete": true, "is_media_present": false, "bucket": null, "user_read": [1, 2, 3], "receiver_delete": []}}, {"model": "chat.groupchat", "pk": 335, "fields": {"group": 4, "user": 1, "timestamp": "2022-02-02T08:57:46.341Z", "body": "h4", "is_delete": true, "is_media_present": false, "bucket": null, "user_read": [1, 2, 3], "receiver_delete": []}}, {"model": "chat.groupchat", "pk": 336, "fields": {"group": 4, "user": 3, "timestamp": "2022-02-02T09:03:43.702Z", "body": "h5", "is_delete": false, "is_media_present": false, "bucket": null, "user_read": [1, 2, 3], "receiver_delete": [1]}}, {"model": "chat.groupchat", "pk": 337, "fields": {"group": 4, "user": 1, "timestamp": "2022-02-02T09:03:56.021Z", "body": "h55", "is_delete": true, "is_media_present": false, "bucket": null, "user_read": [1, 2, 3], "receiver_delete": []}}, {"model": "chat.groupchat", "pk": 338, "fields": {"group": 4, "user": 1, "timestamp": "2022-02-02T09:04:13.629Z", "body": "g4", "is_delete": true, "is_media_present": false, "bucket": null, "user_read": [1, 2, 3], "receiver_delete": []}}, {"model": "chat.groupchat", "pk": 339, "fields": {"group": 4, "user": 3, "timestamp": "2022-02-02T09:04:41.281Z", "body": "g5", "is_delete": false, "is_media_present": false, "bucket": null, "user_read": [1, 2, 3], "receiver_delete": [1]}}, {"model": "chat.groupchat", "pk": 340, "fields": {"group": 4, "user": 3, "timestamp": "2022-02-02T09:04:53.917Z", "body": "45", "is_delete": false, "is_media_present": false, "bucket": null, "user_read": [1, 2, 3], "receiver_delete": [1]}}, {"model": "chat.groupchat", "pk": 341, "fields": {"group": 4, "user": 1, "timestamp": "2022-02-02T09:06:20.460Z", "body": "85", "is_delete": true, "is_media_present": false, "bucket": null, "user_read": [1, 2, 3], "receiver_delete": []}}, {"model": "chat.groupchat", "pk": 342, "fields": {"group": 4, "user": 3, "timestamp": "2022-02-02T09:08:54.203Z", "body": "23", "is_delete": false, "is_media_present": false, "bucket": null, "user_read": [1, 2, 3], "receiver_delete": [1]}}, {"model": "chat.groupchat", "pk": 343, "fields": {"group": 4, "user": 1, "timestamp": "2022-02-02T09:09:04.106Z", "body": "213", "is_delete": true, "is_media_present": false, "bucket": null, "user_read": [1, 2, 3], "receiver_delete": []}}, {"model": "chat.groupchat", "pk": 344, "fields": {"group": 4, "user": 1, "timestamp": "2022-02-02T09:10:30.581Z", "body": "63", "is_delete": true, "is_media_present": false, "bucket": null, "user_read": [1, 2, 3], "receiver_delete": []}}, {"model": "chat.groupchat", "pk": 345, "fields": {"group": 4, "user": 3, "timestamp": "2022-02-02T09:10:40.292Z", "body": "25", "is_delete": false, "is_media_present": false, "bucket": null, "user_read": [1, 2, 3], "receiver_delete": [1]}}, {"model": "chat.groupchat", "pk": 346, "fields": {"group": 4, "user": 1, "timestamp": "2022-02-02T09:13:08.101Z", "body": "finalmsg", "is_delete": true, "is_media_present": false, "bucket": null, "user_read": [1, 2, 3], "receiver_delete": []}}, {"model": "chat.groupchat", "pk": 347, "fields": {"group": 4, "user": 3, "timestamp": "2022-02-02T09:13:28.655Z", "body": "finalmsg", "is_delete": false, "is_media_present": false, "bucket": null, "user_read": [1, 2, 3], "receiver_delete": [1]}}, {"model": "chat.groupchat", "pk": 348, "fields": {"group": 4, "user": 1, "timestamp": "2022-02-02T11:09:43.688Z", "body": "asdf", "is_delete": true, "is_media_present": false, "bucket": null, "user_read": [1, 2, 3], "receiver_delete": []}}, {"model": "chat.groupchat", "pk": 349, "fields": {"group": 4, "user": 2, "timestamp": "2022-02-02T11:09:46.598Z", "body": "hii amit\n", "is_delete": false, "is_media_present": false, "bucket": null, "user_read": [1, 2, 3], "receiver_delete": [1]}}, {"model": "chat.groupchat", "pk": 350, "fields": {"group": 4, "user": 2, "timestamp": "2022-02-02T11:10:14.964Z", "body": "hello bro\n", "is_delete": false, "is_media_present": false, "bucket": null, "user_read": [1, 2, 3], "receiver_delete": [1]}}, {"model": "chat.groupchat", "pk": 351, "fields": {"group": 4, "user": 1, "timestamp": "2022-02-02T11:11:00.856Z", "body": "sdfsdfg\n", "is_delete": true, "is_media_present": false, "bucket": null, "user_read": [1, 2, 3], "receiver_delete": []}}, {"model": "chat.groupchat", "pk": 352, "fields": {"group": 4, "user": 1, "timestamp": "2022-02-02T11:11:28.828Z", "body": "asdf", "is_delete": true, "is_media_present": false, "bucket": null, "user_read": [1, 2, 3], "receiver_delete": []}}, {"model": "chat.groupchat", "pk": 353, "fields": {"group": 4, "user": 1, "timestamp": "2022-02-02T11:12:43.108Z", "body": "asdf", "is_delete": true, "is_media_present": false, "bucket": null, "user_read": [1, 2, 3], "receiver_delete": []}}, {"model": "chat.groupchat", "pk": 354, "fields": {"group": 4, "user": 1, "timestamp": "2022-02-02T11:13:04.617Z", "body": "hello bro", "is_delete": true, "is_media_present": false, "bucket": null, "user_read": [1, 2, 3], "receiver_delete": []}}, {"model": "chat.groupchat", "pk": 355, "fields": {"group": 4, "user": 1, "timestamp": "2022-02-02T11:13:18.067Z", "body": "asdf", "is_delete": true, "is_media_present": false, "bucket": null, "user_read": [1, 2, 3], "receiver_delete": []}}, {"model": "chat.groupchat", "pk": 356, "fields": {"group": 4, "user": 1, "timestamp": "2022-02-02T11:14:47.505Z", "body": "asdfasdf", "is_delete": true, "is_media_present": false, "bucket": null, "user_read": [1, 2, 3], "receiver_delete": []}}, {"model": "chat.groupchat", "pk": 357, "fields": {"group": 4, "user": 2, "timestamp": "2022-02-02T11:15:19.040Z", "body": "asdf", "is_delete": false, "is_media_present": false, "bucket": null, "user_read": [1, 2, 3], "receiver_delete": [1]}}, {"model": "chat.groupchat", "pk": 358, "fields": {"group": 4, "user": 1, "timestamp": "2022-02-02T11:15:23.468Z", "body": "asdf", "is_delete": true, "is_media_present": false, "bucket": null, "user_read": [1, 2, 3], "receiver_delete": []}}, {"model": "chat.groupchat", "pk": 359, "fields": {"group": 4, "user": 2, "timestamp": "2022-02-02T11:15:40.265Z", "body": "asdffff", "is_delete": false, "is_media_present": false, "bucket": null, "user_read": [1, 2, 3], "receiver_delete": [1]}}, {"model": "chat.groupchat", "pk": 360, "fields": {"group": 4, "user": 1, "timestamp": "2022-02-02T11:15:51.929Z", "body": "asffff", "is_delete": true, "is_media_present": false, "bucket": null, "user_read": [1, 2, 3], "receiver_delete": []}}, {"model": "chat.groupchat", "pk": 361, "fields": {"group": 4, "user": 2, "timestamp": "2022-02-02T11:15:59.770Z", "body": "asdf", "is_delete": false, "is_media_present": false, "bucket": null, "user_read": [1, 2, 3], "receiver_delete": [1]}}, {"model": "chat.groupchat", "pk": 362, "fields": {"group": 4, "user": 2, "timestamp": "2022-02-02T11:16:09.781Z", "body": "asdf", "is_delete": false, "is_media_present": false, "bucket": null, "user_read": [1, 2, 3], "receiver_delete": [1]}}, {"model": "chat.groupchat", "pk": 363, "fields": {"group": 4, "user": 1, "timestamp": "2022-02-02T11:16:50.858Z", "body": "asdf", "is_delete": true, "is_media_present": false, "bucket": null, "user_read": [1, 2, 3], "receiver_delete": []}}, {"model": "chat.groupchat", "pk": 364, "fields": {"group": 4, "user": 2, "timestamp": "2022-02-02T11:16:59.380Z", "body": "asdf", "is_delete": false, "is_media_present": false, "bucket": null, "user_read": [1, 2, 3], "receiver_delete": [1]}}, {"model": "chat.groupchat", "pk": 365, "fields": {"group": 4, "user": 2, "timestamp": "2022-02-02T11:17:06.056Z", "body": "ass", "is_delete": false, "is_media_present": false, "bucket": null, "user_read": [1, 2, 3], "receiver_delete": [1]}}, {"model": "chat.groupchat", "pk": 366, "fields": {"group": 4, "user": 1, "timestamp": "2022-02-02T11:17:12.048Z", "body": "test", "is_delete": true, "is_media_present": false, "bucket": null, "user_read": [1, 2, 3], "receiver_delete": []}}, {"model": "chat.groupchat", "pk": 367, "fields": {"group": 4, "user": 2, "timestamp": "2022-02-02T11:17:12.088Z", "body": "ffffff", "is_delete": false, "is_media_present": false, "bucket": null, "user_read": [1, 2, 3], "receiver_delete": [1]}}, {"model": "chat.groupchat", "pk": 368, "fields": {"group": 4, "user": 2, "timestamp": "2022-02-02T11:17:17.662Z", "body": "ffffffffffff", "is_delete": false, "is_media_present": false, "bucket": null, "user_read": [1, 2, 3], "receiver_delete": [1]}}, {"model": "chat.groupchat", "pk": 369, "fields": {"group": 4, "user": 2, "timestamp": "2022-02-02T11:39:46.827Z", "body": "asdf", "is_delete": false, "is_media_present": false, "bucket": null, "user_read": [1, 2, 3], "receiver_delete": [1]}}, {"model": "chat.groupchat", "pk": 370, "fields": {"group": 4, "user": 3, "timestamp": "2022-02-02T11:45:29.402Z", "body": "hello\n", "is_delete": false, "is_media_present": false, "bucket": null, "user_read": [1, 2, 3], "receiver_delete": [1]}}, {"model": "chat.groupchat", "pk": 371, "fields": {"group": 4, "user": 3, "timestamp": "2022-02-02T11:46:19.938Z", "body": "h1\n", "is_delete": false, "is_media_present": false, "bucket": null, "user_read": [1, 2, 3], "receiver_delete": [1]}}, {"model": "chat.groupchat", "pk": 372, "fields": {"group": 4, "user": 3, "timestamp": "2022-02-02T11:47:34.959Z", "body": "h2\n", "is_delete": false, "is_media_present": false, "bucket": null, "user_read": [1, 2, 3], "receiver_delete": [1]}}, {"model": "chat.groupchat", "pk": 373, "fields": {"group": 4, "user": 3, "timestamp": "2022-02-02T11:49:17.999Z", "body": "h3\n", "is_delete": false, "is_media_present": false, "bucket": null, "user_read": [1, 2, 3], "receiver_delete": [1]}}, {"model": "chat.groupchat", "pk": 374, "fields": {"group": 4, "user": 1, "timestamp": "2022-02-02T11:51:01.682Z", "body": "h4\n", "is_delete": true, "is_media_present": false, "bucket": null, "user_read": [1, 2, 3], "receiver_delete": []}}, {"model": "chat.groupchat", "pk": 375, "fields": {"group": 4, "user": 3, "timestamp": "2022-02-02T11:51:12.471Z", "body": "h5\n", "is_delete": false, "is_media_present": false, "bucket": null, "user_read": [1, 2, 3], "receiver_delete": [1]}}, {"model": "chat.groupchat", "pk": 376, "fields": {"group": 4, "user": 1, "timestamp": "2022-02-02T11:51:20.916Z", "body": "hj\n", "is_delete": true, "is_media_present": false, "bucket": null, "user_read": [1, 2, 3], "receiver_delete": []}}, {"model": "chat.groupchat", "pk": 377, "fields": {"group": 4, "user": 1, "timestamp": "2022-02-02T11:55:35.703Z", "body": "dfsdfgsdf\n", "is_delete": true, "is_media_present": false, "bucket": null, "user_read": [1, 2, 3], "receiver_delete": []}}, {"model": "chat.groupchat", "pk": 378, "fields": {"group": 4, "user": 1, "timestamp": "2022-02-02T11:55:44.290Z", "body": "sdfasdf\n", "is_delete": true, "is_media_present": false, "bucket": null, "user_read": [1, 2, 3], "receiver_delete": []}}, {"model": "chat.groupchat", "pk": 379, "fields": {"group": 4, "user": 3, "timestamp": "2022-02-02T12:03:46.051Z", "body": "sdfsfdgf\n", "is_delete": false, "is_media_present": false, "bucket": null, "user_read": [1, 2, 3], "receiver_delete": [1]}}, {"model": "chat.groupchat", "pk": 380, "fields": {"group": 4, "user": 3, "timestamp": "2022-02-02T12:04:00.481Z", "body": "h5\n", "is_delete": false, "is_media_present": false, "bucket": null, "user_read": [1, 2, 3], "receiver_delete": [1]}}, {"model": "chat.groupchat", "pk": 381, "fields": {"group": 4, "user": 1, "timestamp": "2022-02-02T12:05:37.817Z", "body": "h5\n", "is_delete": true, "is_media_present": false, "bucket": null, "user_read": [1, 2, 3], "receiver_delete": []}}, {"model": "chat.groupchat", "pk": 382, "fields": {"group": 4, "user": 3, "timestamp": "2022-02-02T12:05:48.256Z", "body": "adfdfsdfdsaasd\n", "is_delete": false, "is_media_present": false, "bucket": null, "user_read": [1, 2, 3], "receiver_delete": [1]}}, {"model": "chat.groupchat", "pk": 383, "fields": {"group": 4, "user": 3, "timestamp": "2022-02-02T12:06:12.403Z", "body": "aniket\n", "is_delete": false, "is_media_present": false, "bucket": null, "user_read": [1, 2, 3], "receiver_delete": [1]}}, {"model": "chat.groupchat", "pk": 384, "fields": {"group": 4, "user": 3, "timestamp": "2022-02-02T12:06:32.368Z", "body": "d\n", "is_delete": false, "is_media_present": false, "bucket": null, "user_read": [1, 2, 3], "receiver_delete": [1]}}, {"model": "chat.groupchat", "pk": 385, "fields": {"group": 4, "user": 3, "timestamp": "2022-02-02T12:07:06.978Z", "body": "d\n", "is_delete": false, "is_media_present": false, "bucket": null, "user_read": [1, 2, 3], "receiver_delete": [1]}}, {"model": "chat.groupchat", "pk": 386, "fields": {"group": 4, "user": 1, "timestamp": "2022-02-02T12:08:19.327Z", "body": "a\n", "is_delete": true, "is_media_present": false, "bucket": null, "user_read": [1, 2, 3], "receiver_delete": []}}, {"model": "chat.groupchat", "pk": 387, "fields": {"group": 4, "user": 3, "timestamp": "2022-02-02T12:08:31.178Z", "body": "1\n", "is_delete": false, "is_media_present": false, "bucket": null, "user_read": [1, 2, 3], "receiver_delete": [1]}}, {"model": "chat.groupchat", "pk": 388, "fields": {"group": 4, "user": 1, "timestamp": "2022-02-02T12:09:10.250Z", "body": "z\n", "is_delete": true, "is_media_present": false, "bucket": null, "user_read": [1, 2, 3], "receiver_delete": []}}, {"model": "chat.groupchat", "pk": 389, "fields": {"group": 4, "user": 3, "timestamp": "2022-02-02T12:09:40.481Z", "body": "1\n", "is_delete": false, "is_media_present": false, "bucket": null, "user_read": [1, 2, 3], "receiver_delete": [1]}}, {"model": "chat.groupchat", "pk": 390, "fields": {"group": 4, "user": 3, "timestamp": "2022-02-02T12:10:09.626Z", "body": "q\n", "is_delete": false, "is_media_present": false, "bucket": null, "user_read": [1, 2, 3], "receiver_delete": [1]}}, {"model": "chat.groupchat", "pk": 391, "fields": {"group": 4, "user": 3, "timestamp": "2022-02-02T12:13:34.474Z", "body": "a1\n", "is_delete": false, "is_media_present": false, "bucket": null, "user_read": [1, 2, 3], "receiver_delete": [1]}}, {"model": "chat.groupchat", "pk": 392, "fields": {"group": 4, "user": 3, "timestamp": "2022-02-02T12:14:28.855Z", "body": "a2\n", "is_delete": false, "is_media_present": false, "bucket": null, "user_read": [1, 2, 3], "receiver_delete": [1]}}, {"model": "chat.groupchat", "pk": 393, "fields": {"group": 4, "user": 1, "timestamp": "2022-02-02T12:14:45.118Z", "body": "a3\n", "is_delete": true, "is_media_present": false, "bucket": null, "user_read": [1, 2, 3], "receiver_delete": []}}, {"model": "chat.groupchat", "pk": 394, "fields": {"group": 4, "user": 1, "timestamp": "2022-02-02T12:15:05.370Z", "body": "a4\n", "is_delete": true, "is_media_present": false, "bucket": null, "user_read": [1, 2, 3], "receiver_delete": []}}, {"model": "chat.groupchat", "pk": 395, "fields": {"group": 4, "user": 3, "timestamp": "2022-02-02T12:23:47.993Z", "body": "1\n", "is_delete": false, "is_media_present": false, "bucket": null, "user_read": [1, 2, 3], "receiver_delete": [1]}}, {"model": "chat.groupchat", "pk": 396, "fields": {"group": 4, "user": 3, "timestamp": "2022-02-02T12:28:33.470Z", "body": "12\n", "is_delete": false, "is_media_present": false, "bucket": null, "user_read": [1, 2, 3], "receiver_delete": [1]}}, {"model": "chat.groupchat", "pk": 397, "fields": {"group": 4, "user": 3, "timestamp": "2022-02-02T12:28:58.814Z", "body": "12\n", "is_delete": false, "is_media_present": false, "bucket": null, "user_read": [1, 2, 3], "receiver_delete": [1]}}, {"model": "chat.groupchat", "pk": 398, "fields": {"group": 4, "user": 3, "timestamp": "2022-02-02T12:29:25.049Z", "body": "13\n", "is_delete": false, "is_media_present": false, "bucket": null, "user_read": [1, 2, 3], "receiver_delete": [1]}}, {"model": "chat.groupchat", "pk": 399, "fields": {"group": 4, "user": 1, "timestamp": "2022-02-02T12:30:03.162Z", "body": "25\n", "is_delete": true, "is_media_present": false, "bucket": null, "user_read": [1, 2, 3], "receiver_delete": []}}, {"model": "chat.groupchat", "pk": 400, "fields": {"group": 8, "user": 3, "timestamp": "2022-02-02T12:37:12.382Z", "body": "hiii\n", "is_delete": false, "is_media_present": false, "bucket": null, "user_read": [3, 7], "receiver_delete": []}}, {"model": "chat.groupchat", "pk": 401, "fields": {"group": 8, "user": 3, "timestamp": "2022-02-02T12:37:54.373Z", "body": "h2\n", "is_delete": false, "is_media_present": false, "bucket": null, "user_read": [3], "receiver_delete": []}}, {"model": "chat.groupchat", "pk": 402, "fields": {"group": 8, "user": 3, "timestamp": "2022-02-02T12:38:22.486Z", "body": "h3\n", "is_delete": false, "is_media_present": false, "bucket": null, "user_read": [3], "receiver_delete": []}}, {"model": "chat.groupchat", "pk": 403, "fields": {"group": 8, "user": 7, "timestamp": "2022-02-02T12:38:32.278Z", "body": "h4\n", "is_delete": false, "is_media_present": false, "bucket": null, "user_read": [7], "receiver_delete": []}}, {"model": "chat.groupchat", "pk": 404, "fields": {"group": 5, "user": 6, "timestamp": "2022-02-02T12:50:48.227Z", "body": "hii\n", "is_delete": false, "is_media_present": false, "bucket": null, "user_read": [5, 6], "receiver_delete": []}}, {"model": "chat.groupchat", "pk": 405, "fields": {"group": 5, "user": 6, "timestamp": "2022-02-02T12:57:49.891Z", "body": "hey", "is_delete": false, "is_media_present": false, "bucket": null, "user_read": [5, 6], "receiver_delete": []}}, {"model": "chat.groupchat", "pk": 406, "fields": {"group": 5, "user": 6, "timestamp": "2022-02-02T13:02:33.663Z", "body": "heyyy", "is_delete": false, "is_media_present": false, "bucket": null, "user_read": [5, 6], "receiver_delete": []}}, {"model": "chat.groupchat", "pk": 407, "fields": {"group": 5, "user": 6, "timestamp": "2022-02-02T13:02:50.160Z", "body": "hiii", "is_delete": false, "is_media_present": false, "bucket": null, "user_read": [5, 6], "receiver_delete": []}}, {"model": "chat.groupchat", "pk": 408, "fields": {"group": 5, "user": 5, "timestamp": "2022-02-02T13:02:56.337Z", "body": "whats up", "is_delete": false, "is_media_present": false, "bucket": null, "user_read": [5, 6], "receiver_delete": []}}, {"model": "chat.groupchat", "pk": 409, "fields": {"group": 5, "user": 6, "timestamp": "2022-02-02T13:03:09.241Z", "body": "fhfhfhf", "is_delete": false, "is_media_present": false, "bucket": null, "user_read": [5, 6], "receiver_delete": []}}, {"model": "chat.groupchat", "pk": 410, "fields": {"group": 5, "user": 5, "timestamp": "2022-02-02T13:03:28.655Z", "body": "heyyyyyy", "is_delete": false, "is_media_present": false, "bucket": null, "user_read": [5, 6], "receiver_delete": []}}, {"model": "chat.groupchat", "pk": 411, "fields": {"group": 5, "user": 5, "timestamp": "2022-02-02T13:11:01.699Z", "body": "heyyy", "is_delete": false, "is_media_present": false, "bucket": null, "user_read": [5, 6], "receiver_delete": []}}, {"model": "chat.groupchat", "pk": 412, "fields": {"group": 4, "user": 2, "timestamp": "2022-02-02T14:12:51.126Z", "body": "hey\n", "is_delete": false, "is_media_present": false, "bucket": null, "user_read": [1, 2], "receiver_delete": [1]}}, {"model": "chat.groupchat", "pk": 413, "fields": {"group": 4, "user": 1, "timestamp": "2022-02-02T14:13:14.882Z", "body": "works\n", "is_delete": true, "is_media_present": false, "bucket": null, "user_read": [1, 2], "receiver_delete": []}}, {"model": "chat.groupchat", "pk": 414, "fields": {"group": 4, "user": 2, "timestamp": "2022-02-02T14:13:49.310Z", "body": "test\n", "is_delete": false, "is_media_present": false, "bucket": null, "user_read": [1, 2], "receiver_delete": [1]}}, {"model": "chat.groupchat", "pk": 415, "fields": {"group": 4, "user": 2, "timestamp": "2022-02-02T14:15:23.633Z", "body": "hii\n", "is_delete": false, "is_media_present": false, "bucket": null, "user_read": [1, 2], "receiver_delete": [1]}}, {"model": "chat.groupchat", "pk": 416, "fields": {"group": 4, "user": 1, "timestamp": "2022-02-02T14:15:51.378Z", "body": "hello\n", "is_delete": true, "is_media_present": false, "bucket": null, "user_read": [1, 2], "receiver_delete": []}}, {"model": "chat.groupchat", "pk": 417, "fields": {"group": 4, "user": 1, "timestamp": "2022-02-02T14:15:58.312Z", "body": "hii\n", "is_delete": true, "is_media_present": false, "bucket": null, "user_read": [1, 2], "receiver_delete": []}}, {"model": "chat.groupchat", "pk": 418, "fields": {"group": 4, "user": 1, "timestamp": "2022-02-02T14:16:03.996Z", "body": "working\n", "is_delete": true, "is_media_present": false, "bucket": null, "user_read": [1, 2], "receiver_delete": []}}, {"model": "chat.groupchat", "pk": 419, "fields": {"group": 4, "user": 2, "timestamp": "2022-02-02T14:16:12.146Z", "body": "tyreytr3\n", "is_delete": false, "is_media_present": false, "bucket": null, "user_read": [1, 2], "receiver_delete": [1]}}, {"model": "chat.groupchat", "pk": 420, "fields": {"group": 4, "user": 1, "timestamp": "2022-02-02T14:16:19.481Z", "body": "trys\n", "is_delete": true, "is_media_present": false, "bucket": null, "user_read": [1, 2], "receiver_delete": []}}, {"model": "chat.groupchat", "pk": 421, "fields": {"group": 4, "user": 1, "timestamp": "2022-02-02T14:16:27.311Z", "body": "test\n", "is_delete": true, "is_media_present": false, "bucket": null, "user_read": [1, 2], "receiver_delete": []}}, {"model": "chat.groupchat", "pk": 422, "fields": {"group": 4, "user": 2, "timestamp": "2022-02-02T15:00:17.607Z", "body": "h", "is_delete": false, "is_media_present": false, "bucket": null, "user_read": [1, 2], "receiver_delete": [1]}}, {"model": "chat.groupchat", "pk": 423, "fields": {"group": 4, "user": 2, "timestamp": "2022-02-02T15:00:27.168Z", "body": "tset", "is_delete": false, "is_media_present": false, "bucket": null, "user_read": [1, 2], "receiver_delete": [1]}}, {"model": "chat.groupchat", "pk": 424, "fields": {"group": 4, "user": 2, "timestamp": "2022-02-02T15:00:38.853Z", "body": "test", "is_delete": false, "is_media_present": false, "bucket": null, "user_read": [1, 2], "receiver_delete": [1]}}, {"model": "chat.groupchat", "pk": 425, "fields": {"group": 4, "user": 1, "timestamp": "2022-02-03T06:46:46.266Z", "body": "asdf\n", "is_delete": true, "is_media_present": false, "bucket": null, "user_read": [1, 2], "receiver_delete": []}}, {"model": "chat.groupchat", "pk": 426, "fields": {"group": 4, "user": 1, "timestamp": "2022-02-03T06:46:54.974Z", "body": "asdf\n", "is_delete": true, "is_media_present": false, "bucket": null, "user_read": [1, 2], "receiver_delete": []}}, {"model": "chat.groupchat", "pk": 427, "fields": {"group": 4, "user": 1, "timestamp": "2022-02-03T06:47:10.996Z", "body": "asdf\n", "is_delete": true, "is_media_present": false, "bucket": null, "user_read": [1, 2], "receiver_delete": []}}, {"model": "chat.groupchat", "pk": 428, "fields": {"group": 4, "user": 1, "timestamp": "2022-02-03T06:47:31.606Z", "body": "asdf\n", "is_delete": true, "is_media_present": false, "bucket": null, "user_read": [1, 2], "receiver_delete": []}}, {"model": "chat.groupchat", "pk": 429, "fields": {"group": 4, "user": 1, "timestamp": "2022-02-03T06:47:38.964Z", "body": "asfsadf", "is_delete": true, "is_media_present": false, "bucket": null, "user_read": [1, 2], "receiver_delete": []}}, {"model": "chat.groupchat", "pk": 430, "fields": {"group": 4, "user": 2, "timestamp": "2022-02-03T06:47:44.474Z", "body": "asdfasdf", "is_delete": false, "is_media_present": false, "bucket": null, "user_read": [1, 2], "receiver_delete": [1]}}, {"model": "chat.groupchat", "pk": 431, "fields": {"group": 4, "user": 1, "timestamp": "2022-02-03T06:47:50.101Z", "body": "asdf", "is_delete": true, "is_media_present": false, "bucket": null, "user_read": [1, 2], "receiver_delete": []}}, {"model": "chat.groupchat", "pk": 432, "fields": {"group": 4, "user": 2, "timestamp": "2022-02-03T06:47:54.035Z", "body": "asdf", "is_delete": false, "is_media_present": false, "bucket": null, "user_read": [1, 2], "receiver_delete": [1]}}, {"model": "chat.groupchat", "pk": 433, "fields": {"group": 4, "user": 1, "timestamp": "2022-02-03T06:48:02.796Z", "body": "aasdf", "is_delete": true, "is_media_present": false, "bucket": null, "user_read": [1, 2], "receiver_delete": []}}, {"model": "chat.groupchat", "pk": 434, "fields": {"group": 4, "user": 1, "timestamp": "2022-02-03T06:48:12.230Z", "body": "asdfffffff", "is_delete": true, "is_media_present": false, "bucket": null, "user_read": [1, 2], "receiver_delete": []}}, {"model": "chat.groupchat", "pk": 435, "fields": {"group": 4, "user": 2, "timestamp": "2022-02-03T06:48:16.654Z", "body": "asdffff", "is_delete": false, "is_media_present": false, "bucket": null, "user_read": [1, 2], "receiver_delete": [1]}}, {"model": "chat.groupchat", "pk": 436, "fields": {"group": 4, "user": 1, "timestamp": "2022-02-03T19:02:30.672Z", "body": "test\n", "is_delete": true, "is_media_present": false, "bucket": null, "user_read": [1, 2], "receiver_delete": []}}, {"model": "chat.groupchat", "pk": 437, "fields": {"group": 4, "user": 1, "timestamp": "2022-02-03T19:03:15.576Z", "body": "asdf\n", "is_delete": true, "is_media_present": false, "bucket": null, "user_read": [1, 2], "receiver_delete": []}}, {"model": "chat.groupchat", "pk": 438, "fields": {"group": 4, "user": 2, "timestamp": "2022-02-03T19:03:49.337Z", "body": "asdf", "is_delete": false, "is_media_present": false, "bucket": null, "user_read": [1, 2], "receiver_delete": [1]}}, {"model": "chat.groupchat", "pk": 439, "fields": {"group": 4, "user": 2, "timestamp": "2022-02-03T19:06:03.493Z", "body": "asff\n", "is_delete": false, "is_media_present": false, "bucket": null, "user_read": [1, 2], "receiver_delete": [1]}}, {"model": "chat.groupchat", "pk": 440, "fields": {"group": 4, "user": 2, "timestamp": "2022-02-03T19:06:08.793Z", "body": "afff\n", "is_delete": false, "is_media_present": false, "bucket": null, "user_read": [1, 2], "receiver_delete": [1]}}, {"model": "chat.groupchat", "pk": 441, "fields": {"group": 4, "user": 1, "timestamp": "2022-02-03T19:15:51.656Z", "body": "asdff\n", "is_delete": true, "is_media_present": false, "bucket": null, "user_read": [1, 2], "receiver_delete": []}}, {"model": "chat.groupchat", "pk": 442, "fields": {"group": 4, "user": 2, "timestamp": "2022-02-03T19:28:12.983Z", "body": "asdf\n", "is_delete": false, "is_media_present": false, "bucket": null, "user_read": [1, 2], "receiver_delete": [1]}}, {"model": "chat.groupchat", "pk": 443, "fields": {"group": 4, "user": 1, "timestamp": "2022-02-03T19:28:18.745Z", "body": "sdfg\n", "is_delete": true, "is_media_present": false, "bucket": null, "user_read": [1, 2], "receiver_delete": []}}, {"model": "chat.groupchat", "pk": 444, "fields": {"group": 4, "user": 1, "timestamp": "2022-02-03T19:49:51.105Z", "body": "asdf\n", "is_delete": true, "is_media_present": false, "bucket": null, "user_read": [1, 2], "receiver_delete": []}}, {"model": "chat.groupchat", "pk": 445, "fields": {"group": 4, "user": 1, "timestamp": "2022-02-03T19:50:24.108Z", "body": "asdf\n", "is_delete": true, "is_media_present": false, "bucket": null, "user_read": [1, 2], "receiver_delete": []}}, {"model": "chat.groupchat", "pk": 446, "fields": {"group": 4, "user": 1, "timestamp": "2022-02-03T19:50:52.345Z", "body": "asdf\n", "is_delete": true, "is_media_present": false, "bucket": null, "user_read": [1, 2], "receiver_delete": []}}, {"model": "chat.groupchat", "pk": 447, "fields": {"group": 4, "user": 2, "timestamp": "2022-02-03T20:08:52.281Z", "body": "asdf", "is_delete": false, "is_media_present": false, "bucket": null, "user_read": [1, 2], "receiver_delete": [1]}}, {"model": "chat.groupchat", "pk": 448, "fields": {"group": 4, "user": 1, "timestamp": "2022-02-03T20:09:02.156Z", "body": "as\n", "is_delete": true, "is_media_present": false, "bucket": null, "user_read": [1, 2], "receiver_delete": []}}, {"model": "chat.groupchat", "pk": 449, "fields": {"group": 4, "user": 1, "timestamp": "2022-02-03T20:09:07.029Z", "body": "hey \n", "is_delete": true, "is_media_present": false, "bucket": null, "user_read": [1, 2], "receiver_delete": []}}, {"model": "chat.groupchat", "pk": 450, "fields": {"group": 4, "user": 2, "timestamp": "2022-02-03T20:09:29.891Z", "body": "hi \n", "is_delete": false, "is_media_present": false, "bucket": null, "user_read": [1, 2], "receiver_delete": [1]}}, {"model": "chat.groupchat", "pk": 451, "fields": {"group": 4, "user": 2, "timestamp": "2022-02-03T20:09:34.505Z", "body": "hiws yiy \n", "is_delete": false, "is_media_present": false, "bucket": null, "user_read": [1, 2], "receiver_delete": [1]}}, {"model": "chat.groupchat", "pk": 452, "fields": {"group": 4, "user": 2, "timestamp": "2022-02-03T20:09:36.700Z", "body": "hey \n", "is_delete": false, "is_media_present": false, "bucket": null, "user_read": [1, 2], "receiver_delete": [1]}}, {"model": "chat.groupchat", "pk": 453, "fields": {"group": 4, "user": 1, "timestamp": "2022-02-03T20:09:39.356Z", "body": "asdf\n", "is_delete": true, "is_media_present": false, "bucket": null, "user_read": [1, 2], "receiver_delete": []}}, {"model": "chat.groupchat", "pk": 454, "fields": {"group": 4, "user": 1, "timestamp": "2022-02-03T20:09:59.121Z", "body": "asdf", "is_delete": true, "is_media_present": false, "bucket": null, "user_read": [1, 2], "receiver_delete": []}}, {"model": "chat.groupchat", "pk": 455, "fields": {"group": 4, "user": 2, "timestamp": "2022-02-03T20:10:07.123Z", "body": "hey", "is_delete": false, "is_media_present": false, "bucket": null, "user_read": [1, 2], "receiver_delete": [1]}}, {"model": "chat.groupchat", "pk": 456, "fields": {"group": 4, "user": 1, "timestamp": "2022-02-03T20:10:23.597Z", "body": "hi rahuk ", "is_delete": true, "is_media_present": false, "bucket": null, "user_read": [1, 2], "receiver_delete": []}}, {"model": "chat.groupchat", "pk": 457, "fields": {"group": 4, "user": 1, "timestamp": "2022-02-03T20:10:30.013Z", "body": "hi rauhuk l", "is_delete": true, "is_media_present": false, "bucket": null, "user_read": [1, 2], "receiver_delete": []}}, {"model": "chat.groupchat", "pk": 458, "fields": {"group": 4, "user": 2, "timestamp": "2022-02-03T20:10:33.987Z", "body": "hi sg ", "is_delete": false, "is_media_present": false, "bucket": null, "user_read": [1, 2], "receiver_delete": [1]}}, {"model": "chat.groupchat", "pk": 459, "fields": {"group": 4, "user": 1, "timestamp": "2022-02-03T20:10:43.781Z", "body": "hey rah", "is_delete": true, "is_media_present": false, "bucket": null, "user_read": [1, 2], "receiver_delete": []}}, {"model": "chat.groupchat", "pk": 460, "fields": {"group": 4, "user": 1, "timestamp": "2022-02-03T20:11:05.368Z", "body": "hey rha ", "is_delete": true, "is_media_present": false, "bucket": null, "user_read": [1, 2], "receiver_delete": []}}, {"model": "chat.groupchat", "pk": 461, "fields": {"group": 4, "user": 1, "timestamp": "2022-02-03T20:11:25.512Z", "body": "asdfaf", "is_delete": true, "is_media_present": false, "bucket": null, "user_read": [1, 2], "receiver_delete": []}}, {"model": "chat.groupchat", "pk": 462, "fields": {"group": 4, "user": 2, "timestamp": "2022-02-03T20:11:28.946Z", "body": "asdf", "is_delete": false, "is_media_present": false, "bucket": null, "user_read": [1, 2], "receiver_delete": [1]}}, {"model": "chat.groupchat", "pk": 463, "fields": {"group": 4, "user": 1, "timestamp": "2022-02-03T20:11:55.615Z", "body": "hii ", "is_delete": true, "is_media_present": false, "bucket": null, "user_read": [1, 2], "receiver_delete": []}}, {"model": "chat.groupchat", "pk": 464, "fields": {"group": 4, "user": 2, "timestamp": "2022-02-03T20:12:01.645Z", "body": "asdf", "is_delete": false, "is_media_present": false, "bucket": null, "user_read": [1, 2], "receiver_delete": [1]}}, {"model": "chat.groupchat", "pk": 465, "fields": {"group": 4, "user": 1, "timestamp": "2022-02-03T20:12:34.135Z", "body": "hii tst \n", "is_delete": true, "is_media_present": false, "bucket": null, "user_read": [1, 2], "receiver_delete": []}}, {"model": "chat.groupchat", "pk": 466, "fields": {"group": 4, "user": 2, "timestamp": "2022-02-03T20:12:41.956Z", "body": "asdf\n", "is_delete": false, "is_media_present": false, "bucket": null, "user_read": [1, 2], "receiver_delete": [1]}}, {"model": "chat.groupchat", "pk": 467, "fields": {"group": 4, "user": 1, "timestamp": "2022-02-03T20:12:50.766Z", "body": "asdfff\n", "is_delete": true, "is_media_present": false, "bucket": null, "user_read": [1, 2], "receiver_delete": []}}, {"model": "chat.groupchat", "pk": 468, "fields": {"group": 4, "user": 2, "timestamp": "2022-02-03T20:12:56.296Z", "body": "hey \n", "is_delete": false, "is_media_present": false, "bucket": null, "user_read": [1, 2], "receiver_delete": [1]}}, {"model": "chat.groupchat", "pk": 469, "fields": {"group": 4, "user": 2, "timestamp": "2022-02-03T20:12:59.158Z", "body": "hwos tou \n", "is_delete": false, "is_media_present": false, "bucket": null, "user_read": [1, 2], "receiver_delete": [1]}}, {"model": "chat.groupchat", "pk": 470, "fields": {"group": 4, "user": 1, "timestamp": "2022-02-03T20:13:24.074Z", "body": "asdfff\n", "is_delete": true, "is_media_present": false, "bucket": null, "user_read": [1, 2], "receiver_delete": []}}, {"model": "chat.groupchat", "pk": 471, "fields": {"group": 4, "user": 2, "timestamp": "2022-02-03T20:13:31.105Z", "body": "hey \n", "is_delete": false, "is_media_present": false, "bucket": null, "user_read": [1, 2], "receiver_delete": [1]}}, {"model": "chat.groupchat", "pk": 472, "fields": {"group": 4, "user": 2, "timestamp": "2022-02-03T20:13:38.699Z", "body": "hi \n", "is_delete": false, "is_media_present": false, "bucket": null, "user_read": [1, 2], "receiver_delete": [1]}}, {"model": "chat.groupchat", "pk": 473, "fields": {"group": 4, "user": 1, "timestamp": "2022-02-03T20:13:48.761Z", "body": "as\n", "is_delete": true, "is_media_present": false, "bucket": null, "user_read": [1, 2], "receiver_delete": []}}, {"model": "chat.groupchat", "pk": 474, "fields": {"group": 4, "user": 2, "timestamp": "2022-02-03T20:13:52.286Z", "body": "avd\n", "is_delete": false, "is_media_present": false, "bucket": null, "user_read": [1, 2], "receiver_delete": [1]}}, {"model": "chat.groupchat", "pk": 475, "fields": {"group": 4, "user": 2, "timestamp": "2022-02-04T05:34:07.247Z", "body": "asdf\n", "is_delete": false, "is_media_present": false, "bucket": null, "user_read": [1, 2], "receiver_delete": [1]}}, {"model": "chat.groupchat", "pk": 476, "fields": {"group": 4, "user": 1, "timestamp": "2022-02-04T05:34:10.958Z", "body": "asdf\n", "is_delete": true, "is_media_present": false, "bucket": null, "user_read": [1, 2], "receiver_delete": []}}, {"model": "chat.groupchat", "pk": 477, "fields": {"group": 4, "user": 1, "timestamp": "2022-02-04T05:34:19.468Z", "body": "asdff\n", "is_delete": true, "is_media_present": false, "bucket": null, "user_read": [1, 2], "receiver_delete": []}}, {"model": "chat.groupchat", "pk": 478, "fields": {"group": 4, "user": 1, "timestamp": "2022-02-04T05:34:25.736Z", "body": "test\n", "is_delete": true, "is_media_present": false, "bucket": null, "user_read": [1, 2], "receiver_delete": []}}, {"model": "chat.groupchat", "pk": 479, "fields": {"group": 4, "user": 2, "timestamp": "2022-02-04T05:34:30.783Z", "body": "asdff\n", "is_delete": false, "is_media_present": false, "bucket": null, "user_read": [1, 2], "receiver_delete": [1]}}, {"model": "chat.groupchat", "pk": 480, "fields": {"group": 4, "user": 1, "timestamp": "2022-02-04T05:34:36.822Z", "body": "asdfff\n", "is_delete": true, "is_media_present": false, "bucket": null, "user_read": [1, 2], "receiver_delete": []}}, {"model": "chat.groupchat", "pk": 481, "fields": {"group": 4, "user": 1, "timestamp": "2022-02-04T05:34:44.583Z", "body": "asffffffffffffffffffffffffffffffffffffffffff\n", "is_delete": true, "is_media_present": false, "bucket": null, "user_read": [1, 2], "receiver_delete": []}}, {"model": "chat.groupchat", "pk": 482, "fields": {"group": 4, "user": 2, "timestamp": "2022-02-04T05:34:53.553Z", "body": "asdfff\n", "is_delete": false, "is_media_present": false, "bucket": null, "user_read": [1, 2], "receiver_delete": [1]}}, {"model": "chat.groupchat", "pk": 483, "fields": {"group": 4, "user": 2, "timestamp": "2022-02-04T05:35:13.040Z", "body": "hey \n", "is_delete": false, "is_media_present": false, "bucket": null, "user_read": [1, 2], "receiver_delete": [1]}}, {"model": "chat.groupchat", "pk": 484, "fields": {"group": 4, "user": 1, "timestamp": "2022-02-04T05:35:32.819Z", "body": "hii bro \n", "is_delete": true, "is_media_present": false, "bucket": null, "user_read": [1, 2], "receiver_delete": []}}, {"model": "chat.groupchat", "pk": 485, "fields": {"group": 4, "user": 1, "timestamp": "2022-02-04T05:35:37.704Z", "body": "hows you ??\n", "is_delete": true, "is_media_present": false, "bucket": null, "user_read": [1, 2], "receiver_delete": []}}, {"model": "chat.groupchat", "pk": 486, "fields": {"group": 4, "user": 2, "timestamp": "2022-02-04T05:35:47.041Z", "body": "asdf\n", "is_delete": false, "is_media_present": false, "bucket": null, "user_read": [1, 2], "receiver_delete": [1]}}, {"model": "chat.groupchat", "pk": 487, "fields": {"group": 4, "user": 1, "timestamp": "2022-02-04T05:36:28.648Z", "body": "hiih", "is_delete": true, "is_media_present": false, "bucket": null, "user_read": [1, 2], "receiver_delete": []}}, {"model": "chat.groupchat", "pk": 488, "fields": {"group": 4, "user": 2, "timestamp": "2022-02-04T05:36:51.749Z", "body": "hey ", "is_delete": false, "is_media_present": false, "bucket": null, "user_read": [1, 2], "receiver_delete": [1]}}, {"model": "chat.groupchat", "pk": 489, "fields": {"group": 4, "user": 2, "timestamp": "2022-02-04T05:36:54.834Z", "body": "i am good ", "is_delete": false, "is_media_present": false, "bucket": null, "user_read": [1, 2], "receiver_delete": [1]}}, {"model": "chat.groupchat", "pk": 490, "fields": {"group": 4, "user": 1, "timestamp": "2022-02-04T05:37:06.290Z", "body": "asdff", "is_delete": true, "is_media_present": false, "bucket": null, "user_read": [1, 2], "receiver_delete": []}}, {"model": "chat.groupchat", "pk": 491, "fields": {"group": 4, "user": 1, "timestamp": "2022-02-04T06:10:45.553Z", "body": "hey amit\n", "is_delete": true, "is_media_present": false, "bucket": null, "user_read": [1, 2], "receiver_delete": []}}, {"model": "chat.groupchat", "pk": 492, "fields": {"group": 4, "user": 2, "timestamp": "2022-02-04T06:12:05.004Z", "body": "heyy\n", "is_delete": false, "is_media_present": false, "bucket": null, "user_read": [1, 2], "receiver_delete": [1]}}, {"model": "chat.groupchat", "pk": 493, "fields": {"group": 4, "user": 2, "timestamp": "2022-02-04T06:12:46.198Z", "body": "", "is_delete": false, "is_media_present": true, "bucket": 7, "user_read": [1, 2], "receiver_delete": [1]}}, {"model": "chat.groupchat", "pk": 494, "fields": {"group": 4, "user": 1, "timestamp": "2022-02-04T06:13:00.513Z", "body": "testttt\n", "is_delete": true, "is_media_present": false, "bucket": null, "user_read": [1, 2], "receiver_delete": []}}, {"model": "chat.groupchat", "pk": 495, "fields": {"group": 4, "user": 1, "timestamp": "2022-02-04T06:13:01.799Z", "body": "hey \n", "is_delete": true, "is_media_present": false, "bucket": null, "user_read": [1, 2], "receiver_delete": []}}, {"model": "chat.groupchat", "pk": 496, "fields": {"group": 4, "user": 1, "timestamp": "2022-02-04T06:13:02.345Z", "body": "bro \n", "is_delete": true, "is_media_present": false, "bucket": null, "user_read": [1, 2], "receiver_delete": []}}, {"model": "chat.groupchat", "pk": 497, "fields": {"group": 4, "user": 1, "timestamp": "2022-02-04T06:13:25.223Z", "body": " aya kya message mera \n", "is_delete": true, "is_media_present": false, "bucket": null, "user_read": [1, 2], "receiver_delete": []}}, {"model": "chat.groupchat", "pk": 498, "fields": {"group": 4, "user": 2, "timestamp": "2022-02-04T06:13:45.190Z", "body": "hhaa bhai aaya\n", "is_delete": false, "is_media_present": false, "bucket": null, "user_read": [1, 2], "receiver_delete": [1]}}, {"model": "chat.groupchat", "pk": 499, "fields": {"group": 4, "user": 2, "timestamp": "2022-02-04T06:13:58.687Z", "body": "test\n", "is_delete": false, "is_media_present": false, "bucket": null, "user_read": [1, 2], "receiver_delete": [1]}}, {"model": "chat.groupchat", "pk": 500, "fields": {"group": 4, "user": 1, "timestamp": "2022-02-04T06:14:11.086Z", "body": "aya na test \n", "is_delete": true, "is_media_present": false, "bucket": null, "user_read": [1, 2], "receiver_delete": []}}, {"model": "chat.groupchat", "pk": 501, "fields": {"group": 4, "user": 1, "timestamp": "2022-02-04T06:14:51.492Z", "body": "test \n", "is_delete": true, "is_media_present": false, "bucket": null, "user_read": [1, 2], "receiver_delete": []}}, {"model": "chat.groupchat", "pk": 502, "fields": {"group": 4, "user": 1, "timestamp": "2022-02-04T06:14:54.976Z", "body": "test \n", "is_delete": true, "is_media_present": false, "bucket": null, "user_read": [1, 2], "receiver_delete": []}}, {"model": "chat.groupchat", "pk": 503, "fields": {"group": 4, "user": 1, "timestamp": "2022-02-04T06:15:40.148Z", "body": "hii vri ", "is_delete": true, "is_media_present": false, "bucket": null, "user_read": [1, 2], "receiver_delete": []}}, {"model": "chat.groupchat", "pk": 504, "fields": {"group": 4, "user": 2, "timestamp": "2022-02-04T06:15:46.210Z", "body": "brooo", "is_delete": false, "is_media_present": false, "bucket": null, "user_read": [1, 2], "receiver_delete": [1]}}, {"model": "chat.groupchat", "pk": 505, "fields": {"group": 4, "user": 2, "timestamp": "2022-02-04T06:15:53.435Z", "body": "testest", "is_delete": false, "is_media_present": false, "bucket": null, "user_read": [1, 2], "receiver_delete": [1]}}, {"model": "chat.groupchat", "pk": 506, "fields": {"group": 4, "user": 2, "timestamp": "2022-02-04T06:15:54.216Z", "body": "setes", "is_delete": false, "is_media_present": false, "bucket": null, "user_read": [1, 2], "receiver_delete": [1]}}, {"model": "chat.groupchat", "pk": 507, "fields": {"group": 4, "user": 2, "timestamp": "2022-02-04T06:15:54.508Z", "body": "t", "is_delete": false, "is_media_present": false, "bucket": null, "user_read": [1, 2], "receiver_delete": [1]}}, {"model": "chat.groupchat", "pk": 508, "fields": {"group": 4, "user": 1, "timestamp": "2022-02-04T06:16:21.062Z", "body": "hii bri \n", "is_delete": true, "is_media_present": false, "bucket": null, "user_read": [1, 2], "receiver_delete": []}}, {"model": "chat.groupchat", "pk": 509, "fields": {"group": 4, "user": 1, "timestamp": "2022-02-04T06:16:30.380Z", "body": "asdfff", "is_delete": true, "is_media_present": false, "bucket": null, "user_read": [1, 2], "receiver_delete": []}}, {"model": "chat.groupchat", "pk": 510, "fields": {"group": 4, "user": 2, "timestamp": "2022-02-04T06:16:38.555Z", "body": "tests", "is_delete": false, "is_media_present": false, "bucket": null, "user_read": [1, 2], "receiver_delete": [1]}}, {"model": "chat.groupchat", "pk": 511, "fields": {"group": 4, "user": 2, "timestamp": "2022-02-04T06:16:42.539Z", "body": "testest", "is_delete": false, "is_media_present": false, "bucket": null, "user_read": [1, 2], "receiver_delete": [1]}}, {"model": "chat.groupchat", "pk": 512, "fields": {"group": 4, "user": 1, "timestamp": "2022-02-04T06:17:42.253Z", "body": "asdf", "is_delete": true, "is_media_present": false, "bucket": null, "user_read": [1, 2], "receiver_delete": []}}, {"model": "chat.groupchat", "pk": 513, "fields": {"group": 4, "user": 1, "timestamp": "2022-02-04T06:17:46.689Z", "body": "asdffff", "is_delete": true, "is_media_present": false, "bucket": null, "user_read": [1, 2], "receiver_delete": []}}, {"model": "chat.groupchat", "pk": 514, "fields": {"group": 4, "user": 1, "timestamp": "2022-02-04T06:18:09.006Z", "body": "asdfff", "is_delete": true, "is_media_present": false, "bucket": null, "user_read": [1, 2], "receiver_delete": []}}, {"model": "chat.groupchat", "pk": 515, "fields": {"group": 4, "user": 2, "timestamp": "2022-02-04T06:18:21.573Z", "body": "test", "is_delete": false, "is_media_present": false, "bucket": null, "user_read": [1, 2], "receiver_delete": [1]}}, {"model": "chat.groupchat", "pk": 516, "fields": {"group": 4, "user": 1, "timestamp": "2022-02-04T06:18:25.373Z", "body": "Sdf", "is_delete": true, "is_media_present": false, "bucket": null, "user_read": [1, 2], "receiver_delete": []}}, {"model": "chat.groupchat", "pk": 517, "fields": {"group": 4, "user": 1, "timestamp": "2022-02-04T06:18:32.613Z", "body": "ssg", "is_delete": true, "is_media_present": false, "bucket": null, "user_read": [1, 2], "receiver_delete": []}}, {"model": "chat.groupchat", "pk": 518, "fields": {"group": 4, "user": 2, "timestamp": "2022-02-04T06:18:40.410Z", "body": "hiia", "is_delete": false, "is_media_present": false, "bucket": null, "user_read": [1, 2], "receiver_delete": [1]}}, {"model": "chat.groupchat", "pk": 519, "fields": {"group": 4, "user": 1, "timestamp": "2022-02-04T06:22:30.886Z", "body": "asdf\n", "is_delete": false, "is_media_present": false, "bucket": null, "user_read": [1, 2], "receiver_delete": []}}, {"model": "chat.groupchat", "pk": 520, "fields": {"group": 4, "user": 1, "timestamp": "2022-02-04T06:23:26.016Z", "body": "df\n", "is_delete": false, "is_media_present": false, "bucket": null, "user_read": [1, 2], "receiver_delete": []}}, {"model": "chat.groupchat", "pk": 521, "fields": {"group": 4, "user": 1, "timestamp": "2022-02-04T06:24:06.299Z", "body": "asdf\n", "is_delete": false, "is_media_present": false, "bucket": null, "user_read": [1, 2], "receiver_delete": []}}, {"model": "chat.groupchat", "pk": 522, "fields": {"group": 4, "user": 2, "timestamp": "2022-02-04T06:24:24.904Z", "body": "asdf\n", "is_delete": false, "is_media_present": false, "bucket": null, "user_read": [1, 2], "receiver_delete": []}}, {"model": "chat.groupchat", "pk": 523, "fields": {"group": 4, "user": 1, "timestamp": "2022-02-04T06:24:47.351Z", "body": "asdf\n", "is_delete": false, "is_media_present": false, "bucket": null, "user_read": [1, 2], "receiver_delete": []}}, {"model": "chat.groupchat", "pk": 524, "fields": {"group": 4, "user": 2, "timestamp": "2022-02-04T06:24:55.488Z", "body": "asdfff\n", "is_delete": false, "is_media_present": false, "bucket": null, "user_read": [1, 2], "receiver_delete": []}}, {"model": "chat.groupchat", "pk": 525, "fields": {"group": 4, "user": 1, "timestamp": "2022-02-04T06:25:31.870Z", "body": "asdf\n", "is_delete": false, "is_media_present": false, "bucket": null, "user_read": [1, 2], "receiver_delete": []}}, {"model": "chat.groupchat", "pk": 526, "fields": {"group": 4, "user": 1, "timestamp": "2022-02-04T12:23:19.218Z", "body": "asdfas.\n", "is_delete": false, "is_media_present": false, "bucket": null, "user_read": [1, 2], "receiver_delete": []}}, {"model": "chat.groupchat", "pk": 527, "fields": {"group": 4, "user": 2, "timestamp": "2022-02-04T12:23:28.324Z", "body": "asdf\n", "is_delete": false, "is_media_present": false, "bucket": null, "user_read": [1, 2], "receiver_delete": []}}, {"model": "chat.groupchat", "pk": 528, "fields": {"group": 4, "user": 1, "timestamp": "2022-02-04T12:23:31.762Z", "body": "asdff\n", "is_delete": false, "is_media_present": false, "bucket": null, "user_read": [1, 2], "receiver_delete": []}}, {"model": "chat.groupchat", "pk": 529, "fields": {"group": 4, "user": 1, "timestamp": "2022-02-04T12:23:35.247Z", "body": "hey\n", "is_delete": false, "is_media_present": false, "bucket": null, "user_read": [1, 2], "receiver_delete": []}}, {"model": "chat.groupchat", "pk": 530, "fields": {"group": 4, "user": 1, "timestamp": "2022-02-04T12:23:37.211Z", "body": " hi \n", "is_delete": false, "is_media_present": false, "bucket": null, "user_read": [1, 2], "receiver_delete": []}}, {"model": "chat.groupchat", "pk": 531, "fields": {"group": 4, "user": 1, "timestamp": "2022-02-04T12:23:42.438Z", "body": "asf\n", "is_delete": false, "is_media_present": false, "bucket": null, "user_read": [1, 2], "receiver_delete": []}}, {"model": "chat.groupchat", "pk": 532, "fields": {"group": 4, "user": 1, "timestamp": "2022-02-04T12:23:52.640Z", "body": "hellow\n", "is_delete": false, "is_media_present": false, "bucket": null, "user_read": [1, 2], "receiver_delete": []}}, {"model": "chat.groupchat", "pk": 533, "fields": {"group": 4, "user": 2, "timestamp": "2022-02-04T12:24:23.964Z", "body": "i", "is_delete": false, "is_media_present": false, "bucket": null, "user_read": [1, 2], "receiver_delete": []}}, {"model": "chat.groupchat", "pk": 534, "fields": {"group": 4, "user": 1, "timestamp": "2022-02-04T12:24:32.436Z", "body": "asdf", "is_delete": false, "is_media_present": false, "bucket": null, "user_read": [1, 2], "receiver_delete": []}}, {"model": "chat.groupchat", "pk": 535, "fields": {"group": 4, "user": 1, "timestamp": "2022-02-04T12:24:41.419Z", "body": "asf", "is_delete": false, "is_media_present": false, "bucket": null, "user_read": [1, 2], "receiver_delete": []}}, {"model": "chat.groupchat", "pk": 536, "fields": {"group": 4, "user": 2, "timestamp": "2022-02-04T12:25:02.254Z", "body": "asdffff", "is_delete": false, "is_media_present": false, "bucket": null, "user_read": [1, 2], "receiver_delete": []}}, {"model": "chat.groupchat", "pk": 537, "fields": {"group": 4, "user": 1, "timestamp": "2022-02-04T12:25:06.498Z", "body": "hu", "is_delete": false, "is_media_present": false, "bucket": null, "user_read": [1, 2], "receiver_delete": []}}, {"model": "chat.groupchat", "pk": 538, "fields": {"group": 4, "user": 1, "timestamp": "2022-02-04T12:26:47.103Z", "body": "sdfg\n", "is_delete": false, "is_media_present": false, "bucket": null, "user_read": [1, 2], "receiver_delete": []}}, {"model": "chat.groupchat", "pk": 539, "fields": {"group": 4, "user": 1, "timestamp": "2022-02-04T12:26:49.869Z", "body": "hey \n", "is_delete": false, "is_media_present": false, "bucket": null, "user_read": [1, 2], "receiver_delete": []}}, {"model": "chat.groupchat", "pk": 540, "fields": {"group": 4, "user": 1, "timestamp": "2022-02-05T17:31:41.963Z", "body": "asdf", "is_delete": false, "is_media_present": false, "bucket": null, "user_read": [1, 2], "receiver_delete": []}}, {"model": "chat.groupchat", "pk": 541, "fields": {"group": 4, "user": 1, "timestamp": "2022-02-05T17:31:47.978Z", "body": "asdf", "is_delete": false, "is_media_present": false, "bucket": null, "user_read": [1, 2], "receiver_delete": []}}, {"model": "chat.groupchat", "pk": 542, "fields": {"group": 4, "user": 1, "timestamp": "2022-02-05T17:31:52.155Z", "body": "asdffff", "is_delete": false, "is_media_present": false, "bucket": null, "user_read": [1, 2], "receiver_delete": []}}, {"model": "chat.groupchat", "pk": 543, "fields": {"group": 4, "user": 1, "timestamp": "2022-02-05T17:31:58.960Z", "body": "asf", "is_delete": false, "is_media_present": false, "bucket": null, "user_read": [1, 2], "receiver_delete": []}}, {"model": "chat.groupchat", "pk": 544, "fields": {"group": 4, "user": 1, "timestamp": "2022-02-05T17:32:13.929Z", "body": "asfdff", "is_delete": false, "is_media_present": false, "bucket": null, "user_read": [1, 2], "receiver_delete": []}}, {"model": "chat.groupchat", "pk": 545, "fields": {"group": 4, "user": 1, "timestamp": "2022-02-05T17:32:16.841Z", "body": "as", "is_delete": false, "is_media_present": false, "bucket": null, "user_read": [1, 2], "receiver_delete": []}}, {"model": "chat.groupchat", "pk": 546, "fields": {"group": 4, "user": 1, "timestamp": "2022-02-05T17:32:20.478Z", "body": "asss", "is_delete": false, "is_media_present": false, "bucket": null, "user_read": [1, 2], "receiver_delete": []}}, {"model": "chat.groupchat", "pk": 547, "fields": {"group": 4, "user": 2, "timestamp": "2022-02-05T17:33:58.894Z", "body": "asdfff", "is_delete": false, "is_media_present": false, "bucket": null, "user_read": [1, 2], "receiver_delete": []}}, {"model": "chat.groupchat", "pk": 548, "fields": {"group": 4, "user": 2, "timestamp": "2022-02-05T17:34:07.641Z", "body": "asdffff", "is_delete": false, "is_media_present": false, "bucket": null, "user_read": [1, 2], "receiver_delete": []}}, {"model": "chat.groupchat", "pk": 549, "fields": {"group": 4, "user": 2, "timestamp": "2022-02-05T17:34:29.595Z", "body": "ag", "is_delete": false, "is_media_present": false, "bucket": null, "user_read": [1, 2], "receiver_delete": []}}, {"model": "chat.groupchat", "pk": 550, "fields": {"group": 4, "user": 2, "timestamp": "2022-02-05T17:34:33.793Z", "body": "asssg", "is_delete": false, "is_media_present": false, "bucket": null, "user_read": [1, 2], "receiver_delete": []}}, {"model": "chat.groupchat", "pk": 551, "fields": {"group": 4, "user": 1, "timestamp": "2022-02-05T17:37:50.168Z", "body": "asdf", "is_delete": false, "is_media_present": false, "bucket": null, "user_read": [1, 2], "receiver_delete": []}}, {"model": "chat.groupchat", "pk": 552, "fields": {"group": 4, "user": 1, "timestamp": "2022-02-05T17:38:14.949Z", "body": "testtt", "is_delete": false, "is_media_present": false, "bucket": null, "user_read": [1, 2], "receiver_delete": []}}, {"model": "chat.groupchat", "pk": 553, "fields": {"group": 4, "user": 1, "timestamp": "2022-02-05T17:38:36.287Z", "body": "testt", "is_delete": false, "is_media_present": false, "bucket": null, "user_read": [1, 2], "receiver_delete": []}}, {"model": "chat.groupchat", "pk": 554, "fields": {"group": 4, "user": 2, "timestamp": "2022-02-05T17:42:50.836Z", "body": "asdf\n", "is_delete": false, "is_media_present": false, "bucket": null, "user_read": [1, 2], "receiver_delete": []}}, {"model": "chat.groupchat", "pk": 555, "fields": {"group": 4, "user": 1, "timestamp": "2022-02-05T17:43:09.756Z", "body": "asdf\n", "is_delete": false, "is_media_present": false, "bucket": null, "user_read": [1, 2], "receiver_delete": []}}, {"model": "chat.groupchat", "pk": 556, "fields": {"group": 4, "user": 1, "timestamp": "2022-02-05T17:43:16.769Z", "body": "asffff\n", "is_delete": false, "is_media_present": false, "bucket": null, "user_read": [1, 2], "receiver_delete": []}}, {"model": "chat.groupchat", "pk": 557, "fields": {"group": 4, "user": 2, "timestamp": "2022-02-05T17:43:50.446Z", "body": "asdfasfff\n", "is_delete": false, "is_media_present": false, "bucket": null, "user_read": [1, 2], "receiver_delete": []}}, {"model": "chat.groupchat", "pk": 558, "fields": {"group": 4, "user": 1, "timestamp": "2022-02-05T17:44:01.466Z", "body": "asdf\n", "is_delete": false, "is_media_present": false, "bucket": null, "user_read": [1, 2], "receiver_delete": []}}, {"model": "chat.groupchat", "pk": 559, "fields": {"group": 4, "user": 2, "timestamp": "2022-02-05T17:44:08.700Z", "body": "asdffff\n", "is_delete": false, "is_media_present": false, "bucket": null, "user_read": [1, 2], "receiver_delete": []}}, {"model": "chat.groupchat", "pk": 560, "fields": {"group": 4, "user": 1, "timestamp": "2022-02-05T17:44:17.763Z", "body": "asdfff\n", "is_delete": false, "is_media_present": false, "bucket": null, "user_read": [1, 2], "receiver_delete": []}}, {"model": "chat.groupchat", "pk": 561, "fields": {"group": 4, "user": 2, "timestamp": "2022-02-05T17:44:21.179Z", "body": "asfff\n", "is_delete": false, "is_media_present": false, "bucket": null, "user_read": [1, 2], "receiver_delete": []}}, {"model": "chat.groupchat", "pk": 562, "fields": {"group": 4, "user": 2, "timestamp": "2022-02-05T17:44:31.548Z", "body": "asdfa\n", "is_delete": false, "is_media_present": false, "bucket": null, "user_read": [1, 2], "receiver_delete": []}}, {"model": "chat.groupchat", "pk": 563, "fields": {"group": 4, "user": 2, "timestamp": "2022-02-05T17:44:35.368Z", "body": "asdff\n", "is_delete": false, "is_media_present": false, "bucket": null, "user_read": [1, 2], "receiver_delete": []}}, {"model": "chat.groupchat", "pk": 564, "fields": {"group": 4, "user": 2, "timestamp": "2022-02-05T17:44:36.757Z", "body": "asdfasdf\n", "is_delete": false, "is_media_present": false, "bucket": null, "user_read": [1, 2], "receiver_delete": []}}, {"model": "chat.groupchat", "pk": 565, "fields": {"group": 4, "user": 1, "timestamp": "2022-02-05T17:44:48.326Z", "body": "testtt\n", "is_delete": false, "is_media_present": false, "bucket": null, "user_read": [1, 2], "receiver_delete": []}}, {"model": "chat.groupchat", "pk": 566, "fields": {"group": 4, "user": 2, "timestamp": "2022-02-05T17:45:30.485Z", "body": "asdf\n", "is_delete": false, "is_media_present": false, "bucket": null, "user_read": [1, 2], "receiver_delete": []}}, {"model": "chat.groupchat", "pk": 567, "fields": {"group": 4, "user": 1, "timestamp": "2022-02-05T17:46:25.534Z", "body": "asdf", "is_delete": false, "is_media_present": false, "bucket": null, "user_read": [1, 2], "receiver_delete": []}}, {"model": "chat.groupchat", "pk": 568, "fields": {"group": 4, "user": 1, "timestamp": "2022-02-05T17:46:37.349Z", "body": "asdf", "is_delete": false, "is_media_present": false, "bucket": null, "user_read": [1, 2], "receiver_delete": []}}, {"model": "chat.groupchat", "pk": 569, "fields": {"group": 4, "user": 1, "timestamp": "2022-02-06T12:28:16.893Z", "body": "hhii from sg test \n", "is_delete": false, "is_media_present": false, "bucket": null, "user_read": [1, 2], "receiver_delete": []}}, {"model": "chat.groupchat", "pk": 570, "fields": {"group": 4, "user": 1, "timestamp": "2022-02-06T12:28:24.093Z", "body": "hellow \n", "is_delete": false, "is_media_present": false, "bucket": null, "user_read": [1, 2], "receiver_delete": []}}, {"model": "chat.groupchat", "pk": 571, "fields": {"group": 4, "user": 2, "timestamp": "2022-02-06T12:28:38.226Z", "body": "hey \n", "is_delete": false, "is_media_present": false, "bucket": null, "user_read": [1, 2], "receiver_delete": []}}, {"model": "chat.groupchat", "pk": 572, "fields": {"group": 4, "user": 2, "timestamp": "2022-02-06T12:28:41.013Z", "body": "hey \n", "is_delete": false, "is_media_present": false, "bucket": null, "user_read": [1, 2], "receiver_delete": []}}, {"model": "chat.groupchat", "pk": 573, "fields": {"group": 4, "user": 2, "timestamp": "2022-02-06T12:28:43.336Z", "body": "asdf\n", "is_delete": false, "is_media_present": false, "bucket": null, "user_read": [1, 2], "receiver_delete": []}}, {"model": "chat.groupchat", "pk": 574, "fields": {"group": 4, "user": 1, "timestamp": "2022-02-06T12:28:54.331Z", "body": "hey \n", "is_delete": false, "is_media_present": false, "bucket": null, "user_read": [1, 2], "receiver_delete": []}}, {"model": "chat.groupchat", "pk": 575, "fields": {"group": 4, "user": 1, "timestamp": "2022-02-06T12:29:00.686Z", "body": "hey yyy \n", "is_delete": false, "is_media_present": false, "bucket": null, "user_read": [1, 2], "receiver_delete": []}}, {"model": "chat.groupchat", "pk": 576, "fields": {"group": 4, "user": 2, "timestamp": "2022-02-06T12:29:06.311Z", "body": "asdf\n", "is_delete": false, "is_media_present": false, "bucket": null, "user_read": [1, 2], "receiver_delete": []}}, {"model": "chat.groupchat", "pk": 577, "fields": {"group": 4, "user": 1, "timestamp": "2022-02-06T12:29:20.038Z", "body": "ssssssssss", "is_delete": false, "is_media_present": false, "bucket": null, "user_read": [1, 2], "receiver_delete": []}}, {"model": "chat.groupchat", "pk": 578, "fields": {"group": 4, "user": 2, "timestamp": "2022-02-06T12:29:30.072Z", "body": "sss", "is_delete": false, "is_media_present": false, "bucket": null, "user_read": [1, 2], "receiver_delete": []}}, {"model": "chat.groupchat", "pk": 579, "fields": {"group": 4, "user": 1, "timestamp": "2022-02-06T12:29:38.359Z", "body": "asdfff", "is_delete": false, "is_media_present": false, "bucket": null, "user_read": [1, 2], "receiver_delete": []}}, {"model": "chat.groupchat", "pk": 580, "fields": {"group": 4, "user": 2, "timestamp": "2022-02-06T12:29:43.242Z", "body": "asf", "is_delete": false, "is_media_present": false, "bucket": null, "user_read": [1, 2], "receiver_delete": []}}, {"model": "chat.groupchat", "pk": 581, "fields": {"group": 4, "user": 1, "timestamp": "2022-02-06T12:30:00.938Z", "body": "asdfff", "is_delete": false, "is_media_present": false, "bucket": null, "user_read": [1, 2], "receiver_delete": []}}, {"model": "chat.groupchat", "pk": 582, "fields": {"group": 4, "user": 1, "timestamp": "2022-02-06T13:02:33.495Z", "body": "asdf\n", "is_delete": false, "is_media_present": false, "bucket": null, "user_read": [1, 2], "receiver_delete": []}}, {"model": "chat.groupchat", "pk": 583, "fields": {"group": 4, "user": 1, "timestamp": "2022-02-06T13:02:49.838Z", "body": "ASDF\n", "is_delete": false, "is_media_present": false, "bucket": null, "user_read": [1, 2], "receiver_delete": []}}, {"model": "chat.groupchat", "pk": 584, "fields": {"group": 4, "user": 2, "timestamp": "2022-02-06T13:04:12.871Z", "body": "yes\n", "is_delete": false, "is_media_present": false, "bucket": null, "user_read": [1, 2], "receiver_delete": []}}, {"model": "chat.groupchat", "pk": 585, "fields": {"group": 4, "user": 2, "timestamp": "2022-02-06T13:04:21.348Z", "body": "ASD\n", "is_delete": false, "is_media_present": false, "bucket": null, "user_read": [1, 2], "receiver_delete": []}}, {"model": "chat.groupchat", "pk": 586, "fields": {"group": 4, "user": 1, "timestamp": "2022-02-06T13:04:52.823Z", "body": "ASDF\n", "is_delete": false, "is_media_present": false, "bucket": null, "user_read": [1], "receiver_delete": []}}, {"model": "chat.groupchat", "pk": 587, "fields": {"group": 4, "user": 2, "timestamp": "2022-02-06T13:05:19.630Z", "body": "ASDFFF\n", "is_delete": false, "is_media_present": false, "bucket": null, "user_read": [1, 2], "receiver_delete": []}}, {"model": "chat.groupchat", "pk": 588, "fields": {"group": 4, "user": 1, "timestamp": "2022-02-06T13:05:32.270Z", "body": "ASDF\n", "is_delete": false, "is_media_present": false, "bucket": null, "user_read": [1], "receiver_delete": []}}, {"model": "chat.uploadedmedia", "pk": 1, "fields": {"media": "dns.jpg", "is_valid": true}}, {"model": "chat.uploadedmedia", "pk": 2, "fields": {"media": "logo.jpg", "is_valid": true}}, {"model": "chat.uploadedmedia", "pk": 3, "fields": {"media": "ratanlal-c-bafna-jewellers-jalgaon-jewellery-showrooms-yavjmt1ie2.webp", "is_valid": true}}, {"model": "chat.uploadedmedia", "pk": 4, "fields": {"media": "dezeen_House-at-Alibag-by-Malik-Architecture-6.jpg", "is_valid": true}}, {"model": "chat.uploadedmedia", "pk": 5, "fields": {"media": "Screenshot_2022-01-03-13-48-45-2_2.jpg", "is_valid": true}}, {"model": "chat.uploadedmedia", "pk": 6, "fields": {"media": "color-logo.png", "is_valid": true}}, {"model": "chat.uploadedmedia", "pk": 7, "fields": {"media": "img.jpg", "is_valid": true}}, {"model": "chat.uploadedmedia", "pk": 8, "fields": {"media": "user_file.csv", "is_valid": true}}, {"model": "chat.usermedia", "pk": 1, "fields": {"owner": 1, "files": [1], "access_by": [2]}}, {"model": "chat.usermedia", "pk": 2, "fields": {"owner": 1, "files": [2], "access_by": [2]}}, {"model": "chat.usermedia", "pk": 3, "fields": {"owner": 1, "files": [3, 4], "access_by": [2]}}, {"model": "chat.usermedia", "pk": 4, "fields": {"owner": 6, "files": [5], "access_by": [5]}}, {"model": "chat.usermedia", "pk": 5, "fields": {"owner": 1, "files": [6], "access_by": [3]}}, {"model": "chat.usermedia", "pk": 6, "fields": {"owner": 1, "files": [7], "access_by": [1, 6]}}, {"model": "chat.usermedia", "pk": 7, "fields": {"owner": 2, "files": [8], "access_by": [1, 2, 3]}}, {"model": "order.plan", "pk": 1, "fields": {"title": "Basic", "cost": 250.0, "duration": 365, "description": "Maximum 10 people in the group", "discount_percentage": "30.00", "is_recommended": true, "features": "", "group_create": true, "add_people": true, "total_group_create_size": 1, "group_size": 10}}, {"model": "order.plan", "pk": 2, "fields": {"title": "Starter", "cost": 500.0, "duration": 365, "description": "Maximum 25 people in the group.", "discount_percentage": null, "is_recommended": false, "features": "", "group_create": true, "add_people": true, "total_group_create_size": 1, "group_size": 25}}, {"model": "order.plan", "pk": 3, "fields": {"title": "Advance", "cost": 750.0, "duration": 365, "description": "Maximum 50 people in the group.", "discount_percentage": null, "is_recommended": false, "features": "", "group_create": true, "add_people": true, "total_group_create_size": 1, "group_size": 50}}, {"model": "order.plan", "pk": 4, "fields": {"title": "Premium", "cost": 1000.0, "duration": 365, "description": "Maximum 100 people in the group.", "discount_percentage": null, "is_recommended": false, "features": "", "group_create": true, "add_people": true, "total_group_create_size": 1, "group_size": 100}}, {"model": "order.plan", "pk": 5, "fields": {"title": "Enterprise", "cost": 1500.0, "duration": 365, "description": "Maximum 500 people in the group.", "discount_percentage": null, "is_recommended": false, "features": "", "group_create": true, "add_people": true, "total_group_create_size": 1, "group_size": 500}}, {"model": "order.payment", "pk": 1, "fields": {"plan": 1, "coupon": null, "coupon_discount": null, "valid_till": "2022-12-23", "amt_paid": 0.0, "order_id": "2021-12-23 01:38:43.275369_1", "paid": true, "timestamp": "2021-12-22T20:08:43.278Z", "total_group_create_size": 0, "group_size": null, "plans": []}}, {"model": "order.payment", "pk": 2, "fields": {"plan": 2, "coupon": null, "coupon_discount": null, "valid_till": "2022-12-23", "amt_paid": 0.0, "order_id": "2021-12-23 01:48:33.695830_2", "paid": true, "timestamp": "2021-12-22T20:18:33.698Z", "total_group_create_size": 0, "group_size": null, "plans": []}}, {"model": "order.payment", "pk": 3, "fields": {"plan": 1, "coupon": null, "coupon_discount": null, "valid_till": "2022-12-24", "amt_paid": 0.0, "order_id": "2021-12-24 12:09:01.541817_None", "paid": false, "timestamp": "2021-12-24T06:39:01.550Z", "total_group_create_size": 0, "group_size": null, "plans": []}}, {"model": "order.payment", "pk": 4, "fields": {"plan": 1, "coupon": null, "coupon_discount": null, "valid_till": "2022-12-24", "amt_paid": 0.0, "order_id": "2021-12-24 12:38:59.329647_1", "paid": true, "timestamp": "2021-12-24T07:08:59.331Z", "total_group_create_size": 0, "group_size": null, "plans": []}}, {"model": "order.payment", "pk": 5, "fields": {"plan": 1, "coupon": null, "coupon_discount": null, "valid_till": "2022-12-29", "amt_paid": 0.0, "order_id": "2021-12-29 18:09:29.960217_2", "paid": false, "timestamp": "2021-12-29T12:39:29.962Z", "total_group_create_size": 0, "group_size": null, "plans": []}}, {"model": "order.payment", "pk": 6, "fields": {"plan": 1, "coupon": null, "coupon_discount": null, "valid_till": "2023-12-24", "amt_paid": 0.0, "order_id": "2021-12-29 18:12:51.425825_1", "paid": true, "timestamp": "2021-12-29T12:42:51.427Z", "total_group_create_size": 0, "group_size": null, "plans": []}}, {"model": "order.payment", "pk": 7, "fields": {"plan": 1, "coupon": null, "coupon_discount": null, "valid_till": "2024-12-23", "amt_paid": 0.0, "order_id": "2021-12-29 18:13:17.886560_1", "paid": true, "timestamp": "2021-12-29T12:43:17.888Z", "total_group_create_size": 0, "group_size": null, "plans": []}}, {"model": "order.payment", "pk": 8, "fields": {"plan": 1, "coupon": null, "coupon_discount": null, "valid_till": "2022-12-29", "amt_paid": 0.0, "order_id": "2021-12-29 18:14:15.478647_2", "paid": true, "timestamp": "2021-12-29T12:44:15.480Z", "total_group_create_size": 0, "group_size": null, "plans": []}}, {"model": "order.payment", "pk": 9, "fields": {"plan": 1, "coupon": null, "coupon_discount": null, "valid_till": "2023-01-03", "amt_paid": 0.0, "order_id": "2022-01-03 12:06:01.331083_None", "paid": false, "timestamp": "2022-01-03T06:36:01.332Z", "total_group_create_size": 0, "group_size": null, "plans": []}}, {"model": "order.payment", "pk": 10, "fields": {"plan": 3, "coupon": null, "coupon_discount": null, "valid_till": "2023-01-03", "amt_paid": 0.0, "order_id": "2022-01-03 12:06:28.573607_None", "paid": false, "timestamp": "2022-01-03T06:36:28.574Z", "total_group_create_size": 0, "group_size": null, "plans": []}}, {"model": "order.payment", "pk": 11, "fields": {"plan": 1, "coupon": null, "coupon_discount": null, "valid_till": "2023-01-04", "amt_paid": 0.0, "order_id": "2022-01-04 16:37:02.118680_5", "paid": true, "timestamp": "2022-01-04T11:07:02.120Z", "total_group_create_size": 0, "group_size": null, "plans": []}}, {"model": "order.payment", "pk": 12, "fields": {"plan": 1, "coupon": null, "coupon_discount": null, "valid_till": "2023-01-06", "amt_paid": 0.0, "order_id": "2022-01-06 16:50:45.262601_4", "paid": true, "timestamp": "2022-01-06T11:20:45.264Z", "total_group_create_size": 0, "group_size": null, "plans": []}}, {"model": "order.payment", "pk": 13, "fields": {"plan": 1, "coupon": null, "coupon_discount": null, "valid_till": "2025-12-23", "amt_paid": 0.0, "order_id": "2022-01-06 17:02:25.197476_1", "paid": true, "timestamp": "2022-01-06T11:32:25.199Z", "total_group_create_size": 0, "group_size": null, "plans": []}}, {"model": "order.payment", "pk": 14, "fields": {"plan": 1, "coupon": null, "coupon_discount": null, "valid_till": "2023-01-30", "amt_paid": 0.0, "order_id": "2022-01-30 12:29:02.329423_1", "paid": false, "timestamp": "2022-01-30T06:59:02.331Z", "total_group_create_size": 0, "group_size": null, "plans": []}}, {"model": "order.payment", "pk": 15, "fields": {"plan": 1, "coupon": null, "coupon_discount": null, "valid_till": "2023-01-30", "amt_paid": 0.0, "order_id": "2022-01-30 12:34:41.835401_1", "paid": true, "timestamp": "2022-01-30T07:04:41.837Z", "total_group_create_size": 1, "group_size": null, "plans": []}}, {"model": "order.payment", "pk": 16, "fields": {"plan": 1, "coupon": null, "coupon_discount": null, "valid_till": "2023-01-31", "amt_paid": 0.0, "order_id": "2022-01-31 09:38:48.578351_6", "paid": true, "timestamp": "2022-01-31T04:08:48.580Z", "total_group_create_size": 0, "group_size": null, "plans": [1]}}, {"model": "order.payment", "pk": 17, "fields": {"plan": 1, "coupon": null, "coupon_discount": null, "valid_till": "2023-01-31", "amt_paid": 0.0, "order_id": "2022-01-31 09:38:51.155295_None", "paid": false, "timestamp": "2022-01-31T04:08:51.155Z", "total_group_create_size": 0, "group_size": null, "plans": []}}, {"model": "order.payment", "pk": 18, "fields": {"plan": 1, "coupon": null, "coupon_discount": null, "valid_till": "2023-01-31", "amt_paid": 0.0, "order_id": "2022-01-31 18:39:25.500557_6", "paid": true, "timestamp": "2022-01-31T13:09:25.502Z", "total_group_create_size": 1, "group_size": null, "plans": [1]}}, {"model": "order.payment", "pk": 19, "fields": {"plan": 1, "coupon": null, "coupon_discount": null, "valid_till": "2023-02-02", "amt_paid": 0.0, "order_id": "2022-02-02 18:03:31.724096_3", "paid": true, "timestamp": "2022-02-02T12:33:31.725Z", "total_group_create_size": 1, "group_size": null, "plans": []}}, {"model": "order.payment", "pk": 20, "fields": {"plan": 1, "coupon": null, "coupon_discount": null, "valid_till": "2023-02-02", "amt_paid": 0.0, "order_id": "2022-02-02 19:24:06.526509_5", "paid": true, "timestamp": "2022-02-02T13:54:06.528Z", "total_group_create_size": 1, "group_size": null, "plans": [1]}}, {"model": "order.payment", "pk": 21, "fields": {"plan": 1, "coupon": null, "coupon_discount": null, "valid_till": "2023-02-05", "amt_paid": 0.0, "order_id": "2022-02-05 17:11:27.714957_1", "paid": false, "timestamp": "2022-02-05T11:41:27.715Z", "total_group_create_size": 0, "group_size": null, "plans": []}}, {"model": "post.scope", "pk": 1, "fields": {"name": "Machine Learning", "icon": "fas fa-globe"}}, {"model": "post.scope", "pk": 2, "fields": {"name": "Deepl Learning", "icon": "fas fa-globe"}}, {"model": "post.scope", "pk": 3, "fields": {"name": "Neural Network", "icon": "fas fa-globe"}}, {"model": "post.scope", "pk": 4, "fields": {"name": "Artificial Intelligence", "icon": "fas fa-globe"}}, {"model": "post.language", "pk": 1, "fields": {"name": "Python", "icon": "mdi mdi-language-python"}}, {"model": "post.language", "pk": 2, "fields": {"name": "R", "icon": "mdi mdi-language-r"}}, {"model": "post.language", "pk": 3, "fields": {"name": "Julia", "icon": "mdi mdi-code-not-equal-variant"}}, {"model": "post.category", "pk": 1, "fields": {"name": "Questions /Errors", "icon": "mdi mdi-comment-question-outline"}}, {"model": "post.category", "pk": 2, "fields": {"name": "Dicussions /Informative", "icon": "mdi mdi-information-outline"}}, {"model": "post.post", "pk": 15, "fields": {"user": 2, "category": 1, "description": "Having Issue with file handing \r\n#", "image1": "post_image/temp_7AkKPyY.jpg", "image2": "", "image3": "", "image4": "", "image5": "", "skeleton_code": "", "language": 1, "scope_of_work": 1, "timestamp": "2021-12-29T18:11:37.443Z", "code": "<span class=\"hljs-comment\"># a file named \"geek\", will be opened with the reading mode.</span>\r\nfile = <span class=\"hljs-keyword\">open</span>(<span class=\"hljs-string\">'geek.txt'</span>, <span class=\"hljs-string\">'r'</span>)\r\n<span class=\"hljs-comment\"># This will print every line one by one in the file</span>\r\n<span class=\"hljs-keyword\">for</span> <span class=\"hljs-keyword\">each</span> in file:\r\n    <span class=\"hljs-keyword\">print</span> (<span class=\"hljs-keyword\">each</span>)", "liked_by": [1, 2, 6]}}, {"model": "post.post", "pk": 16, "fields": {"user": 1, "category": 2, "description": "Use the scatter() method to draw a scatter plot diagram:\n#", "image1": "post_image/temp_fBoWH5W.jpg", "image2": "", "image3": "", "image4": "", "image5": "", "skeleton_code": null, "language": 3, "scope_of_work": 3, "timestamp": "2021-12-29T18:14:13.498Z", "code": "<span class=\"hljs-keyword\">import</span> matplotlib.pyplot <span class=\"hljs-keyword\">as</span> plt\n\nx = [<span class=\"hljs-number\">5</span>,<span class=\"hljs-number\">7</span>,<span class=\"hljs-number\">8</span>,<span class=\"hljs-number\">7</span>,<span class=\"hljs-number\">2</span>,<span class=\"hljs-number\">17</span>,<span class=\"hljs-number\">2</span>,<span class=\"hljs-number\">9</span>,<span class=\"hljs-number\">4</span>,<span class=\"hljs-number\">11</span>,<span class=\"hljs-number\">12</span>,<span class=\"hljs-number\">9</span>,<span class=\"hljs-number\">6</span>]\ny = [<span class=\"hljs-number\">99</span>,<span class=\"hljs-number\">86</span>,<span class=\"hljs-number\">87</span>,<span class=\"hljs-number\">88</span>,<span class=\"hljs-number\">111</span>,<span class=\"hljs-number\">86</span>,<span class=\"hljs-number\">103</span>,<span class=\"hljs-number\">87</span>,<span class=\"hljs-number\">94</span>,<span class=\"hljs-number\">78</span>,<span class=\"hljs-number\">77</span>,<span class=\"hljs-number\">85</span>,<span class=\"hljs-number\">86</span>]\n\nplt.scatter(x, y)\nplt.show()", "liked_by": [1, 2]}}, {"model": "post.post", "pk": 17, "fields": {"user": 1, "category": 1, "description": "New Post", "image1": "post_image/temp_r7mLTHZ.jpg", "image2": "", "image3": "", "image4": "", "image5": "", "skeleton_code": null, "language": 1, "scope_of_work": 1, "timestamp": "2022-01-03T12:03:44.744Z", "code": null, "liked_by": [1]}}, {"model": "post.post", "pk": 18, "fields": {"user": 6, "category": 1, "description": "", "image1": "", "image2": "", "image3": "", "image4": "", "image5": "", "skeleton_code": null, "language": 1, "scope_of_work": 1, "timestamp": "2022-01-04T11:52:28.884Z", "code": " <span class=\"hljs-keyword\">import</span> React, {useEffect, useState} <span class=\"hljs-keyword\">from</span> <span class=\"hljs-string\">'react'</span>;\n<span class=\"hljs-comment\">// import axios from \"axios\";</span>\n<span class=\"hljs-keyword\">import</span> axios <span class=\"hljs-keyword\">from</span> <span class=\"hljs-string\">\"./axios\"</span>;\n<span class=\"hljs-keyword\">import</span> Table <span class=\"hljs-keyword\">from</span> <span class=\"hljs-string\">'./Table'</span>;\n\n<span class=\"hljs-function\"><span class=\"hljs-keyword\">function</span> <span class=\"hljs-title\">Data</span>(<span class=\"hljs-params\"></span>) </span>{\n\n    <span class=\"hljs-keyword\">const</span>[people,setPeople]= useState([]);\n    <span class=\"hljs-comment\">// useEffect(() =&gt;{</span>\n    <span class=\"hljs-comment\">//     async function fetchData() {</span>\n    <span class=\"hljs-comment\">//         const req = await axios.get(\"/All\");</span>\n\n    <span class=\"hljs-comment\">//         setPeople(req.data);</span>\n    <span class=\"hljs-comment\">//     }</span>\n\n    <span class=\"hljs-comment\">//     fetchData();</span>\n    <span class=\"hljs-comment\">// }, []);</span>", "liked_by": [1, 5]}}, {"model": "post.post", "pk": 19, "fields": {"user": 1, "category": 2, "description": "test", "image1": "post_image/temp_i1vvxSu.jpg", "image2": "", "image3": "", "image4": "", "image5": "", "skeleton_code": null, "language": 1, "scope_of_work": 2, "timestamp": "2022-01-04T12:46:29.689Z", "code": null, "liked_by": [1]}}, {"model": "post.firstlevelcategory", "pk": 1, "fields": {"name": "Machine learning"}}, {"model": "post.firstlevelcategory", "pk": 2, "fields": {"name": "NLP (Natural Language Processing)"}}, {"model": "post.firstlevelcategory", "pk": 3, "fields": {"name": "Forecasting"}}, {"model": "post.firstlevelcategory", "pk": 4, "fields": {"name": "Deep Learning"}}, {"model": "post.secondlevelcategory", "pk": 1, "fields": {"name": "Unsupervised", "first_category": 1}}, {"model": "post.secondlevelcategory", "pk": 2, "fields": {"name": "Supervised", "first_category": 1}}, {"model": "post.secondlevelcategory", "pk": 3, "fields": {"name": "Basic NLP", "first_category": 2}}, {"model": "post.secondlevelcategory", "pk": 4, "fields": {"name": "Named Entity Recognition", "first_category": 2}}, {"model": "post.secondlevelcategory", "pk": 5, "fields": {"name": "Sentiment Analysis", "first_category": 2}}, {"model": "post.thirdlevelcategory", "pk": 1, "fields": {"name": "Clustering", "first_category": 1, "second_category": 1}}, {"model": "post.thirdlevelcategory", "pk": 2, "fields": {"name": "Association", "first_category": 1, "second_category": 1}}, {"model": "post.thirdlevelcategory", "pk": 3, "fields": {"name": "Recommendation", "first_category": 1, "second_category": 1}}, {"model": "post.thirdlevelcategory", "pk": 4, "fields": {"name": "PCA", "first_category": 1, "second_category": 1}}, {"model": "post.thirdlevelcategory", "pk": 5, "fields": {"name": "Regression", "first_category": 1, "second_category": 2}}, {"model": "post.thirdlevelcategory", "pk": 6, "fields": {"name": "Decision Tree", "first_category": 1, "second_category": 2}}, {"model": "post.fourthlevelcategory", "pk": 1, "fields": {"name": "Hierarchical", "first_category": 1, "second_category": 1, "third_category": 1}}, {"model": "post.fourthlevelcategory", "pk": 2, "fields": {"name": "K-means", "first_category": 1, "second_category": 1, "third_category": 1}}, {"model": "post.fourthlevelcategory", "pk": 3, "fields": {"name": "DBSCAN", "first_category": 1, "second_category": 1, "third_category": 1}}, {"model": "post.skeletonpost", "pk": 1, "fields": {"user": 1, "first_level_category": 1, "second_level_category": 2, "third_level_category": 5, "fourth_level_category": null, "description": "The term regression is used when you try to find the relationship between variables.\r\n\r\nIn Machine Learning, and in statistical modeling, that relationship is used to predict the outcome of future events.", "image1": "skeleton_image/img_matplotlib_scatter.png", "image2": "skeleton_image/img_linear_regression.png", "image3": "", "image4": "", "image5": "", "skeleton_code": "<span class=\"hljs-keyword\">import</span> matplotlib.pyplot <span class=\"hljs-keyword\">as</span> plt\r\n<span class=\"hljs-keyword\">from</span> scipy <span class=\"hljs-keyword\">import</span> stats\r\n\r\nx = [<span class=\"hljs-number\">5</span>,<span class=\"hljs-number\">7</span>,<span class=\"hljs-number\">8</span>,<span class=\"hljs-number\">7</span>,<span class=\"hljs-number\">2</span>,<span class=\"hljs-number\">17</span>,<span class=\"hljs-number\">2</span>,<span class=\"hljs-number\">9</span>,<span class=\"hljs-number\">4</span>,<span class=\"hljs-number\">11</span>,<span class=\"hljs-number\">12</span>,<span class=\"hljs-number\">9</span>,<span class=\"hljs-number\">6</span>]\r\ny = [<span class=\"hljs-number\">99</span>,<span class=\"hljs-number\">86</span>,<span class=\"hljs-number\">87</span>,<span class=\"hljs-number\">88</span>,<span class=\"hljs-number\">111</span>,<span class=\"hljs-number\">86</span>,<span class=\"hljs-number\">103</span>,<span class=\"hljs-number\">87</span>,<span class=\"hljs-number\">94</span>,<span class=\"hljs-number\">78</span>,<span class=\"hljs-number\">77</span>,<span class=\"hljs-number\">85</span>,<span class=\"hljs-number\">86</span>]\r\n\r\nslope, intercept, r, p, std_err = stats.linregress(x, y)\r\n\r\ndef myfunc(x):\r\n  <span class=\"hljs-keyword\">return</span> slope * x + intercept\r\n\r\nmymodel = list(map(myfunc, x))\r\n\r\nplt.scatter(x, y)\r\nplt.plot(x, mymodel)\r\nplt.show()", "language": "Python", "scope_of_work": "Scope 1", "code_file": "", "timestamp": "2021-12-29T18:22:00.813Z", "liked_by": []}}, {"model": "post.skeletonpost", "pk": 2, "fields": {"user": 1, "first_level_category": 1, "second_level_category": 2, "third_level_category": 4, "fourth_level_category": 1, "description": "test", "image1": "", "image2": "", "image3": "", "image4": "", "image5": "", "skeleton_code": "", "language": "Java", "scope_of_work": "Scope 1", "code_file": "skeleton_code_file/Admin_Demo_File.csv", "timestamp": "2022-01-03T18:43:48.354Z", "liked_by": []}}, {"model": "post.flaginappropriate", "pk": 1, "fields": {"user": 1, "post": 19, "reason": "other", "timestamp": "2022-01-30T07:21:18.310Z"}}, {"model": "post.bookmark", "pk": 7, "fields": {"user": 6, "post": 18, "timestamp": "2022-02-03T07:25:58.294Z", "skeleton_post": null}}, {"model": "post.bookmark", "pk": 10, "fields": {"user": 1, "post": 17, "timestamp": "2022-02-03T07:33:16.005Z", "skeleton_post": null}}, {"model": "post.postcomment", "pk": 3, "fields": {"user": 2, "post": 15, "comment": "test", "timestamp": "2021-12-29T18:11:50.102Z"}}, {"model": "post.postcomment", "pk": 4, "fields": {"user": 1, "post": 16, "comment": "test comment", "timestamp": "2021-12-29T18:15:19.431Z"}}, {"model": "post.postcomment", "pk": 5, "fields": {"user": 1, "post": 16, "comment": "test comment second", "timestamp": "2021-12-30T05:49:27.369Z"}}, {"model": "post.postcomment", "pk": 6, "fields": {"user": 1, "post": 16, "comment": "test comment 3", "timestamp": "2021-12-30T06:06:04.096Z"}}, {"model": "post.postcomment", "pk": 7, "fields": {"user": 1, "post": 16, "comment": "sdsadf", "timestamp": "2021-12-30T06:27:18.449Z"}}, {"model": "post.postcomment", "pk": 8, "fields": {"user": 2, "post": 16, "comment": "asdf", "timestamp": "2021-12-30T06:43:02.865Z"}}, {"model": "post.postcomment", "pk": 9, "fields": {"user": 5, "post": 17, "comment": "hi", "timestamp": "2022-01-04T11:04:05.395Z"}}, {"model": "post.postcomment", "pk": 10, "fields": {"user": 5, "post": 18, "comment": "heyyy", "timestamp": "2022-01-04T12:09:29.353Z"}}, {"model": "post.postcomment", "pk": 11, "fields": {"user": 1, "post": 19, "comment": "dga", "timestamp": "2022-01-30T06:25:49.738Z"}}, {"model": "post.skeletonpostcomment", "pk": 1, "fields": {"user": 1, "post": 1, "comment": "Test Comment", "timestamp": "2021-12-30T06:09:22.209Z"}}, {"model": "competition.competion", "pk": 1, "fields": {"name": "Printed newspaper, every news that makes into a page has had a specific section allotted to it.", "image": "image/ratanlal-c-bafna-jewellers-jalgaon-jewellery-showrooms-yavjmt1ie2.webp", "overview": "<p>From the beginning, since the first printed newspaper, every news that makes into a page has had a specific section allotted to it. Although pretty much everything changed in newspapers from the ink to the type of paper used, this proper categorization of news was carried over by generations and even to the digital versions of the newspaper. Newspaper articles are not limited to a few topics or subjects, it covers a wide range of interests from politics to sports to movies and so on. For long, this process of sectioning was done manually by people but now technology can do it without much effort. In this hackathon, Data Science and Machine Learning enthusiasts like you will use Natural Language Processing to predict which genre or category a piece of news will fall in to from the story. Size of training set:&nbsp;7,628&nbsp;records Size of test set:&nbsp;2,748&nbsp;records FEATURES: STORY:&nbsp;&nbsp;A part of the main content of the article to be published as a piece of news. SECTION:&nbsp;The genre/category the STORY falls in. There are four distinct sections where each story may fall in to. The Sections are labelled as follows : Politics: 0 Technology: 1 Entertainment: 2 Business: 3</p>", "challenge": "<p>Challenge From the beginning, since the first printed newspaper, every news that makes into a page has had a specific section allotted to it. Although pretty much everything changed in newspapers from the ink to the type of paper used, this proper categorization of news was carried over by generations and even to the digital versions of the newspaper. Newspaper articles are not limited to a few topics or subjects, it covers a wide range of interests from politics to sports to movies and so on. For long, this process of sectioning was done manually by people but now technology can do it without much effort. In this hackathon, Data Science and Machine Learning enthusiasts like you will use Natural Language Processing to predict which genre or category a piece of news will fall in to from the story. Size of training set:&nbsp;7,628&nbsp;records Size of test set:&nbsp;2,748&nbsp;records FEATURES: STORY:&nbsp;&nbsp;A part of the main content of the article to be published as a piece of news. SECTION:&nbsp;The genre/category the STORY falls in. There are four distinct sections where each story may fall in to. The Sections are labelled as follows : Politics: 0 Technology: 1 Entertainment: 2 Business: 3</p>", "rules": "<p>Rules</p>", "evaluation": "<p>From the beginning, since the first printed newspaper, every news that makes into a page has had a specific section allotted to it. Although pretty much everything changed in newspapers from the ink to the type of paper used, this proper categorization of news was carried over by generations and even to the digital versions of the newspaper. Newspaper articles are not limited to a few topics or subjects, it covers a wide range of interests from politics to sports to movies and so on. For long, this process of sectioning was done manually by people but now technology can do it without much effort. In this hackathon, Data Science and Machine Learning enthusiasts like you will use Natural Language Processing to predict which genre or category a piece of news will fall in to from the story. Size of training set:&nbsp;7,628&nbsp;records Size of test set:&nbsp;2,748&nbsp;records FEATURES: STORY:&nbsp;&nbsp;A part of the main content of the article to be published as a piece of news. SECTION:&nbsp;The genre/category the STORY falls in. There are four distinct sections where each story may fall in to. The Sections are labelled as follows : Politics: 0 Technology: 1 Entertainment: 2 Business: 3</p>", "prize": "<p>From the beginning, since the first printed newspaper, every news that makes into a page has had a specific section allotted to it. Although pretty much <strong>everything changed in newspa</strong>pers from the ink to the type of paper used, this proper categorization of news was carried over by generations and even to the digital versions of the newspaper. Newspaper articles are not limited to a few topics or subjects, it covers a wide range of interests from politics to sports to movies and so on. For long, this process of sectioning was done manually by people but now technology can do it without much effort. In this hackathon, Data Science and Machine Learning enthusiasts like you will use Natural Language Processing to predict which genre or category a piece of news will fall in to from the story. Size of training set:&nbsp;7,628&nbsp;records Size of test set:&nbsp;2,748&nbsp;records FEATURES: STORY:&nbsp;&nbsp;A part of the main content of the article to be published as a piece of news. SECTION:&nbsp;The genre/category the STORY falls in. There are four distinct sections where each story may fall in to. The Sections are labelled as follows : Politics: 0 Technology: 1 Entertainment: 2 Business: 3</p>", "data": "image/adminFile.csv", "status": "Active", "level": "Beginner", "admin_file": "", "start": "2022-01-04", "end": "2022-02-01", "participants": [1, 4]}}, {"model": "social_django.usersocialauth", "pk": 1, "fields": {"user": 5, "provider": "google-oauth2", "uid": "akhilmehta1019@gmail.com", "extra_data": "{\"auth_time\": 1643726187, \"expires\": 3599, \"token_type\": \"Bearer\", \"access_token\": \"ya29.A0ARrdaM-hjJ_2cthXdwebMHng8X-03SSKCO5sGw1Ti7qsXAEiMvJ2RkwJ_PXkXbgl1SAg-SKHTXI8-zDV7TUYrVJl1FdRawmbznBfMotU0k10ikrgNHcbpQXr4TPPnMXz3FEP8KqXozzdsSP-BULmYXz6wYUiUg\"}", "created": "2022-01-31T11:15:31.519Z", "modified": "2022-02-01T14:36:27.932Z"}}, {"model": "social_django.usersocialauth", "pk": 2, "fields": {"user": 6, "provider": "google-oauth2", "uid": "sharmaakansha291997@gmail.com", "extra_data": "{\"auth_time\": 1643864367, \"expires\": 3599, \"token_type\": \"Bearer\", \"access_token\": \"ya29.A0ARrdaM-qN7G6wtY7L_fexvc02w8wjLmSM90_QYNZR-MD8qxbNZkLNm0xbfJWeDafFxAUxSWMNr2LABGoCeDQ_wppiBqWhnxfLLOJn8bBXVGFOI067eM-T4WbSgo2BiLpJAXTo7eRx9jxifrmbJxT_An76SXzdw\"}", "created": "2022-01-31T13:07:18.758Z", "modified": "2022-02-03T04:59:27.321Z"}}, {"model": "social_django.usersocialauth", "pk": 3, "fields": {"user": 8, "provider": "google-oauth2", "uid": "samirmehta67@gmail.com", "extra_data": "{\"auth_time\": 1643862174, \"expires\": 3599, \"token_type\": \"Bearer\", \"access_token\": \"ya29.A0ARrdaM-TftIyho0aPDpMoK4oA3hFQjCjoHIj2qXul67-6L8cO2dNurP4SFfsfhPUmOLmhkwBtf9YsU7iorqJuBkhjI5jQYLwZvYcydcLet3_t9wMNkB75uELaKaW1fwfer2k-4hNGk8K6_m2_AsLZMstRsGI\"}", "created": "2022-02-03T04:22:54.912Z", "modified": "2022-02-03T04:22:54.915Z"}}, {"model": "user_sessions.session", "pk": "0b0ib7gh2vixzp5t43k70jlw9gftcu77", "fields": {"session_data": ".eJxVjMsOwiAQRf-FtSG8BsGl-34DGWCQqoGktCvjv2uTLnR7zzn3xQJuaw3boCXMmV2YZqffLWJ6UNtBvmO7dZ56W5c58l3hBx186pme18P9O6g46rf2SVnyNksphJCgjCjm7EhEytZbjFoq55wGMCSSShKKlRiz12g8FED2_gC4STcL:1nE60p:l7PgILb4-MNk6HsXSiRpRZfw9-YEYYeNxAolC5y88ag", "expire_date": "2022-02-13T08:56:43.105Z", "user": 3, "user_agent": "Mozilla/5.0 (X11; Linux x86_64) AppleWebKit/537.36 (KHTML, like Gecko) Chrome/97.0.4692.99 Safari/537.36", "last_activity": "2022-01-30T08:56:43.105Z", "ip": null}}, {"model": "user_sessions.session", "pk": "0cmzn2vhbd8gel5finlj5ssvks7noe51", "fields": {"session_data": ".eJxVjEEOwiAQRe_C2hCYUqAu3XsGMsMMUjVtUtqV8e7apAvd_vfef6mE21rT1mRJI6uzAnX63QjzQ6Yd8B2n26zzPK3LSHpX9EGbvs4sz8vh_h1UbPVbD5ktArnYlwGMNR4lSnHMhJy963wmJp8jBjLBgVgGMV2AAgH7jlG9PwM0OKw:1nEUJR:V7-Cp4WLEgT090XS7l1rm3eTduHlH1EEheSjnCYrZNQ", "expire_date": "2022-02-14T10:53:33.794Z", "user": 2, "user_agent": "Mozilla/5.0 (Windows NT 10.0; Win64; x64) AppleWebKit/537.36 (KHTML, like Gecko) Chrome/97.0.4692.99 Safari/537.36", "last_activity": "2022-01-31T10:53:33.794Z", "ip": null}}, {"model": "user_sessions.session", "pk": "143f0vh4udnwppa28dcu87jrhanc3l4o", "fields": {"session_data": ".eJxVjEEOwiAQRe_C2hCYUqAu3XsGMsMMUjVtUtqV8e7apAvd_vfef6mE21rT1mRJI6uzAnX63QjzQ6Yd8B2n26zzPK3LSHpX9EGbvs4sz8vh_h1UbPVbD5ktArnYlwGMNR4lSnHMhJy963wmJp8jBjLBgVgGMV2AAgH7jlG9PwM0OKw:1n9056:R87nl9ofOmPh_fT5eMaejGft5s1WmLViMoQ6XNb5Ass", "expire_date": "2022-01-30T07:36:04.926Z", "user": 2, "user_agent": "Mozilla/5.0 (Windows NT 10.0; Win64; x64; rv:96.0) Gecko/20100101 Firefox/96.0", "last_activity": "2022-01-16T07:36:04.926Z", "ip": null}}, {"model": "user_sessions.session", "pk": "16gw68jtxv5mio6gpb380kdmgj7spukj", "fields": {"session_data": "e30:1nESls:rsa2Jr3IahO3Rr75OjaFdBsW33kJDXzs0t5QnRLyrnA", "expire_date": "2022-02-14T09:14:48.731Z", "user": null, "user_agent": "Mozilla/5.0 (Windows NT 10.0; Win64; x64) AppleWebKit/537.36 (KHTML, like Gecko) Chrome/97.0.4692.99 Safari/537.36", "last_activity": "2022-01-31T09:14:48.731Z", "ip": null}}, {"model": "user_sessions.session", "pk": "1dei5hpupuqx6znegw5nu5iai0gd6w3z", "fields": {"session_data": ".eJxVjEEOwiAQRe_C2hCYUqAu3XsGMsMMUjVtUtqV8e7apAvd_vfef6mE21rT1mRJI6uzAnX63QjzQ6Yd8B2n26zzPK3LSHpX9EGbvs4sz8vh_h1UbPVbD5ktArnYlwGMNR4lSnHMhJy963wmJp8jBjLBgVgGMV2AAgH7jlG9PwM0OKw:1nG1eu:8w3jAFEzsbvDwy9RT-zMNEbGmBIgBF1NKslRcSjK_2w", "expire_date": "2022-02-18T16:42:04.508Z", "user": 2, "user_agent": "Mozilla/5.0 (Windows NT 10.0; Win64; x64) AppleWebKit/537.36 (KHTML, like Gecko) Chrome/97.0.4692.99 Safari/537.36 OPR/83.0.4254.27", "last_activity": "2022-02-04T16:42:04.509Z", "ip": null}}, {"model": "user_sessions.session", "pk": "1x0tbpip11cesymxau37c0ryb8ggv04b", "fields": {"session_data": ".eJxVjMsOgjAQRf-la9MMMpTi0j3f0AzzsKiBhMLK-O9KwkK395xzXy7Rtua0FV3SKO7iKnf63Qbih047kDtNt9nzPK3LOPhd8Qctvp9Fn9fD_TvIVPK3jlCDcSsDoNZIwmfhFpTAhCGELogiYWXYWBCxxhCYYxO6aKSC0b0_BNU49Q:1n2nbc:mB_FJDfenNPfRYc1FEp-FBrcd3JIy8HrEVJ5FdUXgEs", "expire_date": "2022-01-13T05:04:00.035Z", "user": 1, "user_agent": "Mozilla/5.0 (Windows NT 10.0; Win64; x64) AppleWebKit/537.36 (KHTML, like Gecko) Chrome/96.0.4664.110 Safari/537.36", "last_activity": "2021-12-30T05:04:00.036Z", "ip": null}}, {"model": "user_sessions.session", "pk": "23e9fspx3xxrdutwp72xtjcu8fh1u01t", "fields": {"session_data": ".eJxVjMsOgjAQRf-la9MMMpTi0j3f0AzzsKiBhMLK-O9KwkK395xzXy7Rtua0FV3SKO7iKnf63Qbih047kDtNt9nzPK3LOPhd8Qctvp9Fn9fD_TvIVPK3jlCDcSsDoNZIwmfhFpTAhCGELogiYWXYWBCxxhCYYxO6aKSC0b0_BNU49Q:1n6sUR:t4Zls6KnZWzF3PwxkQGKfixytnZ7jZ-AoyyD5KOU1TM", "expire_date": "2022-01-24T11:05:27.729Z", "user": 1, "user_agent": "Mozilla/5.0 (X11; Ubuntu; Linux x86_64; rv:95.0) Gecko/20100101 Firefox/95.0", "last_activity": "2022-01-10T11:05:27.729Z", "ip": null}}, {"model": "user_sessions.session", "pk": "24fdjazrscbo342hivok0ejwag76ivgy", "fields": {"session_data": ".eJxVjMsOwiAQRf-FtSG8BsGl-34DGWCQqoGktCvjv2uTLnR7zzn3xQJuaw3boCXMmV2YZqffLWJ6UNtBvmO7dZ56W5c58l3hBx186pme18P9O6g46rf2SVnyNksphJCgjCjm7EhEytZbjFoq55wGMCSSShKKlRiz12g8FED2_gC4STcL:1n9kPN:CWKzmu5_0xSDOv4CKl-UUOns9XDs9P7I426bYigN_Gk", "expire_date": "2022-02-01T09:04:05.114Z", "user": 3, "user_agent": "Mozilla/5.0 (Windows NT 6.3; Win64; x64) AppleWebKit/537.36 (KHTML, like Gecko) Chrome/97.0.4692.71 Safari/537.36", "last_activity": "2022-01-18T09:04:05.114Z", "ip": null}}, {"model": "user_sessions.session", "pk": "28cmeqzwk5k2pkdzzuha5dzbdz0bin3a", "fields": {"session_data": "e30:1nDNM1:IJDZhXNojgTfhBv3Gkz4GiNQr8GMaxjojP2zAuLxPas", "expire_date": "2022-02-11T09:15:37.802Z", "user": null, "user_agent": null, "last_activity": "2022-01-28T09:15:37.802Z", "ip": null}}, {"model": "user_sessions.session", "pk": "2d1ccsb1fh8fwxst0x32xn5pg05l1ds5", "fields": {"session_data": "e30:1n6tg5:yeIJdYBjz0hral5bmLHsBxsE4cDTA6eI8YpL6QJXyy8", "expire_date": "2022-01-24T12:21:33.780Z", "user": null, "user_agent": "Mozilla/5.0 (compatible; YandexBot/3.0; +http://yandex.com/bots)", "last_activity": "2022-01-10T12:21:33.781Z", "ip": null}}, {"model": "user_sessions.session", "pk": "2su5zccxvrzbnsvm0dgbejwor3nu29y3", "fields": {"session_data": ".eJxVjMsOwiAQRf-FtSG8BsGl-34DGWCQqoGktCvjv2uTLnR7zzn3xQJuaw3boCXMmV2YZqffLWJ6UNtBvmO7dZ56W5c58l3hBx186pme18P9O6g46rf2SVnyNksphJCgjCjm7EhEytZbjFoq55wGMCSSShKKlRiz12g8FED2_gC4STcL:1nFZfr:CPR9ZyWFOrVw5IWDIMqai5srP3ueBD_P_Jc3fRg5F_c", "expire_date": "2022-02-17T10:49:11.230Z", "user": 3, "user_agent": "Mozilla/5.0 (X11; Linux x86_64) AppleWebKit/537.36 (KHTML, like Gecko) Chrome/97.0.4692.99 Safari/537.36", "last_activity": "2022-02-03T10:49:11.230Z", "ip": null}}, {"model": "user_sessions.session", "pk": "3aazlgiyr2c5vkv7m2xw54xbcgn24owq", "fields": {"session_data": ".eJxVjMsOgjAQRf-la9MMMpTi0j3f0AzzsKiBhMLK-O9KwkK395xzXy7Rtua0FV3SKO7iKnf63Qbih047kDtNt9nzPK3LOPhd8Qctvp9Fn9fD_TvIVPK3jlCDcSsDoNZIwmfhFpTAhCGELogiYWXYWBCxxhCYYxO6aKSC0b0_BNU49Q:1n9mZq:YzkYVWnxvpfidV6PBqX7aE786F8d3MpdAlDhm7c9fy4", "expire_date": "2022-02-01T11:23:02.177Z", "user": 1, "user_agent": "Mozilla/5.0 (Windows NT 10.0; Win64; x64) AppleWebKit/537.36 (KHTML, like Gecko) Chrome/97.0.4692.71 Safari/537.36", "last_activity": "2022-01-18T11:23:02.177Z", "ip": null}}, {"model": "user_sessions.session", "pk": "3bczh5uyz773y3erbwjqzm3dyqyw0r5v", "fields": {"session_data": "e30:1nE3ae:i7cGqo18tozCOmd0Ur8jVOJPF8pNnXA9i-k9c31hm7k", "expire_date": "2022-02-13T06:21:32.154Z", "user": null, "user_agent": "Mozilla/5.0 (Windows NT 10.0; Win64; x64) AppleWebKit/537.36 (KHTML, like Gecko) Chrome/97.0.4692.99 Safari/537.36", "last_activity": "2022-01-30T06:21:32.154Z", "ip": null}}, {"model": "user_sessions.session", "pk": "3ezucli8c3joe42dcwrufdfslw2dconp", "fields": {"session_data": "e30:1n8zlQ:twtRf6QpKkP1byWYw1I3_tmfcZXE6e7OCZY_VKEOXgg", "expire_date": "2022-01-30T07:15:44.105Z", "user": null, "user_agent": null, "last_activity": "2022-01-16T07:15:44.106Z", "ip": null}}, {"model": "user_sessions.session", "pk": "3kbtadb4cofery45zklhi9ufi9exupyz", "fields": {"session_data": ".eJxVjMsOwiAQRf-FtSG8BsGl-34DGWCQqoGktCvjv2uTLnR7zzn3xQJuaw3boCXMmV2YZqffLWJ6UNtBvmO7dZ56W5c58l3hBx186pme18P9O6g46rf2SVnyNksphJCgjCjm7EhEytZbjFoq55wGMCSSShKKlRiz12g8FED2_gC4STcL:1n8dxI:VvGWpHqqNOcDUOpIz6aO_51Hf3_DBdoQ9W6fdSwh5IE", "expire_date": "2022-01-29T07:58:32.666Z", "user": 3, "user_agent": "Mozilla/5.0 (X11; Linux x86_64) AppleWebKit/537.36 (KHTML, like Gecko) Chrome/96.0.4664.110 Safari/537.36", "last_activity": "2022-01-15T07:58:32.666Z", "ip": null}}, {"model": "user_sessions.session", "pk": "3sinyhtig9kovcnf0tq7oqioqu5x9hc5", "fields": {"session_data": ".eJxVkMsOgjAQRf-layUMFGrdofERN2iMLtw001IegdBA0YXGfxfQhawmuZNzz2ReJDMmq_Tc4L3LPWE77DRZEtPs2-x5PK2tvW2DPTvTuLmsischavW1KTdkRsRAiLvVrSiSHgmnmURV6npYWKMKrIQyrXZ-qXW-Wmc3jjga5FM-R5v3MOVAGSaB9DwItccXADzhiZSu8plG4CkDxV1GKZMgU-DAwxSZD8x3A0TZl_78Y3WFthOVyYr678DJC8j7A-vrXJc:1nFEzp:b-2jGsDSvkWcbfHoDIZl5En_yRRrHXsn4Q8N6oPPirM", "expire_date": "2022-02-16T12:44:25.078Z", "user": 6, "user_agent": "Mozilla/5.0 (Windows NT 6.3; WOW64) AppleWebKit/537.36 (KHTML, like Gecko) Chrome/97.0.4692.99 Safari/537.36", "last_activity": "2022-02-02T12:44:25.078Z", "ip": null}}, {"model": "user_sessions.session", "pk": "47pu0tnrtjn3p77mcr1tufzzksy3xq4a", "fields": {"session_data": ".eJxVjMsOwiAQRf-FtSG8BsGl-34DGWCQqoGktCvjv2uTLnR7zzn3xQJuaw3boCXMmV2YZqffLWJ6UNtBvmO7dZ56W5c58l3hBx186pme18P9O6g46rf2SVnyNksphJCgjCjm7EhEytZbjFoq55wGMCSSShKKlRiz12g8FED2_gC4STcL:1nEUJQ:1ANvEWdjNtDAcq4sJAUET0cNZB9cuIBto73Xq_VQhs0", "expire_date": "2022-02-14T10:53:32.319Z", "user": 3, "user_agent": "Mozilla/5.0 (Windows NT 10.0; Win64; x64) AppleWebKit/537.36 (KHTML, like Gecko) Chrome/95.0.4638.69 Safari/537.36", "last_activity": "2022-01-31T10:53:32.320Z", "ip": null}}, {"model": "user_sessions.session", "pk": "480ydgyfwaim3xqtdsokgwq875xrmr63", "fields": {"session_data": ".eJxVjMsOwiAQRf-FtSG8BsGl-34DGWCQqoGktCvjv2uTLnR7zzn3xQJuaw3boCXMmV2YZqffLWJ6UNtBvmO7dZ56W5c58l3hBx186pme18P9O6g46rf2SVnyNksphJCgjCjm7EhEytZbjFoq55wGMCSSShKKlRiz12g8FED2_gC4STcL:1n52VY:UYEVxY6LJDpbR-7xr-EDIcssnGESuBvWge1lZK7VsOU", "expire_date": "2022-01-19T09:23:00.793Z", "user": 3, "user_agent": "Mozilla/5.0 (X11; Linux x86_64) AppleWebKit/537.36 (KHTML, like Gecko) Chrome/96.0.4664.110 Safari/537.36", "last_activity": "2022-01-05T09:23:00.793Z", "ip": null}}, {"model": "user_sessions.session", "pk": "4dfn7wjozie6e789bh7yk7tgtxvlyi77", "fields": {"session_data": "e30:1nEuVD:TBqrypG4WsNqRB0z034MS_Ds3MB3W9extNYirVLbqbY", "expire_date": "2022-02-15T14:51:27.517Z", "user": null, "user_agent": "Mozilla/5.0 (Windows NT 10.0; Win64; x64) AppleWebKit/537.36 (KHTML, like Gecko) Chrome/97.0.4692.99 Safari/537.36", "last_activity": "2022-02-01T14:51:27.517Z", "ip": null}}, {"model": "user_sessions.session", "pk": "4mz3o0mrltdln1brqlio9oi9ygb7n2cs", "fields": {"session_data": ".eJxVjDEOwjAMAP-SGUUEEjtlZO8bItsxpIAaqWknxN9RpA6w3p3ubRJta0lb0yVN2VxMMIdfxiRPnbvID5rv1Uqd12Vi2xO722bHmvV13du_QaFW-tYJBXCCZ2QFQc0MHpz3BDchiORZOajLcgrEii7gccAwRPDoY2Tz-QL0sTfl:1n9S6R:HLtSnPAMsPeNI490WVkdUdguXdphl-3O3yV70p7To6A", "expire_date": "2022-01-31T13:31:19.557Z", "user": 5, "user_agent": "Mozilla/5.0 (Windows NT 10.0; Win64; x64) AppleWebKit/537.36 (KHTML, like Gecko) Chrome/96.0.4664.110 Safari/537.36", "last_activity": "2022-01-17T13:31:19.557Z", "ip": null}}, {"model": "user_sessions.session", "pk": "4watb5e1ljzt7ba9rddr7brqgh4fzk8f", "fields": {"session_data": "e30:1n3XGN:K4iNKb1glwut1yu-S99KDfjnrIIw6UYrZ3MM44S_nXc", "expire_date": "2022-01-15T05:49:07.276Z", "user": null, "user_agent": "Mozilla/5.0 (Windows NT 10.0; Win64; x64) AppleWebKit/537.36 (KHTML, like Gecko) Chrome/96.0.4664.110 Safari/537.36 OPR/82.0.4227.43", "last_activity": "2022-01-01T05:49:07.277Z", "ip": null}}, {"model": "user_sessions.session", "pk": "56d2zhqjo8mt1gfsuvx7z8cw9lodw12a", "fields": {"session_data": ".eJxVjEEOwiAQRe_C2hCYUqAu3XsGMsMMUjVtUtqV8e7apAvd_vfef6mE21rT1mRJI6uzAnX63QjzQ6Yd8B2n26zzPK3LSHpX9EGbvs4sz8vh_h1UbPVbD5ktArnYlwGMNR4lSnHMhJy963wmJp8jBjLBgVgGMV2AAgH7jlG9PwM0OKw:1nFrGD:cAkpDs0QaunTVXdbwnwSm4gkVy5cCVShFT4RTKwUNdw", "expire_date": "2022-02-18T05:35:53.946Z", "user": 2, "user_agent": "Mozilla/5.0 (Linux; Android 9; Redmi 6 Pro) AppleWebKit/537.36 (KHTML, like Gecko) Chrome/91.0.4472.120 Mobile Safari/537.36", "last_activity": "2022-02-04T05:35:53.946Z", "ip": null}}, {"model": "user_sessions.session", "pk": "6bd5qk355wc3pggh7b99j82lvhodkdqr", "fields": {"session_data": ".eJxVkE2LwjAQhv9LzmvptGnG8SYsLEVF8LCUvYRJmn5gNdi07EH877auh-1p4B2e9xnmLmrv686tPI9Dk-gw8ODERvwSetibwzdeslx-3g6n2x6aXKl1X_zYYic-hJ4JPQbX67acELXMDNuzu86L4G3Lnba-d9E7DdGfNvp6jeN2li_5hkMzwZJAIpeZSRJQLqE1AJVUGhPbFB0DVQiWYpQSDZgKCEhVjClgGmfMZip9-1_VHYdBd75ur_8OXLxAPJ7AdFtX:1nGByd:fNwcscixpRV4-X4GAf7U28YedNhGLf7a6O6oFePQwLY", "expire_date": "2022-02-19T03:43:07.211Z", "user": 6, "user_agent": "Mozilla/5.0 (Windows NT 6.3; WOW64) AppleWebKit/537.36 (KHTML, like Gecko) Chrome/97.0.4692.99 Safari/537.36", "last_activity": "2022-02-05T03:43:07.211Z", "ip": null}}, {"model": "user_sessions.session", "pk": "6pucgz191379cjbasoa1hlv6gvzyh9go", "fields": {"session_data": "e30:1n0x46:8cHSiKyssXjmHpvt3cX8GF5wt_EMJkxkG5o56BCH3HY", "expire_date": "2022-01-08T02:45:46.267Z", "user": null, "user_agent": "Mozilla/5.0 (X11; Linux x86_64) AppleWebKit/537.36 (KHTML, like Gecko) Chrome/80.0.3987.87 Safari/537.36 Edg/80.0.361.48", "last_activity": "2021-12-25T02:45:46.267Z", "ip": null}}, {"model": "user_sessions.session", "pk": "74xw0dqbn233kz10ues12wwcfcwzeazu", "fields": {"session_data": ".eJxVjMsOwiAQRf-FtSG8BsGl-34DGWCQqoGktCvjv2uTLnR7zzn3xQJuaw3boCXMmV2YZqffLWJ6UNtBvmO7dZ56W5c58l3hBx186pme18P9O6g46rf2SVnyNksphJCgjCjm7EhEytZbjFoq55wGMCSSShKKlRiz12g8FED2_gC4STcL:1n8dqH:nqGwB3_W_zKVBCPdok1irksYO3GKVnYJSS-CIJfyk9o", "expire_date": "2022-01-29T07:51:17.197Z", "user": 3, "user_agent": "Mozilla/5.0 (X11; Linux x86_64) AppleWebKit/537.36 (KHTML, like Gecko) Chrome/96.0.4664.110 Safari/537.36", "last_activity": "2022-01-15T07:51:17.198Z", "ip": null}}, {"model": "user_sessions.session", "pk": "7gt5bau3m9apmozcdq4hspapc3mwv0es", "fields": {"session_data": ".eJxVjMsOgjAQRf-la9MMMpTi0j3f0AzzsKiBhMLK-O9KwkK395xzXy7Rtua0FV3SKO7iKnf63Qbih047kDtNt9nzPK3LOPhd8Qctvp9Fn9fD_TvIVPK3jlCDcSsDoNZIwmfhFpTAhCGELogiYWXYWBCxxhCYYxO6aKSC0b0_BNU49Q:1nE6fQ:Mrl8swajW27-4qo-CSz4V7HrdJ6enq6Fy6eaaOzmkjk", "expire_date": "2022-02-13T09:38:40.593Z", "user": 1, "user_agent": "Mozilla/5.0 (Linux; Android 9; LLD-AL20) AppleWebKit/537.36 (KHTML, like Gecko) Chrome/97.0.4692.98 Mobile Safari/537.36", "last_activity": "2022-01-30T09:38:40.593Z", "ip": null}}, {"model": "user_sessions.session", "pk": "87063fu9rcv07imfw5cw1qn8rv97dgap", "fields": {"session_data": ".eJxVjMsOwiAQRf-FtSG8BsGl-34DGWCQqoGktCvjv2uTLnR7zzn3xQJuaw3boCXMmV2YZqffLWJ6UNtBvmO7dZ56W5c58l3hBx186pme18P9O6g46rf2SVnyNksphJCgjCjm7EhEytZbjFoq55wGMCSSShKKlRiz12g8FED2_gC4STcL:1n9NoT:J-TVOkiGtAkwxyDt3KFxXPmtnWPfuL8OjpVvJgtafUc", "expire_date": "2022-01-31T08:56:29.257Z", "user": 3, "user_agent": "Mozilla/5.0 (X11; Linux x86_64) AppleWebKit/537.36 (KHTML, like Gecko) Chrome/96.0.4664.45 Safari/537.36", "last_activity": "2022-01-17T08:56:29.257Z", "ip": null}}, {"model": "user_sessions.session", "pk": "8i2qbe0zzghi941sb5wrqa8hrw2pww2g", "fields": {"session_data": ".eJxVjEEOwiAQRe_C2hCYUqAu3XsGMsMMUjVtUtqV8e7apAvd_vfef6mE21rT1mRJI6uzAnX63QjzQ6Yd8B2n26zzPK3LSHpX9EGbvs4sz8vh_h1UbPVbD5ktArnYlwGMNR4lSnHMhJy963wmJp8jBjLBgVgGMV2AAgH7jlG9PwM0OKw:1nFs2Z:jm4kRt-ddUN46n9Yk6AQqShkUPImGdCylQPkOKxo4Zk", "expire_date": "2022-02-18T06:25:51.183Z", "user": 2, "user_agent": "Mozilla/5.0 (Windows NT 10.0; Win64; x64) AppleWebKit/537.36 (KHTML, like Gecko) Chrome/97.0.4692.99 Safari/537.36", "last_activity": "2022-02-04T06:25:51.183Z", "ip": null}}, {"model": "user_sessions.session", "pk": "8jplx63q16pylv50ihwhkpcg908p398h", "fields": {"session_data": ".eJxVjMsOgjAQRf-la9MMMpTi0j3f0AzzsKiBhMLK-O9KwkK395xzXy7Rtua0FV3SKO7iKnf63Qbih047kDtNt9nzPK3LOPhd8Qctvp9Fn9fD_TvIVPK3jlCDcSsDoNZIwmfhFpTAhCGELogiYWXYWBCxxhCYYxO6aKSC0b0_BNU49Q:1n2dna:DFjZMiiQL8-3QjKra4EW0EBYuPb9_pthTRlEAYWiky0", "expire_date": "2022-01-12T18:35:42.045Z", "user": 1, "user_agent": "Mozilla/5.0 (Windows NT 10.0; Win64; x64) AppleWebKit/537.36 (KHTML, like Gecko) Chrome/96.0.4664.110 Safari/537.36", "last_activity": "2021-12-29T18:35:42.046Z", "ip": null}}, {"model": "user_sessions.session", "pk": "8uybnnz7q8hai49njirp4wmzunfkjsc7", "fields": {"session_data": ".eJxVjMsOgjAQRf-la9MMMpTi0j3f0AzzsKiBhMLK-O9KwkK395xzXy7Rtua0FV3SKO7iKnf63Qbih047kDtNt9nzPK3LOPhd8Qctvp9Fn9fD_TvIVPK3jlCDcSsDoNZIwmfhFpTAhCGELogiYWXYWBCxxhCYYxO6aKSC0b0_BNU49Q:1n2ouE:8dcfMNZdPbYtGn32WYB_JO_cUdz5mRoWUKSdSgG0Jjk", "expire_date": "2022-01-13T06:27:18.457Z", "user": 1, "user_agent": "Mozilla/5.0 (X11; Linux x86_64) AppleWebKit/537.36 (KHTML, like Gecko) Chrome/96.0.4664.110 Safari/537.36", "last_activity": "2021-12-30T06:27:18.458Z", "ip": null}}, {"model": "user_sessions.session", "pk": "9b55q1skuwboh8u5ci9giyf1upiz00ja", "fields": {"session_data": ".eJxVjMsOgjAQRf-la9MMMpTi0j3f0AzzsKiBhMLK-O9KwkK395xzXy7Rtua0FV3SKO7iKnf63Qbih047kDtNt9nzPK3LOPhd8Qctvp9Fn9fD_TvIVPK3jlCDcSsDoNZIwmfhFpTAhCGELogiYWXYWBCxxhCYYxO6aKSC0b0_BNU49Q:1nEm0Q:5hXhpqyt6EpEZLM41HV_qPjSyDanNjBwHURelfP70ZY", "expire_date": "2022-02-15T05:47:06.110Z", "user": 1, "user_agent": "Mozilla/5.0 (Windows NT 10.0; Win64; x64) AppleWebKit/537.36 (KHTML, like Gecko) Chrome/97.0.4692.99 Safari/537.36", "last_activity": "2022-02-01T05:47:06.110Z", "ip": null}}, {"model": "user_sessions.session", "pk": "9fqpoyrxq7tdfghpa2vv3ukj5krf3efi", "fields": {"session_data": ".eJxVjMsOwiAQRf-FtSG8BsGl-34DGWCQqoGktCvjv2uTLnR7zzn3xQJuaw3boCXMmV2YZqffLWJ6UNtBvmO7dZ56W5c58l3hBx186pme18P9O6g46rf2SVnyNksphJCgjCjm7EhEytZbjFoq55wGMCSSShKKlRiz12g8FED2_gC4STcL:1n2nsQ:DN4Y9a3T9j1kLlm21heKEp_XtjEJ6D7q1ywrScBBYz0", "expire_date": "2022-01-13T05:21:22.394Z", "user": 3, "user_agent": "Mozilla/5.0 (X11; Linux x86_64) AppleWebKit/537.36 (KHTML, like Gecko) Chrome/96.0.4664.110 Safari/537.36", "last_activity": "2021-12-30T05:21:22.394Z", "ip": null}}, {"model": "user_sessions.session", "pk": "9pgj2ldwymkizvor1fxrx0o5jp8p8qzb", "fields": {"session_data": ".eJxVjDEOwjAMAP-SGUUEEjtlZO8bItsxpIAaqWknxN9RpA6w3p3ubRJta0lb0yVN2VxMMIdfxiRPnbvID5rv1Uqd12Vi2xO722bHmvV13du_QaFW-tYJBXCCZ2QFQc0MHpz3BDchiORZOajLcgrEii7gccAwRPDoY2Tz-QL0sTfl:1nFtZV:UnYHxpqBrCfQG1ojrkbol80NvKudvOohNVA4RRV1_9c", "expire_date": "2022-02-18T08:03:57.711Z", "user": 5, "user_agent": "Mozilla/5.0 (Windows NT 10.0; Win64; x64) AppleWebKit/537.36 (KHTML, like Gecko) Chrome/97.0.4692.99 Safari/537.36", "last_activity": "2022-02-04T08:03:57.711Z", "ip": null}}, {"model": "user_sessions.session", "pk": "a9knjyw9x0nwyfp8t4pktltjgsnwunb5", "fields": {"session_data": ".eJxVjEEOwiAQRe_C2hCYUqAu3XsGMsMMUjVtUtqV8e7apAvd_vfef6mE21rT1mRJI6uzAnX63QjzQ6Yd8B2n26zzPK3LSHpX9EGbvs4sz8vh_h1UbPVbD5ktArnYlwGMNR4lSnHMhJy963wmJp8jBjLBgVgGMV2AAgH7jlG9PwM0OKw:1nEm2Z:h-SEDv5-sjwJnabCnW_BNIt5rgsiUjn8xbJYj_dj1o4", "expire_date": "2022-02-15T05:49:19.285Z", "user": 2, "user_agent": "Mozilla/5.0 (Windows NT 10.0; Win64; x64) AppleWebKit/537.36 (KHTML, like Gecko) Chrome/97.0.4692.99 Safari/537.36", "last_activity": "2022-02-01T05:49:19.285Z", "ip": null}}, {"model": "user_sessions.session", "pk": "b01idjc25pnp7l2m5baexx0r2wvqnrmy", "fields": {"session_data": ".eJxVjEEOwiAQRe_C2hCYUqAu3XsGMsMMUjVtUtqV8e7apAvd_vfef6mE21rT1mRJI6uzAnX63QjzQ6Yd8B2n26zzPK3LSHpX9EGbvs4sz8vh_h1UbPVbD5ktArnYlwGMNR4lSnHMhJy963wmJp8jBjLBgVgGMV2AAgH7jlG9PwM0OKw:1nE4TU:iNkwW6LrT1uK0NlEeo7GfFAHKCsHlfoFAOYRkxF6TSA", "expire_date": "2022-02-13T07:18:12.115Z", "user": 2, "user_agent": "Mozilla/5.0 (Windows NT 10.0; Win64; x64) AppleWebKit/537.36 (KHTML, like Gecko) Chrome/97.0.4692.99 Safari/537.36", "last_activity": "2022-01-30T07:18:12.115Z", "ip": null}}, {"model": "user_sessions.session", "pk": "b24hwcovib4y4zdrkq5ymriasvn3vhma", "fields": {"session_data": ".eJxVjMsOwiAQRf-FtSG8BsGl-34DGWCQqoGktCvjv2uTLnR7zzn3xQJuaw3boCXMmV2YZqffLWJ6UNtBvmO7dZ56W5c58l3hBx186pme18P9O6g46rf2SVnyNksphJCgjCjm7EhEytZbjFoq55wGMCSSShKKlRiz12g8FED2_gC4STcL:1n8dvA:vj-xJjkWqh1rxpxWoeV-GbMm3kSAqwRkfwdkg92Bg78", "expire_date": "2022-01-29T07:56:20.361Z", "user": 3, "user_agent": "Mozilla/5.0 (X11; Linux x86_64) AppleWebKit/537.36 (KHTML, like Gecko) Chrome/96.0.4664.110 Safari/537.36", "last_activity": "2022-01-15T07:56:20.361Z", "ip": null}}, {"model": "user_sessions.session", "pk": "b4r7y4yc1iuj5pdudz2koftx7wnfmhla", "fields": {"session_data": ".eJxVjMsOgjAQRf-la9MMMpTi0j3f0AzzsKiBhMLK-O9KwkK395xzXy7Rtua0FV3SKO7iKnf63Qbih047kDtNt9nzPK3LOPhd8Qctvp9Fn9fD_TvIVPK3jlCDcSsDoNZIwmfhFpTAhCGELogiYWXYWBCxxhCYYxO6aKSC0b0_BNU49Q:1n52Vn:N3ay0hvF97i8DDEogf1jaAnpBkJYjpPWYJ3suDKaGQw", "expire_date": "2022-01-19T09:23:15.594Z", "user": 1, "user_agent": "Mozilla/5.0 (X11; Linux x86_64) AppleWebKit/537.36 (KHTML, like Gecko) Chrome/96.0.4664.110 Safari/537.36", "last_activity": "2022-01-05T09:23:15.594Z", "ip": null}}, {"model": "user_sessions.session", "pk": "b5aaz29ecmsdovvl0iimvsl48ftr97u6", "fields": {"session_data": ".eJxVjMsOgjAQRf-la9MMMpTi0j3f0AzzsKiBhMLK-O9KwkK395xzXy7Rtua0FV3SKO7iKnf63Qbih047kDtNt9nzPK3LOPhd8Qctvp9Fn9fD_TvIVPK3jlCDcSsDoNZIwmfhFpTAhCGELogiYWXYWBCxxhCYYxO6aKSC0b0_BNU49Q:1nEPmC:FkijFpcyS7T8VzhBfWBdVf11IR0_nwgtAcVSU_tIOMc", "expire_date": "2022-02-14T06:02:56.124Z", "user": 1, "user_agent": "Mozilla/5.0 (X11; Linux x86_64) AppleWebKit/537.36 (KHTML, like Gecko) Chrome/97.0.4692.99 Safari/537.36", "last_activity": "2022-01-31T06:02:56.124Z", "ip": null}}, {"model": "user_sessions.session", "pk": "b5qfjck0df4czr05kl6ldnojjfocufrx", "fields": {"session_data": ".eJxVjEEOwiAQRe_C2hCYUqAu3XsGMsMMUjVtUtqV8e7apAvd_vfef6mE21rT1mRJI6uzAnX63QjzQ6Yd8B2n26zzPK3LSHpX9EGbvs4sz8vh_h1UbPVbD5ktArnYlwGMNR4lSnHMhJy963wmJp8jBjLBgVgGMV2AAgH7jlG9PwM0OKw:1nGOv7:Y6dgJDAkEvNnB-th6B6HZWWsoo0x_w0tWNvPTpgxJ58", "expire_date": "2022-02-19T17:32:21.432Z", "user": 2, "user_agent": "Mozilla/5.0 (Windows NT 10.0; Win64; x64; rv:96.0) Gecko/20100101 Firefox/96.0", "last_activity": "2022-02-05T17:32:21.432Z", "ip": null}}, {"model": "user_sessions.session", "pk": "btzwy15ucz1fdbeyaujv9un3alhvv0di", "fields": {"session_data": ".eJxVjMsOwiAQRf-FtSG8BsGl-34DGWCQqoGktCvjv2uTLnR7zzn3xQJuaw3boCXMmV2YZqffLWJ6UNtBvmO7dZ56W5c58l3hBx186pme18P9O6g46rf2SVnyNksphJCgjCjm7EhEytZbjFoq55wGMCSSShKKlRiz12g8FED2_gC4STcL:1n4dyj:DGgH3LvsW9iTv0R2TIvd6aLaBwV9aTDo54XKr9wrtAM", "expire_date": "2022-01-18T07:11:29.439Z", "user": 3, "user_agent": "Mozilla/5.0 (X11; Linux x86_64) AppleWebKit/537.36 (KHTML, like Gecko) Chrome/96.0.4664.110 Safari/537.36", "last_activity": "2022-01-04T07:11:29.439Z", "ip": null}}, {"model": "user_sessions.session", "pk": "bzoyhj1x80omm527rgclug9okkytxy42", "fields": {"session_data": ".eJxVjEEOwiAQRe_C2hBKW4Zx6d4zEIYZpGpKUtqV8e7apAvd_vfef6kQt7WErckSJlZnNajT70YxPWTeAd_jfKs61XldJtK7og_a9LWyPC-H-3dQYivf2o526LyD2EfbQ4bMwuS8BaI-MXrM4lA6g0hj6gCZs_AA4Dw5w2jU-wPhHDf-:1n5QqZ:VYkRs6u9zErCZKvPMM_SG287cCyPR8Doj9eRPwXq_K8", "expire_date": "2022-01-20T11:22:19.535Z", "user": 4, "user_agent": "Mozilla/5.0 (Windows NT 10.0; Win64; x64) AppleWebKit/537.36 (KHTML, like Gecko) Chrome/96.0.4664.110 Safari/537.36", "last_activity": "2022-01-06T11:22:19.535Z", "ip": null}}, {"model": "user_sessions.session", "pk": "c8jh3pjjy3afzkrr1h4zov2phspzkvgl", "fields": {"session_data": ".eJxVjEEOwiAQRe_C2hCYUqAu3XsGMsMMUjVtUtqV8e7apAvd_vfef6mE21rT1mRJI6uzAnX63QjzQ6Yd8B2n26zzPK3LSHpX9EGbvs4sz8vh_h1UbPVbD5ktArnYlwGMNR4lSnHMhJy963wmJp8jBjLBgVgGMV2AAgH7jlG9PwM0OKw:1nFECO:p7oX3oMEZTcD1A-k7HvxBRPHBkLvmn0TSaAoZ9AESeY", "expire_date": "2022-02-16T11:53:20.138Z", "user": 2, "user_agent": "Mozilla/5.0 (Windows NT 10.0; Win64; x64) AppleWebKit/537.36 (KHTML, like Gecko) Chrome/97.0.4692.99 Safari/537.36", "last_activity": "2022-02-02T11:53:20.138Z", "ip": null}}, {"model": "user_sessions.session", "pk": "cfbr90mguympe00a4xrm3t3pu9cdvtad", "fields": {"session_data": ".eJxVjEEOwiAQRe_C2hCYUqAu3XsGMsMMUjVtUtqV8e7apAvd_vfef6mE21rT1mRJI6uzAnX63QjzQ6Yd8B2n26zzPK3LSHpX9EGbvs4sz8vh_h1UbPVbD5ktArnYlwGMNR4lSnHMhJy963wmJp8jBjLBgVgGMV2AAgH7jlG9PwM0OKw:1nFxeJ:bQZoAqGkIsq4p1wr8dgYIYnQrWcR1PxwhJwGlh0UgFg", "expire_date": "2022-02-18T12:25:11.975Z", "user": 2, "user_agent": "Mozilla/5.0 (Windows NT 10.0; Win64; x64) AppleWebKit/537.36 (KHTML, like Gecko) Chrome/97.0.4692.99 Safari/537.36", "last_activity": "2022-02-04T12:25:11.975Z", "ip": null}}, {"model": "user_sessions.session", "pk": "cg25svd7rmd6opuckq4g33jka7kdaq4a", "fields": {"session_data": ".eJxVkMsKwjAQRf8lay2d9BHjzoKICJUKrsMkTZ-hkabdVPx3W3VhVwN3OPcM8ySltaXRW4vjUFHhBhw02ZPsmPXnyTRFc1fRLcl0gim0iqbxhT3G-0Q2RCyEGJ3uRZ3PSLzOJKpWd8vCWVWjEcr22vulzvtqvdNnXA-LfM1X6KoZDjmEDPNIUgqxpnwHwHOeS-mrgGkEXjBQ3GdhyCTIAjjwuEAWAAv8CFHOpT__p9qgG4SxZd39Hbh6AXm9AZhrXD0:1nF7A6:mao3eeziEtAQrWsDlXkqc8b2g9_hTATdbdCHFf6eAXY", "expire_date": "2022-02-16T04:22:30.518Z", "user": 6, "user_agent": "Mozilla/5.0 (Windows NT 6.3; WOW64) AppleWebKit/537.36 (KHTML, like Gecko) Chrome/97.0.4692.99 Safari/537.36", "last_activity": "2022-02-02T04:22:30.518Z", "ip": null}}, {"model": "user_sessions.session", "pk": "cq9zq0nnhodxpe23wyy6ovigbers9gcd", "fields": {"session_data": "e30:1n8zlN:ju3UrIY1Fplhib7JvZNcIuh4Dv5phAXtTHnBfywen0k", "expire_date": "2022-01-30T07:15:41.608Z", "user": null, "user_agent": null, "last_activity": "2022-01-16T07:15:41.609Z", "ip": null}}, {"model": "user_sessions.session", "pk": "ctr7oh8k0uys8hkfnf0qambpgl6hw5cu", "fields": {"session_data": "e30:1n2pXO:oqmhZeWoULOYWmc2GSs8AjMry3whayEGAnbjESK2B3Q", "expire_date": "2022-01-13T07:07:46.878Z", "user": null, "user_agent": "Mozilla/5.0 (Windows NT 10.0; Win64; x64) AppleWebKit/537.36 (KHTML, like Gecko) Chrome/96.0.4664.110 Safari/537.36", "last_activity": "2021-12-30T07:07:46.878Z", "ip": null}}, {"model": "user_sessions.session", "pk": "cvudfuwypxlaewiq52watx3fv4vz0mil", "fields": {"session_data": ".eJxVjMsOgjAQRf-la9MMMpTi0j3f0AzzsKiBhMLK-O9KwkK395xzXy7Rtua0FV3SKO7iKnf63Qbih047kDtNt9nzPK3LOPhd8Qctvp9Fn9fD_TvIVPK3jlCDcSsDoNZIwmfhFpTAhCGELogiYWXYWBCxxhCYYxO6aKSC0b0_BNU49Q:1n6sT5:Z3UaAQOQ_gno00okZEW5PK-uzDZJpGT2_zykaFNomh4", "expire_date": "2022-01-24T11:04:03.476Z", "user": 1, "user_agent": "Mozilla/5.0 (Windows NT 10.0; Win64; x64; rv:95.0) Gecko/20100101 Firefox/95.0", "last_activity": "2022-01-10T11:04:03.476Z", "ip": null}}, {"model": "user_sessions.session", "pk": "cxceopngnrpwqpiwq7k1bdekq8n6o83d", "fields": {"session_data": "e30:1n3tJa:JaDaN3mynNPIB4z_nJTWQHd2VtnN6gBgCDofXa-DkJE", "expire_date": "2022-01-16T05:21:54.720Z", "user": null, "user_agent": "Mozilla/5.0 (Linux; Android 6.0.1; Nexus 5X Build/MMB29P) AppleWebKit/537.36 (KHTML, like Gecko) Chrome/96.0.4664.93 Mobile Safari/537.36 (compatible; Googlebot/2.1; +http://www.google.com/bot.html)", "last_activity": "2022-01-02T05:21:54.721Z", "ip": null}}, {"model": "user_sessions.session", "pk": "dd7u3tdzewseg46ray3ldzrvl2ub9hpr", "fields": {"session_data": ".eJxVjEEOwiAQRe_C2hCYUqAu3XsGMsMMUjVtUtqV8e7apAvd_vfef6mE21rT1mRJI6uzAnX63QjzQ6Yd8B2n26zzPK3LSHpX9EGbvs4sz8vh_h1UbPVbD5ktArnYlwGMNR4lSnHMhJy963wmJp8jBjLBgVgGMV2AAgH7jlG9PwM0OKw:1nFDVn:xSz6r6Jz1YijcF0IJ_uJ9q66cRShbl0JIbWckO2BowE", "expire_date": "2022-02-16T11:09:19.286Z", "user": 2, "user_agent": "Mozilla/5.0 (Windows NT 10.0; Win64; x64) AppleWebKit/537.36 (KHTML, like Gecko) Chrome/97.0.4692.99 Safari/537.36", "last_activity": "2022-02-02T11:09:19.287Z", "ip": null}}, {"model": "user_sessions.session", "pk": "drdhzm1xpzw132k3fm96i3n58vxo4dn3", "fields": {"session_data": ".eJxVkMsKwjAQRf8lay1JnxN3giCKD1AUXIVpkj4wNtpEFMR_16oLuxq4wzl3mAcprS2NHlq8-ioUzqPXZEQ2k5NplmpVzM7Tw32e7BbM1_vWNXCbX9rNlgyI6AhxdboVtXoj0M9ylEfddAtnZY1GSNvq4Je64FsbTD9jPe7K-3yFruqsyBXqDBBCTTWLYp6xhCeYp8AL4JCCopKGKcM4LTjQLOYgc5ZBHFFIcvWW_vo_aoPOC2PLuvk7sPcC8nwBE9pcdg:1nFcEl:E5jKTU7co6N2sAKVkIVXNQvtRGEZwVqi_NeF0IgqzAI", "expire_date": "2022-02-17T13:33:23.527Z", "user": 8, "user_agent": "Mozilla/5.0 (Windows NT 10.0; Win64; x64) AppleWebKit/537.36 (KHTML, like Gecko) Chrome/97.0.4692.99 Safari/537.36", "last_activity": "2022-02-03T13:33:23.527Z", "ip": null}}, {"model": "user_sessions.session", "pk": "du5o8kqovqmoxyu9wie9y4p8jj7k2zms", "fields": {"session_data": "e30:1nDMgh:a3ReX7otV2V7876ftH1ZZS2rLnjpNEv7FUVdf_xd8ac", "expire_date": "2022-02-11T08:32:55.742Z", "user": null, "user_agent": null, "last_activity": "2022-01-28T08:32:55.742Z", "ip": null}}, {"model": "user_sessions.session", "pk": "edvkyn8w2ys8k8nbggd93zel7ofq0pyo", "fields": {"session_data": ".eJxVjMsOgjAQRf-la9MMMpTi0j3f0AzzsKiBhMLK-O9KwkK395xzXy7Rtua0FV3SKO7iKnf63Qbih047kDtNt9nzPK3LOPhd8Qctvp9Fn9fD_TvIVPK3jlCDcSsDoNZIwmfhFpTAhCGELogiYWXYWBCxxhCYYxO6aKSC0b0_BNU49Q:1n8fFS:ir_pRMRRfIxwPA3cZ_EnUczx2b7Cu9K_VyCHIiyAkaI", "expire_date": "2022-01-29T09:21:22.770Z", "user": 1, "user_agent": "Mozilla/5.0 (X11; Linux x86_64) AppleWebKit/537.36 (KHTML, like Gecko) Chrome/96.0.4664.110 Safari/537.36", "last_activity": "2022-01-15T09:21:22.770Z", "ip": null}}, {"model": "user_sessions.session", "pk": "ejt8102iyofjy6qyoqjdqr3o052qim90", "fields": {"session_data": "e30:1n1Ehh:-iHhwAo10Dx1r-1JQXuBq3sxRDYAVZOlspzLHT7sr4M", "expire_date": "2022-01-08T21:35:49.402Z", "user": null, "user_agent": "Mozilla/5.0 (Macintosh; Intel Mac OS X 10.11; rv:52.0) Gecko/20100101 Firefox/52.0", "last_activity": "2021-12-25T21:35:49.403Z", "ip": null}}, {"model": "user_sessions.session", "pk": "ekq2920tynmwkzovhrv7z37b7xn6kvmu", "fields": {"session_data": ".eJxVjMsOwiAQRf-FtSG8BsGl-34DGWCQqoGktCvjv2uTLnR7zzn3xQJuaw3boCXMmV2YZqffLWJ6UNtBvmO7dZ56W5c58l3hBx186pme18P9O6g46rf2SVnyNksphJCgjCjm7EhEytZbjFoq55wGMCSSShKKlRiz12g8FED2_gC4STcL:1n5Mac:KoFWU-g9e8WwCG52zhfS2n19G115oeCuHiHF9yZXoEA", "expire_date": "2022-01-20T06:49:34.746Z", "user": 3, "user_agent": "Mozilla/5.0 (X11; Linux x86_64) AppleWebKit/537.36 (KHTML, like Gecko) Chrome/96.0.4664.110 Safari/537.36", "last_activity": "2022-01-06T06:49:34.747Z", "ip": null}}, {"model": "user_sessions.session", "pk": "el64h357f6jz2mi419avnzvkmc5ysivl", "fields": {"session_data": ".eJxVjMsOwiAQRf-FtSG8BsGl-34DGWCQqoGktCvjv2uTLnR7zzn3xQJuaw3boCXMmV2YZqffLWJ6UNtBvmO7dZ56W5c58l3hBx186pme18P9O6g46rf2SVnyNksphJCgjCjm7EhEytZbjFoq55wGMCSSShKKlRiz12g8FED2_gC4STcL:1n6sVS:IAZlYLNb3qFFZz9gbrZXXshQZtzNr_8lqf2KPXJrDCo", "expire_date": "2022-01-24T11:06:30.172Z", "user": 3, "user_agent": "Mozilla/5.0 (X11; Ubuntu; Linux x86_64; rv:95.0) Gecko/20100101 Firefox/95.0", "last_activity": "2022-01-10T11:06:30.172Z", "ip": null}}, {"model": "user_sessions.session", "pk": "ese63lpavk972r0nbuo9ptanwtq2xpnw", "fields": {"session_data": ".eJxVjMsOwiAQRf-FtSG8hoJL934DGWCQqoGktCvjv2uTLnR7zzn3xQJuaw3boCXMmZ3ZxE6_W8T0oLaDfMd26zz1ti5z5LvCDzr4tWd6Xg7376DiqN_aJ2XJ2yylEEKCMqKYyZGIlK23GLVUzjkNYEgklSQUKzFmr9F4KIDs_QG6rTcP:1nFH7f:zvl5jvbMMtOaYpvWP2TFPNJvyI4SVsMkdf-Px5WYp1c", "expire_date": "2022-02-16T15:00:39.704Z", "user": 7, "user_agent": "Mozilla/5.0 (X11; Linux x86_64) AppleWebKit/537.36 (KHTML, like Gecko) Chrome/96.0.4664.45 Safari/537.36", "last_activity": "2022-02-02T15:00:39.704Z", "ip": null}}, {"model": "user_sessions.session", "pk": "eun5jmgnis4igpq29uhudignofpmsfac", "fields": {"session_data": ".eJxVjMsOgjAQRf-la9MMMpTi0j3f0AzzsKiBhMLK-O9KwkK395xzXy7Rtua0FV3SKO7iKnf63Qbih047kDtNt9nzPK3LOPhd8Qctvp9Fn9fD_TvIVPK3jlCDcSsDoNZIwmfhFpTAhCGELogiYWXYWBCxxhCYYxO6aKSC0b0_BNU49Q:1n2YJ6:WufWmRSafvuIS5RNVO-tkHkOJyqnokL9jEpsy1lC6pw", "expire_date": "2022-01-12T12:43:52.151Z", "user": 1, "user_agent": "Mozilla/5.0 (Windows NT 10.0; Win64; x64) AppleWebKit/537.36 (KHTML, like Gecko) Chrome/96.0.4664.110 Safari/537.36", "last_activity": "2021-12-29T12:43:52.151Z", "ip": null}}, {"model": "user_sessions.session", "pk": "evfv8xr0qbwnkhqe23ms1j6iwj460yv4", "fields": {"session_data": ".eJxVjMsOgjAQRf-la9MMMpTi0j3f0AzzsKiBhMLK-O9KwkK395xzXy7Rtua0FV3SKO7iKnf63Qbih047kDtNt9nzPK3LOPhd8Qctvp9Fn9fD_TvIVPK3jlCDcSsDoNZIwmfhFpTAhCGELogiYWXYWBCxxhCYYxO6aKSC0b0_BNU49Q:1n9mlV:aATXeoFVYQNWWIntDAxTwPTqyQGABLBxajNrUk7vltk", "expire_date": "2022-02-01T11:35:05.431Z", "user": 1, "user_agent": "Mozilla/5.0 (Windows NT 10.0; Win64; x64) AppleWebKit/537.36 (KHTML, like Gecko) Chrome/97.0.4692.71 Safari/537.36", "last_activity": "2022-01-18T11:35:05.432Z", "ip": null}}, {"model": "user_sessions.session", "pk": "fasqm4vgnxg8lzpt2l59fz564hyttqfw", "fields": {"session_data": "e30:1n3cgM:moUu80lXbut0l40zRHvjBX60hcETukiY5IglRvzwORM", "expire_date": "2022-01-15T11:36:18.887Z", "user": null, "user_agent": "Mozilla/5.0 (compatible; Googlebot/2.1; +http://www.google.com/bot.html)", "last_activity": "2022-01-01T11:36:18.887Z", "ip": null}}, {"model": "user_sessions.session", "pk": "focoikkzha8gxsst90veqfjcq012muyf", "fields": {"session_data": "eyJnb29nbGUtb2F1dGgyX3N0YXRlIjoibENiTGp3eGdJaWhlbHZjcEdRQ0poeWI1U29jMHNONnYifQ:1nFPz4:7a2CAYtjY127A9cbOgRWtOP6dCa6jks6CR0P--T3os8", "expire_date": "2022-02-17T00:28:22.039Z", "user": null, "user_agent": "Mozilla/5.0 (compatible; Googlebot/2.1; +http://www.google.com/bot.html)", "last_activity": "2022-02-03T00:28:22.040Z", "ip": null}}, {"model": "user_sessions.session", "pk": "g1af03z5bkmw2jr0gsfl9pd0pkau1ydl", "fields": {"session_data": ".eJxVjMsOgjAQRf-la9MMMpTi0j3f0AzzsKiBhMLK-O9KwkK395xzXy7Rtua0FV3SKO7iKnf63Qbih047kDtNt9nzPK3LOPhd8Qctvp9Fn9fD_TvIVPK3jlCDcSsDoNZIwmfhFpTAhCGELogiYWXYWBCxxhCYYxO6aKSC0b0_BNU49Q:1nFESg:RVJp4m69AtId65pECz-GkgAjHMeChj37YoD7eNO7Mng", "expire_date": "2022-02-16T12:10:10.604Z", "user": 1, "user_agent": "Mozilla/5.0 (X11; Linux x86_64) AppleWebKit/537.36 (KHTML, like Gecko) Chrome/97.0.4692.99 Safari/537.36", "last_activity": "2022-02-02T12:10:10.604Z", "ip": null}}, {"model": "user_sessions.session", "pk": "g6hij0s314m45s4onklpca1o6h4oznum", "fields": {"session_data": ".eJxVjMsOgjAQRf-la9MMMpTi0j3f0AzzsKiBhMLK-O9KwkK395xzXy7Rtua0FV3SKO7iKnf63Qbih047kDtNt9nzPK3LOPhd8Qctvp9Fn9fD_TvIVPK3jlCDcSsDoNZIwmfhFpTAhCGELogiYWXYWBCxxhCYYxO6aKSC0b0_BNU49Q:1nETsQ:AJOw9XYdOIK-X4sQxG2yzBb2aFvhpXutqYkjSoGbSrA", "expire_date": "2022-02-14T10:25:38.718Z", "user": 1, "user_agent": "Mozilla/5.0 (X11; Ubuntu; Linux x86_64; rv:96.0) Gecko/20100101 Firefox/96.0", "last_activity": "2022-01-31T10:25:38.719Z", "ip": null}}, {"model": "user_sessions.session", "pk": "g794py8r9u1ct1slb4afbsbxxd5mkucl", "fields": {"session_data": ".eJxVjMsOgjAQRf-la9MMMpTi0j3f0AzzsKiBhMLK-O9KwkK395xzXy7Rtua0FV3SKO7iKnf63Qbih047kDtNt9nzPK3LOPhd8Qctvp9Fn9fD_TvIVPK3jlCDcSsDoNZIwmfhFpTAhCGELogiYWXYWBCxxhCYYxO6aKSC0b0_BNU49Q:1n9n5x:GA2hDJdE6XUGDaNToEiKmsroNIPfJzlJnTDH-zPSNzM", "expire_date": "2022-02-01T11:56:13.090Z", "user": 1, "user_agent": "Mozilla/5.0 (Windows NT 10.0; Win64; x64) AppleWebKit/537.36 (KHTML, like Gecko) Chrome/97.0.4692.71 Safari/537.36", "last_activity": "2022-01-18T11:56:13.090Z", "ip": null}}, {"model": "user_sessions.session", "pk": "gf8nipfdz7oqqzygxyzp8conydpmmqxy", "fields": {"session_data": ".eJxVjEEOwiAQRe_C2hCYUqAu3XsGMsMMUjVtUtqV8e7apAvd_vfef6mE21rT1mRJI6uzAnX63QjzQ6Yd8B2n26zzPK3LSHpX9EGbvs4sz8vh_h1UbPVbD5ktArnYlwGMNR4lSnHMhJy963wmJp8jBjLBgVgGMV2AAgH7jlG9PwM0OKw:1n9jhE:uJ-CSE5D8Cwa7lE1-JOGSPBY-Bnyp5tuXA4a6jvfsDU", "expire_date": "2022-02-01T08:18:28.997Z", "user": 2, "user_agent": "Mozilla/5.0 (Windows NT 10.0; Win64; x64; rv:95.0) Gecko/20100101 Firefox/95.0", "last_activity": "2022-01-18T08:18:28.997Z", "ip": null}}, {"model": "user_sessions.session", "pk": "gfd9yj75gxi1g79id6911ou09alkgtzo", "fields": {"session_data": ".eJxVjMsOgjAQRf-la9MMMpTi0j3f0AzzsKiBhMLK-O9KwkK395xzXy7Rtua0FV3SKO7iKnf63Qbih047kDtNt9nzPK3LOPhd8Qctvp9Fn9fD_TvIVPK3jlCDcSsDoNZIwmfhFpTAhCGELogiYWXYWBCxxhCYYxO6aKSC0b0_BNU49Q:1nGJRa:MN5ygE_Bk92EjEFMoxF_3CC0R5AApfDhxW_o3FTP3SE", "expire_date": "2022-02-19T11:41:30.510Z", "user": 1, "user_agent": "Mozilla/5.0 (Windows NT 10.0; Win64; x64) AppleWebKit/537.36 (KHTML, like Gecko) Chrome/97.0.4692.99 Safari/537.36", "last_activity": "2022-02-05T11:41:30.510Z", "ip": null}}, {"model": "user_sessions.session", "pk": "gucaax3md17tdmhgknmtujbeb39u5mda", "fields": {"session_data": "e30:1n0eEC:KaPmY2-2_qcPYlNqHJVm8BjWcu9lqPBkhiZV1NtI6_Q", "expire_date": "2022-01-07T06:38:56.822Z", "user": null, "user_agent": "Mozilla/5.0 (Windows NT 10.0; Win64; x64) AppleWebKit/537.36 (KHTML, like Gecko) Chrome/96.0.4664.110 Safari/537.36", "last_activity": "2021-12-24T06:38:56.822Z", "ip": null}}, {"model": "user_sessions.session", "pk": "i3bf4n4flyf0tgbg6ygin5jwsijz7ky6", "fields": {"session_data": ".eJxVjMsOwiAQRf-FtSG8BsGl-34DGWCQqoGktCvjv2uTLnR7zzn3xQJuaw3boCXMmV2YZqffLWJ6UNtBvmO7dZ56W5c58l3hBx186pme18P9O6g46rf2SVnyNksphJCgjCjm7EhEytZbjFoq55wGMCSSShKKlRiz12g8FED2_gC4STcL:1n27d0:4b9tya0U8JlBnX9TrlttDjSZ2eLcfU5awFCXzfyY_LU", "expire_date": "2022-01-11T08:14:38.868Z", "user": 3, "user_agent": "Mozilla/5.0 (X11; Linux x86_64) AppleWebKit/537.36 (KHTML, like Gecko) Chrome/96.0.4664.110 Safari/537.36", "last_activity": "2021-12-28T08:14:38.869Z", "ip": null}}, {"model": "user_sessions.session", "pk": "icl9jexf6u3hitngfexe7d5acijmcoee", "fields": {"session_data": "e30:1nE3vb:v947Byizso_KEUemVu7_JmhDXJ5tWt3-p0pTSnIIEhs", "expire_date": "2022-02-13T06:43:11.657Z", "user": null, "user_agent": "Mozilla/5.0 (Windows NT 10.0; Win64; x64) AppleWebKit/537.36 (KHTML, like Gecko) Chrome/97.0.4692.99 Safari/537.36", "last_activity": "2022-01-30T06:43:11.657Z", "ip": null}}, {"model": "user_sessions.session", "pk": "ietx4635gmzb4w1p1pid7na01kkk1r6d", "fields": {"session_data": ".eJxVjEEOwiAQRe_C2hCYUqAu3XsGMsMMUjVtUtqV8e7apAvd_vfef6mE21rT1mRJI6uzAnX63QjzQ6Yd8B2n26zzPK3LSHpX9EGbvs4sz8vh_h1UbPVbD5ktArnYlwGMNR4lSnHMhJy963wmJp8jBjLBgVgGMV2AAgH7jlG9PwM0OKw:1n8yc5:g3bSLb0p6NDr-VF5MluDuK7yU6myr8drkxTtpS9JJRU", "expire_date": "2022-01-30T06:02:01.411Z", "user": 2, "user_agent": "Mozilla/5.0 (Windows NT 10.0; Win64; x64) AppleWebKit/537.36 (KHTML, like Gecko) Chrome/97.0.4692.71 Safari/537.36", "last_activity": "2022-01-16T06:02:01.411Z", "ip": null}}, {"model": "user_sessions.session", "pk": "izm9kyar0njy2oja13r1ar04inya2zph", "fields": {"session_data": "e30:1n0dwY:1sq1fmnypeQwPfZigios0EzSaMJa0B8JjqzeRs1mgys", "expire_date": "2022-01-07T06:20:42.035Z", "user": null, "user_agent": "Mozilla/5.0 (Windows NT 10.0; Win64; x64) AppleWebKit/537.36 (KHTML, like Gecko) Chrome/96.0.4664.110 Safari/537.36", "last_activity": "2021-12-24T06:20:42.036Z", "ip": null}}, {"model": "user_sessions.session", "pk": "j1bmbmnimlqyqjdiq30g9i7xvp5y5o43", "fields": {"session_data": ".eJxVjMsOwiAQRf-FtSG8BsGl-34DGWCQqoGktCvjv2uTLnR7zzn3xQJuaw3boCXMmV2YZqffLWJ6UNtBvmO7dZ56W5c58l3hBx186pme18P9O6g46rf2SVnyNksphJCgjCjm7EhEytZbjFoq55wGMCSSShKKlRiz12g8FED2_gC4STcL:1n6BM1:AaEpArxVLmBd-yXRmWJBRPct1VRXWbqUeO55SOYT3WE", "expire_date": "2022-01-22T13:01:53.894Z", "user": 3, "user_agent": "Mozilla/5.0 (X11; Linux x86_64) AppleWebKit/537.36 (KHTML, like Gecko) Chrome/96.0.4664.110 Safari/537.36", "last_activity": "2022-01-08T13:01:53.894Z", "ip": null}}, {"model": "user_sessions.session", "pk": "j387xbpzcuw7oyvwaosjhtk495ldfpcz", "fields": {"session_data": ".eJxVjMsOgjAQRf-la9MMMpTi0j3f0AzzsKiBhMLK-O9KwkK395xzXy7Rtua0FV3SKO7iKnf63Qbih047kDtNt9nzPK3LOPhd8Qctvp9Fn9fD_TvIVPK3jlCDcSsDoNZIwmfhFpTAhCGELogiYWXYWBCxxhCYYxO6aKSC0b0_BNU49Q:1n2YNj:U3AWHzwog_NKg_BCzABkghIqoca_xH2lo6U8dMmuCiY", "expire_date": "2022-01-12T12:48:39.699Z", "user": 1, "user_agent": "Mozilla/5.0 (Windows NT 10.0; Win64; x64) AppleWebKit/537.36 (KHTML, like Gecko) Chrome/96.0.4664.110 Safari/537.36", "last_activity": "2021-12-29T12:48:39.699Z", "ip": null}}, {"model": "user_sessions.session", "pk": "j8au83ov4tlq1u1upk3u116xr00f2j0u", "fields": {"session_data": ".eJxVjMsOgjAQRf-la9MMMpTi0j3f0AzzsKiBhMLK-O9KwkK395xzXy7Rtua0FV3SKO7iKnf63Qbih047kDtNt9nzPK3LOPhd8Qctvp9Fn9fD_TvIVPK3jlCDcSsDoNZIwmfhFpTAhCGELogiYWXYWBCxxhCYYxO6aKSC0b0_BNU49Q:1nE6yT:WPxem0cRz-dIZHxSvojcn83IHD8INjznp9Y7zjcS-bU", "expire_date": "2022-02-13T09:58:21.182Z", "user": 1, "user_agent": "Mozilla/5.0 (X11; Linux x86_64) AppleWebKit/537.36 (KHTML, like Gecko) Chrome/97.0.4692.99 Safari/537.36", "last_activity": "2022-01-30T09:58:21.182Z", "ip": null}}, {"model": "user_sessions.session", "pk": "jd3ne43c7ucrds93hvjvhrgz1ghq24cu", "fields": {"session_data": ".eJxVjMsOwiAQRf-FtSG8BsGl-34DGWCQqoGktCvjv2uTLnR7zzn3xQJuaw3boCXMmV2YZqffLWJ6UNtBvmO7dZ56W5c58l3hBx186pme18P9O6g46rf2SVnyNksphJCgjCjm7EhEytZbjFoq55wGMCSSShKKlRiz12g8FED2_gC4STcL:1n0izG:R6ziKin3wtgAqu2lsupq3QNb9wfY_-7a--HAKmOFH_s", "expire_date": "2022-01-07T11:43:50.633Z", "user": 3, "user_agent": "Mozilla/5.0 (X11; Linux x86_64) AppleWebKit/537.36 (KHTML, like Gecko) Chrome/96.0.4664.45 Safari/537.36", "last_activity": "2021-12-24T11:43:50.633Z", "ip": null}}, {"model": "user_sessions.session", "pk": "jui3zvlkdw42kf7exgszwvpp4g2iluqt", "fields": {"session_data": ".eJxVjMsOgjAQRf-la9MMMpTi0j3f0AzzsKiBhMLK-O9KwkK395xzXy7Rtua0FV3SKO7iKnf63Qbih047kDtNt9nzPK3LOPhd8Qctvp9Fn9fD_TvIVPK3jlCDcSsDoNZIwmfhFpTAhCGELogiYWXYWBCxxhCYYxO6aKSC0b0_BNU49Q:1nETpB:4099_ZvZ-UA5frATDB_TvcMSBoXk-0aIlx8Rk5tlEos", "expire_date": "2022-02-14T10:22:17.440Z", "user": 1, "user_agent": "Mozilla/5.0 (X11; Linux x86_64) AppleWebKit/537.36 (KHTML, like Gecko) Chrome/97.0.4692.99 Safari/537.36", "last_activity": "2022-01-31T10:22:17.440Z", "ip": null}}, {"model": "user_sessions.session", "pk": "k2ciwx1ukn4ai6brwp3qxdxe9zazqqna", "fields": {"session_data": ".eJxVjEEOwiAQRe_C2hCYUqAu3XsGMsMMUjVtUtqV8e7apAvd_vfef6mE21rT1mRJI6uzAnX63QjzQ6Yd8B2n26zzPK3LSHpX9EGbvs4sz8vh_h1UbPVbD5ktArnYlwGMNR4lSnHMhJy963wmJp8jBjLBgVgGMV2AAgH7jlG9PwM0OKw:1n2RGk:57cFy_aIU16YrzgeGvz_zWAddMMmXysbfRlmRmKTICs", "expire_date": "2022-01-12T05:12:58.242Z", "user": 2, "user_agent": "Mozilla/5.0 (Windows NT 10.0; Win64; x64) AppleWebKit/537.36 (KHTML, like Gecko) Chrome/96.0.4664.110 Safari/537.36", "last_activity": "2021-12-29T05:12:58.242Z", "ip": null}}, {"model": "user_sessions.session", "pk": "k8s93qsnqcdz8loj4sc381datuijodxm", "fields": {"session_data": "e30:1n8zlR:ZEVYPiXpfDlkT77YhFNMpOZjEGslhAQpV975Mv9GpZw", "expire_date": "2022-01-30T07:15:45.202Z", "user": null, "user_agent": null, "last_activity": "2022-01-16T07:15:45.202Z", "ip": null}}, {"model": "user_sessions.session", "pk": "k93gs81ejjszzz53if56ozebvozl0tfm", "fields": {"session_data": ".eJxVjEEOwiAQRe_C2hCYUqAu3XsGMsMMUjVtUtqV8e7apAvd_vfef6mE21rT1mRJI6uzAnX63QjzQ6Yd8B2n26zzPK3LSHpX9EGbvs4sz8vh_h1UbPVbD5ktArnYlwGMNR4lSnHMhJy963wmJp8jBjLBgVgGMV2AAgH7jlG9PwM0OKw:1n2uTn:0wFl4zsHhrZ35zRvOHA7Oe2VArSE51s3CCpVu3Kw-go", "expire_date": "2022-01-13T12:24:23.051Z", "user": 2, "user_agent": "Mozilla/5.0 (Windows NT 10.0; Win64; x64) AppleWebKit/537.36 (KHTML, like Gecko) Chrome/96.0.4664.110 Safari/537.36", "last_activity": "2021-12-30T12:24:23.051Z", "ip": null}}, {"model": "user_sessions.session", "pk": "knokbofyvv86v9anrkmpsz31dvj5iwe7", "fields": {"session_data": ".eJxVjEEOwiAQRe_C2hCYUqAu3XsGMsMMUjVtUtqV8e7apAvd_vfef6mE21rT1mRJI6uzAnX63QjzQ6Yd8B2n26zzPK3LSHpX9EGbvs4sz8vh_h1UbPVbD5ktArnYlwGMNR4lSnHMhJy963wmJp8jBjLBgVgGMV2AAgH7jlG9PwM0OKw:1n7yal:ZXSh7BRRQ4qGHveVJXLuChwt6HdZeoev6o9280eE8kA", "expire_date": "2022-01-27T11:48:31.691Z", "user": 2, "user_agent": "Mozilla/5.0 (Windows NT 10.0; Win64; x64) AppleWebKit/537.36 (KHTML, like Gecko) Chrome/97.0.4692.71 Safari/537.36", "last_activity": "2022-01-13T11:48:31.691Z", "ip": null}}, {"model": "user_sessions.session", "pk": "l4c5hf4r39639ewip3hnshcctrsxdsk7", "fields": {"session_data": ".eJxVjMsOwiAQRf-FtSG8BsGl-34DGWCQqoGktCvjv2uTLnR7zzn3xQJuaw3boCXMmV2YZqffLWJ6UNtBvmO7dZ56W5c58l3hBx186pme18P9O6g46rf2SVnyNksphJCgjCjm7EhEytZbjFoq55wGMCSSShKKlRiz12g8FED2_gC4STcL:1n4Nhu:ZTZ1BiHSfwGiXvwq8KN0lbRfK7a6RhOyxscfcfYP43I", "expire_date": "2022-01-17T13:49:02.254Z", "user": 3, "user_agent": "Mozilla/5.0 (Windows NT 10.0; Win64; x64) AppleWebKit/537.36 (KHTML, like Gecko) Chrome/95.0.4638.69 Safari/537.36", "last_activity": "2022-01-03T13:49:02.255Z", "ip": null}}, {"model": "user_sessions.session", "pk": "lcfq2gs4xir10mvryv2e2jydr83rq3e5", "fields": {"session_data": ".eJxVkE2LwjAQhv9Lzm7ptGmysze9qCgqHkRPYfLRDywNNCkIy_53W_WwPQ28w_M-w_yyyvuqdV-ehlhnKkSKjv2wg47busPHobgdq1O_H_hpuwruLGy8XDdixxZMTYQagutVY0dEzDNN5u66aRG8aahVxvcu-aQheWuT9Wscl5N8ztcU6hHmCFySLXSWgXAZfgOgRat1anLpCLCUYDCVnEsNugQEFCXJHGSeFkR6LP34X9UthahaXzXdvwNnL2B_T43fXC8:1nFTYp:dlMMapVcqxwRfKUvvAggdEsoRoXLQDtmHsU-K-F2ZDg", "expire_date": "2022-02-17T04:17:31.138Z", "user": 6, "user_agent": "Mozilla/5.0 (Windows NT 6.3; Win64; x64) AppleWebKit/537.36 (KHTML, like Gecko) Chrome/97.0.4692.99 Safari/537.36 Edg/97.0.1072.76", "last_activity": "2022-02-03T04:17:31.139Z", "ip": null}}, {"model": "user_sessions.session", "pk": "lkbzezwjhdpt7935klu35djhw03hf8yt", "fields": {"session_data": ".eJxVjMsOwiAQRf-FtSG8BsGl-34DGWCQqoGktCvjv2uTLnR7zzn3xQJuaw3boCXMmV2YZqffLWJ6UNtBvmO7dZ56W5c58l3hBx186pme18P9O6g46rf2SVnyNksphJCgjCjm7EhEytZbjFoq55wGMCSSShKKlRiz12g8FED2_gC4STcL:1n2YmS:sxmsyoqW-4__9dOqYsNDJ9m194wLh0UM8gjc7Lt9cfY", "expire_date": "2022-01-12T13:14:12.477Z", "user": 3, "user_agent": "Mozilla/5.0 (X11; Linux x86_64) AppleWebKit/537.36 (KHTML, like Gecko) Chrome/96.0.4664.110 Safari/537.36", "last_activity": "2021-12-29T13:14:12.477Z", "ip": "182.70.30.41"}}, {"model": "user_sessions.session", "pk": "lsfqieam73h4eoz4ovifivyx8lsk0tbv", "fields": {"session_data": ".eJxVjMsOwiAQRf-FtSG8BsGl-34DGWCQqoGktCvjv2uTLnR7zzn3xQJuaw3boCXMmV2YZqffLWJ6UNtBvmO7dZ56W5c58l3hBx186pme18P9O6g46rf2SVnyNksphJCgjCjm7EhEytZbjFoq55wGMCSSShKKlRiz12g8FED2_gC4STcL:1nFEWr:j_s3qh_OuudS8wdA1HbK7vfDzQate5aALmWRD3pYt7c", "expire_date": "2022-02-16T12:14:29.254Z", "user": 3, "user_agent": "Mozilla/5.0 (X11; Linux x86_64) AppleWebKit/537.36 (KHTML, like Gecko) Chrome/97.0.4692.99 Safari/537.36", "last_activity": "2022-02-02T12:14:29.254Z", "ip": null}}, {"model": "user_sessions.session", "pk": "lwx5hbhp14j59483nn1gvhzjslo8bjl3", "fields": {"session_data": ".eJxVjMsOwiAQRf-FtSG8BsGl-34DGWCQqoGktCvjv2uTLnR7zzn3xQJuaw3boCXMmV2YZqffLWJ6UNtBvmO7dZ56W5c58l3hBx186pme18P9O6g46rf2SVnyNksphJCgjCjm7EhEytZbjFoq55wGMCSSShKKlRiz12g8FED2_gC4STcL:1nDNYY:KFTN0iWZKnd_0YmCVIP8Rra6IO_FuUcAFlHgzgUnoVc", "expire_date": "2022-02-11T09:28:34.596Z", "user": 3, "user_agent": "Mozilla/5.0 (Linux; Android 9; Redmi Note 6 Pro) AppleWebKit/537.36 (KHTML, like Gecko) Chrome/96.0.4664.104 Mobile Safari/537.36", "last_activity": "2022-01-28T09:28:34.597Z", "ip": null}}, {"model": "user_sessions.session", "pk": "mfabm38vmvzzb999u4o3rtasyw8ij5dh", "fields": {"session_data": ".eJxVjEEOwiAQRe_C2hCYUqAu3XsGMsMMUjVtUtqV8e7apAvd_vfef6mE21rT1mRJI6uzAnX63QjzQ6Yd8B2n26zzPK3LSHpX9EGbvs4sz8vh_h1UbPVbD5ktArnYlwGMNR4lSnHMhJy963wmJp8jBjLBgVgGMV2AAgH7jlG9PwM0OKw:1nGggB:hdhLuMho_qFcKcBFH5cs634yhP68PUAB9zSZRZI_Sw4", "expire_date": "2022-02-20T12:30:07.177Z", "user": 2, "user_agent": "Mozilla/5.0 (Windows NT 10.0; Win64; x64) AppleWebKit/537.36 (KHTML, like Gecko) Chrome/97.0.4692.99 Safari/537.36", "last_activity": "2022-02-06T12:30:07.178Z", "ip": null}}, {"model": "user_sessions.session", "pk": "mil3kqo3b2wpa2wptb8283mzlvsqc1wi", "fields": {"session_data": ".eJxVjMsOgjAQRf-la9MMMpTi0j3f0AzzsKiBhMLK-O9KwkK395xzXy7Rtua0FV3SKO7iKnf63Qbih047kDtNt9nzPK3LOPhd8Qctvp9Fn9fD_TvIVPK3jlCDcSsDoNZIwmfhFpTAhCGELogiYWXYWBCxxhCYYxO6aKSC0b0_BNU49Q:1n3Dac:SQhdjKW8-T4Jc09vQnA0mVmzWGCjFLU_ARo_7llMya0", "expire_date": "2022-01-14T08:48:42.989Z", "user": 1, "user_agent": "Mozilla/5.0 (X11; Linux x86_64) AppleWebKit/537.36 (KHTML, like Gecko) Chrome/96.0.4664.110 Safari/537.36", "last_activity": "2021-12-31T08:48:42.989Z", "ip": null}}, {"model": "user_sessions.session", "pk": "mj9632ok9l5cbhhrc0cozzam1bhld40g", "fields": {"session_data": ".eJxVjEEOwiAQRe_C2hCYUqAu3XsGMsMMUjVtUtqV8e7apAvd_vfef6mE21rT1mRJI6uzAnX63QjzQ6Yd8B2n26zzPK3LSHpX9EGbvs4sz8vh_h1UbPVbD5ktArnYlwGMNR4lSnHMhJy963wmJp8jBjLBgVgGMV2AAgH7jlG9PwM0OKw:1nGP8j:qh110TlhFRPuvCgkBCjgE-Fi67h9HJXsvKLoT10wkzc", "expire_date": "2022-02-19T17:46:25.920Z", "user": 2, "user_agent": "Mozilla/5.0 (Windows NT 10.0; Win64; x64) AppleWebKit/537.36 (KHTML, like Gecko) Chrome/97.0.4692.99 Safari/537.36", "last_activity": "2022-02-05T17:46:25.920Z", "ip": null}}, {"model": "user_sessions.session", "pk": "mrxsejzvnjyov3vzkycj75nhojsrb3a6", "fields": {"session_data": ".eJxVjMsOgjAQRf-la9MMMpTi0j3f0AzzsKiBhMLK-O9KwkK395xzXy7Rtua0FV3SKO7iKnf63Qbih047kDtNt9nzPK3LOPhd8Qctvp9Fn9fD_TvIVPK3jlCDcSsDoNZIwmfhFpTAhCGELogiYWXYWBCxxhCYYxO6aKSC0b0_BNU49Q:1nFEfs:n9mUO2FrncPg6rXRB4BdMTDJK_Jco3PhGAk5pxQtgko", "expire_date": "2022-02-16T12:23:48.405Z", "user": 1, "user_agent": "Mozilla/5.0 (X11; Linux x86_64) AppleWebKit/537.36 (KHTML, like Gecko) Chrome/96.0.4664.45 Safari/537.36", "last_activity": "2022-02-02T12:23:48.406Z", "ip": null}}, {"model": "user_sessions.session", "pk": "mxlgsognf2x58d3ln5wi5km45htvy8vy", "fields": {"session_data": ".eJxVjDEOwjAMAP-SGUUEEjtlZO8bItsxpIAaqWknxN9RpA6w3p3ubRJta0lb0yVN2VxMMIdfxiRPnbvID5rv1Uqd12Vi2xO722bHmvV13du_QaFW-tYJBXCCZ2QFQc0MHpz3BDchiORZOajLcgrEii7gccAwRPDoY2Tz-QL0sTfl:1nFsEU:v7bkHc6gsQwwhYHkjvDOPy9O5LuhLK_MeRWqrA6oLUQ", "expire_date": "2022-02-18T06:38:10.121Z", "user": 5, "user_agent": "Mozilla/5.0 (Windows NT 10.0; Win64; x64) AppleWebKit/537.36 (KHTML, like Gecko) Chrome/97.0.4692.99 Safari/537.36", "last_activity": "2022-02-04T06:38:10.122Z", "ip": null}}, {"model": "user_sessions.session", "pk": "myh9vdhdpb4dw0061jdeikkptg8ha3xb", "fields": {"session_data": ".eJxVjMsOwiAQRf-FtSG8BsGl-34DGWCQqoGktCvjv2uTLnR7zzn3xQJuaw3boCXMmV2YZqffLWJ6UNtBvmO7dZ56W5c58l3hBx186pme18P9O6g46rf2SVnyNksphJCgjCjm7EhEytZbjFoq55wGMCSSShKKlRiz12g8FED2_gC4STcL:1n8zlW:GuODXrxYlhsrfuxC042umB2F0MgzKnSrMcO93SolkRQ", "expire_date": "2022-01-30T07:15:50.891Z", "user": 3, "user_agent": "Mozilla/5.0 (X11; Linux x86_64) AppleWebKit/537.36 (KHTML, like Gecko) Chrome/96.0.4664.45 Safari/537.36", "last_activity": "2022-01-16T07:15:50.891Z", "ip": null}}, {"model": "user_sessions.session", "pk": "n7kysi3fch27d3pw0p4co3l0fdwhfdur", "fields": {"session_data": "e30:1n8zlU:uZ2rbcUPy4a8ETd5iDdIyxBydE6smvFyhcfcbB42R0E", "expire_date": "2022-01-30T07:15:48.664Z", "user": null, "user_agent": null, "last_activity": "2022-01-16T07:15:48.664Z", "ip": null}}, {"model": "user_sessions.session", "pk": "n7qew22ygw2886rhpjvbh45dtiqhr1p8", "fields": {"session_data": "e30:1nFF7d:2DPOhu0Qwe1RXM_yyVb41yrQoS2bZqMuvzkedA4Rn4E", "expire_date": "2022-02-16T12:52:29.783Z", "user": null, "user_agent": "Mozilla/5.0 (Windows NT 10.0; Win64; x64) AppleWebKit/537.36 (KHTML, like Gecko) Chrome/97.0.4692.99 Safari/537.36", "last_activity": "2022-02-02T12:52:29.783Z", "ip": null}}, {"model": "user_sessions.session", "pk": "nki8jw1vi73boccinv2hkcebvujq4c89", "fields": {"session_data": "e30:1nDNLz:elzEajfwX_v2JFDWBEvSTKjUZk-8m1uO9OyOtXq4NQM", "expire_date": "2022-02-11T09:15:35.028Z", "user": null, "user_agent": null, "last_activity": "2022-01-28T09:15:35.029Z", "ip": null}}, {"model": "user_sessions.session", "pk": "nwmr90npo6vabs5ldiopiqmu1ceddh1m", "fields": {"session_data": ".eJxVjMsOgjAQRf-la9MMMpTi0j3f0AzzsKiBhMLK-O9KwkK395xzXy7Rtua0FV3SKO7iKnf63Qbih047kDtNt9nzPK3LOPhd8Qctvp9Fn9fD_TvIVPK3jlCDcSsDoNZIwmfhFpTAhCGELogiYWXYWBCxxhCYYxO6aKSC0b0_BNU49Q:1n2q85:51mbaKuVHYUzeHoFYd0uo2HPF1-h10z_pon_UwZD1Lg", "expire_date": "2022-01-13T07:45:41.998Z", "user": 1, "user_agent": "Mozilla/5.0 (Windows NT 10.0; Win64; x64) AppleWebKit/537.36 (KHTML, like Gecko) Chrome/96.0.4664.110 Safari/537.36", "last_activity": "2021-12-30T07:45:41.998Z", "ip": null}}, {"model": "user_sessions.session", "pk": "nz0e5xhfbem8erj54x9w5t24nx3gxktz", "fields": {"session_data": ".eJxVjMsOwiAQRf-FtSG8BsGl-34DGWCQqoGktCvjv2uTLnR7zzn3xQJuaw3boCXMmV2YZqffLWJ6UNtBvmO7dZ56W5c58l3hBx186pme18P9O6g46rf2SVnyNksphJCgjCjm7EhEytZbjFoq55wGMCSSShKKlRiz12g8FED2_gC4STcL:1n0mKh:2IoP_bWldcpScb8yHbf727oqKPgq5TftuAf8IANqvPs", "expire_date": "2022-01-07T15:18:11.809Z", "user": 3, "user_agent": "Mozilla/5.0 (X11; Linux x86_64) AppleWebKit/537.36 (KHTML, like Gecko) Chrome/96.0.4664.45 Safari/537.36", "last_activity": "2021-12-24T15:18:11.810Z", "ip": null}}, {"model": "user_sessions.session", "pk": "o0ge8kim49en2jqwn0xot3h8ccehhot6", "fields": {"session_data": ".eJxVjMsOwiAQRf-FtSG8BsGl-34DGWCQqoGktCvjv2uTLnR7zzn3xQJuaw3boCXMmV2YZqffLWJ6UNtBvmO7dZ56W5c58l3hBx186pme18P9O6g46rf2SVnyNksphJCgjCjm7EhEytZbjFoq55wGMCSSShKKlRiz12g8FED2_gC4STcL:1n5Ltl:q_vsK6LskAMCF1IqWbK719SXFP3MtaTH5dpzcDGtc74", "expire_date": "2022-01-20T06:05:17.096Z", "user": 3, "user_agent": "Mozilla/5.0 (X11; Linux x86_64) AppleWebKit/537.36 (KHTML, like Gecko) Chrome/96.0.4664.110 Safari/537.36", "last_activity": "2022-01-06T06:05:17.096Z", "ip": null}}, {"model": "user_sessions.session", "pk": "o8zo2tg4770qt60y62ykzv8730q4vkbi", "fields": {"session_data": ".eJxVjMsOwiAQRf-FtSG8BsGl-34DGWCQqoGktCvjv2uTLnR7zzn3xQJuaw3boCXMmV2YZqffLWJ6UNtBvmO7dZ56W5c58l3hBx186pme18P9O6g46rf2SVnyNksphJCgjCjm7EhEytZbjFoq55wGMCSSShKKlRiz12g8FED2_gC4STcL:1n4GH1:AyzMoLZRuekahibSQY5XRo-FRGTlGVll3T_u5vy3cm4", "expire_date": "2022-01-17T05:52:47.261Z", "user": 3, "user_agent": "Mozilla/5.0 (X11; Linux x86_64) AppleWebKit/537.36 (KHTML, like Gecko) Chrome/96.0.4664.110 Safari/537.36", "last_activity": "2022-01-03T05:52:47.261Z", "ip": null}}, {"model": "user_sessions.session", "pk": "omltvtty73m43i5a0vvabtn5dc1zkduj", "fields": {"session_data": "eyJnb29nbGUtb2F1dGgyX3N0YXRlIjoiVDl4TGVwT0dPUm1ib1BrTFJqY3lwSFVmelBpckVzZFUifQ:1nFRkO:CcvsKifWxw2EHPkagm8I-YUIf8FmunKXzXmpvtH9FKY", "expire_date": "2022-02-17T02:21:20.176Z", "user": null, "user_agent": "Mozilla/5.0 (compatible; YandexBot/3.0; +http://yandex.com/bots)", "last_activity": "2022-02-03T02:21:20.177Z", "ip": null}}, {"model": "user_sessions.session", "pk": "oq5hlr62mpfuggaer5fu98380bcdb9re", "fields": {"session_data": ".eJxVjMsOwiAQRf-FtSG8BsGl-34DGWCQqoGktCvjv2uTLnR7zzn3xQJuaw3boCXMmV2YZqffLWJ6UNtBvmO7dZ56W5c58l3hBx186pme18P9O6g46rf2SVnyNksphJCgjCjm7EhEytZbjFoq55wGMCSSShKKlRiz12g8FED2_gC4STcL:1n3Cvd:_X4pgwYzN5uFQ0zXuRUXwq5JCxsHaONSIvXediH3gIs", "expire_date": "2022-01-14T08:06:21.466Z", "user": 3, "user_agent": "Mozilla/5.0 (X11; Linux x86_64) AppleWebKit/537.36 (KHTML, like Gecko) Chrome/96.0.4664.110 Safari/537.36", "last_activity": "2021-12-31T08:06:21.466Z", "ip": null}}, {"model": "user_sessions.session", "pk": "pgok0ax4jmr1o4xy41470enium6abjiu", "fields": {"session_data": ".eJxVjMsOwiAQRf-FtSG8BsGl-34DGWCQqoGktCvjv2uTLnR7zzn3xQJuaw3boCXMmV2YZqffLWJ6UNtBvmO7dZ56W5c58l3hBx186pme18P9O6g46rf2SVnyNksphJCgjCjm7EhEytZbjFoq55wGMCSSShKKlRiz12g8FED2_gC4STcL:1n8yh1:mrJ9sF4iL-ZoZ2fP7oxkA_FUHSar_Dj1n5Lw3lBjFs4", "expire_date": "2022-01-30T06:07:07.472Z", "user": 3, "user_agent": "Mozilla/5.0 (X11; Linux x86_64) AppleWebKit/537.36 (KHTML, like Gecko) Chrome/96.0.4664.110 Safari/537.36", "last_activity": "2022-01-16T06:07:07.472Z", "ip": null}}, {"model": "user_sessions.session", "pk": "pv6onuflpan0u5wz7iw8wh2asl0aqcjp", "fields": {"session_data": ".eJxVjMsOwiAQRf-FtSG8BsGl-34DGWCQqoGktCvjv2uTLnR7zzn3xQJuaw3boCXMmV2YZqffLWJ6UNtBvmO7dZ56W5c58l3hBx186pme18P9O6g46rf2SVnyNksphJCgjCjm7EhEytZbjFoq55wGMCSSShKKlRiz12g8FED2_gC4STcL:1n7B6g:-anrMdW-FxmOMoKHhyOLi9TshBPE8vj2XqGeuzLrFD8", "expire_date": "2022-01-25T06:58:10.006Z", "user": 3, "user_agent": "Mozilla/5.0 (Linux; Android 11; RMX3081) AppleWebKit/537.36 (KHTML, like Gecko) Chrome/92.0.4515.131 Mobile Safari/537.36", "last_activity": "2022-01-11T06:58:10.006Z", "ip": null}}, {"model": "user_sessions.session", "pk": "px6z5dk0i4sk9vw6ixljcv6a65tfyk3x", "fields": {"session_data": ".eJxVjMsOgjAQRf-la9MMMpTi0j3f0AzzsKiBhMLK-O9KwkK395xzXy7Rtua0FV3SKO7iKnf63Qbih047kDtNt9nzPK3LOPhd8Qctvp9Fn9fD_TvIVPK3jlCDcSsDoNZIwmfhFpTAhCGELogiYWXYWBCxxhCYYxO6aKSC0b0_BNU49Q:1n5TAY:MagRv3wu006eSY_XPQ8nFVHrD6GG_3OFd_NLnZ8cFDM", "expire_date": "2022-01-20T13:51:06.289Z", "user": 1, "user_agent": "Mozilla/5.0 (Windows NT 10.0; Win64; x64) AppleWebKit/537.36 (KHTML, like Gecko) Chrome/97.0.4692.71 Safari/537.36", "last_activity": "2022-01-06T13:51:06.289Z", "ip": null}}, {"model": "user_sessions.session", "pk": "qcwk6mgv2iq7mew7dk6jgqf3i97311ap", "fields": {"session_data": "e30:1n3gTs:WLQgsCk_0je6geFDD_NfB_81DOxEmpEkG2J1f4Wy2to", "expire_date": "2022-01-15T15:39:40.327Z", "user": null, "user_agent": "Mozilla/5.0 (compatible; YandexBot/3.0; +http://yandex.com/bots)", "last_activity": "2022-01-01T15:39:40.328Z", "ip": null}}, {"model": "user_sessions.session", "pk": "qm4mhfoss3esywsyrnoupx1hm95dr8b7", "fields": {"session_data": ".eJxVjEEOwiAQRe_C2hCYUqAu3XsGMsMMUjVtUtqV8e7apAvd_vfef6mE21rT1mRJI6uzAnX63QjzQ6Yd8B2n26zzPK3LSHpX9EGbvs4sz8vh_h1UbPVbD5ktArnYlwGMNR4lSnHMhJy963wmJp8jBjLBgVgGMV2AAgH7jlG9PwM0OKw:1nFiVY:F7Ulp_ziWPvI7h3BHVF-NNCsLXVIPCPGELHG1s_iIY0", "expire_date": "2022-02-17T20:15:08.708Z", "user": 2, "user_agent": "Mozilla/5.0 (Windows NT 10.0; Win64; x64) AppleWebKit/537.36 (KHTML, like Gecko) Chrome/97.0.4692.99 Safari/537.36", "last_activity": "2022-02-03T20:15:08.709Z", "ip": null}}, {"model": "user_sessions.session", "pk": "rh70k9hisne306146lqmfl8einmqcyks", "fields": {"session_data": ".eJxVjEEOwiAQRe_C2hCYUqAu3XsGMsMMUjVtUtqV8e7apAvd_vfef6mE21rT1mRJI6uzAnX63QjzQ6Yd8B2n26zzPK3LSHpX9EGbvs4sz8vh_h1UbPVbD5ktArnYlwGMNR4lSnHMhJy963wmJp8jBjLBgVgGMV2AAgH7jlG9PwM0OKw:1nFs0c:S1jmXCyvCK90Z0YVrgArlVq2NFkpZ_pywWbxPJSKIJ0", "expire_date": "2022-02-18T06:23:50.682Z", "user": 2, "user_agent": "Mozilla/5.0 (Windows NT 10.0; Win64; x64) AppleWebKit/537.36 (KHTML, like Gecko) Chrome/97.0.4692.99 Safari/537.36", "last_activity": "2022-02-04T06:23:50.682Z", "ip": null}}, {"model": "user_sessions.session", "pk": "rtfqlieucol3av7ahzxvbzy6z5mhs61h", "fields": {"session_data": "e30:1n2Sdy:_RoiejVK9T8haG69VY-rdwT5BNHVU06zhVyZhKWGf-U", "expire_date": "2022-01-12T06:41:02.964Z", "user": null, "user_agent": "Mozilla/5.0 (Windows NT 10.0; Win64; x64) AppleWebKit/537.36 (KHTML, like Gecko) Chrome/96.0.4664.110 Safari/537.36", "last_activity": "2021-12-29T06:41:02.965Z", "ip": null}}, {"model": "user_sessions.session", "pk": "s0t1dk8ckdfy5qhcpfng0qlxv1jaijpu", "fields": {"session_data": "e30:1nDNLx:BpjVsTsSd3YHrYL1jSelY3AjAzRjIhqSG208WP0Y45k", "expire_date": "2022-02-11T09:15:33.887Z", "user": null, "user_agent": null, "last_activity": "2022-01-28T09:15:33.887Z", "ip": null}}, {"model": "user_sessions.session", "pk": "sdlnmep13dw1c1jo91vyh5t154ooqr5c", "fields": {"session_data": ".eJxVkE0LgkAQhv_Lnkscv9btJgjRxQ7Rxcsy-6FumQuuBRr997Q65GngHZ73GeZJamvrVm8t3ocm4G7AQZMdKR9F_tB5P2Vplo5uskVqDuP5VrhJnS5lSDaELwS_O91zo2YkWWcC5VV3y8JZabDl0vba-6XO-2q9_Wccs0W-5ht0zQxHDCKKKhZBAIkOWArAFFNC-DKkGoFVFCTzaRRRAaICBiypkIZAQz9GFHPpz_-pbtENvLW16f4OXL2AvN5C2Vz4:1nEWTi:oQAVdKxlvAUgGR2cNSkVNhTQTmGC4SYA0lwOnwKf1cI", "expire_date": "2022-02-14T13:12:18.832Z", "user": 6, "user_agent": "Mozilla/5.0 (Linux; Android 10; M2010J19SI) AppleWebKit/537.36 (KHTML, like Gecko) Chrome/97.0.4692.98 Mobile Safari/537.36", "last_activity": "2022-01-31T13:12:18.832Z", "ip": null}}, {"model": "user_sessions.session", "pk": "srlctj7ui736y2yossuaoyzkbauuo1x5", "fields": {"session_data": ".eJxVkD1vwjAQhv-LZxrlHBNz3UBCiIkOHaos1vkrCVi2wGZpxX9vQhma6aT39LzP6X5Yn1If3Fuiexm4yoWKY--st5sd975038V8DdfuA-G8P4bYZsFj9xnZiqmZUPfsbmq0E9IuM03m4uK8yMmMFJRJN1e90lz9aavDc5y2s3zJD5SHCRYIQpJda86hdRw3AGjRal2bRjoC9BIM1lIIqUF7QMDWk2xANvWaSE-lL_-zOlAuKqR-jP8OXLyAPX4B0L1ceg:1nF7We:Wqmku4Fhkd4Vnt24i0PMI1WHhSvCdzLlPuCgTo6TZ4s", "expire_date": "2022-02-16T04:45:48.775Z", "user": 6, "user_agent": "Mozilla/5.0 (Windows NT 6.3; WOW64) AppleWebKit/537.36 (KHTML, like Gecko) Chrome/97.0.4692.99 Safari/537.36", "last_activity": "2022-02-02T04:45:48.775Z", "ip": null}}, {"model": "user_sessions.session", "pk": "ssf1hcdk2jhon7vdwj5y1jzxgyvhntgr", "fields": {"session_data": ".eJxVjMsOgjAQRf-la9MMMpTi0j3f0AzzsKiBhMLK-O9KwkK395xzXy7Rtua0FV3SKO7iKnf63Qbih047kDtNt9nzPK3LOPhd8Qctvp9Fn9fD_TvIVPK3jlCDcSsDoNZIwmfhFpTAhCGELogiYWXYWBCxxhCYYxO6aKSC0b0_BNU49Q:1nETsI:nwxNY7XxQy-lP1IpwOUGb9CD9s22S6nVKLdjK2zQBwM", "expire_date": "2022-02-14T10:25:30.351Z", "user": 1, "user_agent": "Mozilla/5.0 (Windows NT 10.0; Win64; x64) AppleWebKit/537.36 (KHTML, like Gecko) Chrome/97.0.4692.99 Safari/537.36", "last_activity": "2022-01-31T10:25:30.351Z", "ip": null}}, {"model": "user_sessions.session", "pk": "sv0mwfb8fywllr4zh8t8dlqbwlyxe08q", "fields": {"session_data": ".eJxVjMsOgjAQRf-la9MMMpTi0j3f0AzzsKiBhMLK-O9KwkK395xzXy7Rtua0FV3SKO7iKnf63Qbih047kDtNt9nzPK3LOPhd8Qctvp9Fn9fD_TvIVPK3jlCDcSsDoNZIwmfhFpTAhCGELogiYWXYWBCxxhCYYxO6aKSC0b0_BNU49Q:1nFBXK:1Lvh1WjbQLLVdf9EYm8LrlL4Jt9lW6fTWMvMy9OQfqQ", "expire_date": "2022-02-16T09:02:46.083Z", "user": 1, "user_agent": "Mozilla/5.0 (X11; Linux x86_64) AppleWebKit/537.36 (KHTML, like Gecko) Chrome/97.0.4692.99 Safari/537.36", "last_activity": "2022-02-02T09:02:46.083Z", "ip": "110.225.111.91"}}, {"model": "user_sessions.session", "pk": "sv7cz81cn6nsgapqqq4tl7jmtqa1ldsf", "fields": {"session_data": "e30:1n8zlM:o-5vWJFFH74x5VPnbtQMRf9acHn4H5_VthJwn1Xe3ZU", "expire_date": "2022-01-30T07:15:40.280Z", "user": null, "user_agent": "Mozilla/5.0 (X11; Linux x86_64) AppleWebKit/537.36 (KHTML, like Gecko) Chrome/96.0.4664.45 Safari/537.36", "last_activity": "2022-01-16T07:15:40.280Z", "ip": null}}, {"model": "user_sessions.session", "pk": "t1lg0752jqqwvner9lcy3ri4d1wi4y2q", "fields": {"session_data": "e30:1nETqq:WZXP3A4eOq-ZB-ajwhnXEbTBk9H9A582b4Iim5gz3Wc", "expire_date": "2022-02-14T10:24:00.746Z", "user": null, "user_agent": "Mozilla/5.0 (X11; Ubuntu; Linux x86_64; rv:96.0) Gecko/20100101 Firefox/96.0", "last_activity": "2022-01-31T10:24:00.746Z", "ip": null}}, {"model": "user_sessions.session", "pk": "tyzeylrhvcjvi89h0qxnv9w7kimh8xmm", "fields": {"session_data": "e30:1n8zlL:ThnkmznuiCs8cN-9pXaOia3wA6iyDw77ne7mDGB4TK4", "expire_date": "2022-01-30T07:15:39.494Z", "user": null, "user_agent": null, "last_activity": "2022-01-16T07:15:39.494Z", "ip": null}}, {"model": "user_sessions.session", "pk": "uhopcz2lth9q3ya981p907fftlk3l0n9", "fields": {"session_data": "e30:1nDNLw:IVTjXj7HT4DQC6cs_rd1Kilxdyj3MbR0hBJkDAMYSBA", "expire_date": "2022-02-11T09:15:32.750Z", "user": null, "user_agent": null, "last_activity": "2022-01-28T09:15:32.751Z", "ip": null}}, {"model": "user_sessions.session", "pk": "uk09cmb3ukpbh6ngoaevtux7p7d2gklh", "fields": {"session_data": ".eJxVjMsOgjAQRf-la9MMMpTi0j3f0AzzsKiBhMLK-O9KwkK395xzXy7Rtua0FV3SKO7iKnf63Qbih047kDtNt9nzPK3LOPhd8Qctvp9Fn9fD_TvIVPK3jlCDcSsDoNZIwmfhFpTAhCGELogiYWXYWBCxxhCYYxO6aKSC0b0_BNU49Q:1nGhES:BZSu_LkB2PuHvOeP5lae5_PzvfiGWBNIlX8W5ksFRIQ", "expire_date": "2022-02-20T13:05:32.862Z", "user": 1, "user_agent": "Mozilla/5.0 (Windows NT 10.0; Win64; x64) AppleWebKit/537.36 (KHTML, like Gecko) Chrome/97.0.4692.99 Safari/537.36", "last_activity": "2022-02-06T13:05:32.862Z", "ip": null}}, {"model": "user_sessions.session", "pk": "urpjc69bqywqncsjq1jop2qssz75b0iv", "fields": {"session_data": ".eJxVjMsOwiAQRf-FtSG8BsGl-34DGWCQqoGktCvjv2uTLnR7zzn3xQJuaw3boCXMmV2YZqffLWJ6UNtBvmO7dZ56W5c58l3hBx186pme18P9O6g46rf2SVnyNksphJCgjCjm7EhEytZbjFoq55wGMCSSShKKlRiz12g8FED2_gC4STcL:1n0mKh:2IoP_bWldcpScb8yHbf727oqKPgq5TftuAf8IANqvPs", "expire_date": "2022-01-07T15:18:11.765Z", "user": 3, "user_agent": "Mozilla/5.0 (X11; Linux x86_64) AppleWebKit/537.36 (KHTML, like Gecko) Chrome/96.0.4664.45 Safari/537.36", "last_activity": "2021-12-24T15:18:11.765Z", "ip": null}}, {"model": "user_sessions.session", "pk": "uyf17cclmaoiw9keew1ot0xb9z57h7ah", "fields": {"session_data": ".eJxVkLEOgjAQht-lsxKOArVuMqgDCXHRxKW5llKIhAZaBmN8dwEdZLrkv3z_d7kXMdaaVm8tjr6OhPPoNdmT_DYce6Am6f1lfGY9U1eoaZYVUt1ze0ayIWImxOj0IJpyQtJ1JlE9dDcvnFUNtkLZQQe_1AVfbXBaRnGY5Wu-RldPcMwhZlgmMoog1RHfAfCSl1KGijKNwCsGiocsjpkEWQEHnlbIKDAaJohyKv35l-oWnRetNU33d-DqBeT9AXlFXB0:1nEmE5:BdnC97fa7OhZqI6SS8ngRWqvdV4fIRvETiHHB--OKwY", "expire_date": "2022-02-15T06:01:13.013Z", "user": 6, "user_agent": "Mozilla/5.0 (Windows NT 6.3; WOW64) AppleWebKit/537.36 (KHTML, like Gecko) Chrome/97.0.4692.99 Safari/537.36", "last_activity": "2022-02-01T06:01:13.013Z", "ip": null}}, {"model": "user_sessions.session", "pk": "uyw96ws1oroeekh9id4lc6pbskk4oqva", "fields": {"session_data": ".eJxVjEEOwiAQRe_C2hCYUqAu3XsGMsMMUjVtUtqV8e7apAvd_vfef6mE21rT1mRJI6uzAnX63QjzQ6Yd8B2n26zzPK3LSHpX9EGbvs4sz8vh_h1UbPVbD5ktArnYlwGMNR4lSnHMhJy963wmJp8jBjLBgVgGMV2AAgH7jlG9PwM0OKw:1n7yaS:vtBYWacmptbi52l-5Oz3RAC1TdWNRYatktBCQQqxai8", "expire_date": "2022-01-27T11:48:12.635Z", "user": 2, "user_agent": "Mozilla/5.0 (Linux; Android 9; Redmi 6 Pro) AppleWebKit/537.36 (KHTML, like Gecko) Chrome/91.0.4472.120 Mobile Safari/537.36", "last_activity": "2022-01-13T11:48:12.635Z", "ip": null}}, {"model": "user_sessions.session", "pk": "vm741acm11vkqnl2ltbeqt3x44zw9lq5", "fields": {"session_data": ".eJxVjMsOgjAQRf-la9MMMpTi0j3f0AzzsKiBhMLK-O9KwkK395xzXy7Rtua0FV3SKO7iKnf63Qbih047kDtNt9nzPK3LOPhd8Qctvp9Fn9fD_TvIVPK3jlCDcSsDoNZIwmfhFpTAhCGELogiYWXYWBCxxhCYYxO6aKSC0b0_BNU49Q:1nDS6y:J7uiXO_9CV1HaUzyGJIwnnBGCZ1gEnOvFfsGu9siEM4", "expire_date": "2022-02-11T14:20:24.936Z", "user": 1, "user_agent": "Mozilla/5.0 (Windows NT 10.0; Win64; x64) AppleWebKit/537.36 (KHTML, like Gecko) Chrome/97.0.4692.99 Safari/537.36", "last_activity": "2022-01-28T14:20:24.936Z", "ip": null}}, {"model": "user_sessions.session", "pk": "vn9e4rps481srcmu55gi4wxcn5t67atb", "fields": {"session_data": ".eJxVjEEOwiAQRe_C2hCYUqAu3XsGMsMMUjVtUtqV8e7apAvd_vfef6mE21rT1mRJI6uzAnX63QjzQ6Yd8B2n26zzPK3LSHpX9EGbvs4sz8vh_h1UbPVbD5ktArnYlwGMNR4lSnHMhJy963wmJp8jBjLBgVgGMV2AAgH7jlG9PwM0OKw:1n0fHs:Pa3d-HVY3Dx5VHRbjUi_FTjwyDpchGvQXJUASekYSFY", "expire_date": "2022-01-07T07:46:48.689Z", "user": 2, "user_agent": "Mozilla/5.0 (Windows NT 10.0; Win64; x64; rv:95.0) Gecko/20100101 Firefox/95.0", "last_activity": "2021-12-24T07:46:48.689Z", "ip": null}}, {"model": "user_sessions.session", "pk": "wkqd3de3pfycfgfmf2mjilms8ynzvy3k", "fields": {"session_data": ".eJxVjEEOwiAQRe_C2hCYUqAu3XsGMsMMUjVtUtqV8e7apAvd_vfef6mE21rT1mRJI6uzAnX63QjzQ6Yd8B2n26zzPK3LSHpX9EGbvs4sz8vh_h1UbPVbD5ktArnYlwGMNR4lSnHMhJy963wmJp8jBjLBgVgGMV2AAgH7jlG9PwM0OKw:1nGhEG:gEfAUmG7bv_bRHixVBrUDqukh58CPU9v-mmdSQr5pgY", "expire_date": "2022-02-20T13:05:20.056Z", "user": 2, "user_agent": "Mozilla/5.0 (Windows NT 10.0; Win64; x64) AppleWebKit/537.36 (KHTML, like Gecko) Chrome/97.0.4692.99 Safari/537.36", "last_activity": "2022-02-06T13:05:20.056Z", "ip": null}}, {"model": "user_sessions.session", "pk": "wusgb4ip1gp44izyavs88onv7mryca4r", "fields": {"session_data": "e30:1n9Nu4:3p8lCYrLCEVnQSbUKaO84Km_L1X2DpH02VBGsyXr1yY", "expire_date": "2022-01-31T09:02:16.319Z", "user": null, "user_agent": "Mozilla/5.0 (Windows NT 10.0; Win64; x64) AppleWebKit/537.36 (KHTML, like Gecko) Chrome/96.0.4664.110 Safari/537.36 OPR/82.0.4227.43", "last_activity": "2022-01-17T09:02:16.319Z", "ip": null}}, {"model": "user_sessions.session", "pk": "x0zifiv2n5aeml2r5usx0diz73dgoy96", "fields": {"session_data": "e30:1nDMgc:pJzkW5hUEoPKy4JMZkQ7urjZJd7qOd5igPttOipp1rY", "expire_date": "2022-02-11T08:32:50.842Z", "user": null, "user_agent": null, "last_activity": "2022-01-28T08:32:50.843Z", "ip": null}}, {"model": "user_sessions.session", "pk": "x34fe1blnz9iveh2tsnreumag070t8z5", "fields": {"session_data": ".eJxVjMsOwiAQRf-FtSG8BsGl-34DGWCQqoGktCvjv2uTLnR7zzn3xQJuaw3boCXMmV2YZqffLWJ6UNtBvmO7dZ56W5c58l3hBx186pme18P9O6g46rf2SVnyNksphJCgjCjm7EhEytZbjFoq55wGMCSSShKKlRiz12g8FED2_gC4STcL:1n69mh:BBi6rN4I3XlECb6uH3Tq2loDr4jbLBuGiJflySgOl8I", "expire_date": "2022-01-22T11:21:19.813Z", "user": 3, "user_agent": "Mozilla/5.0 (X11; Linux x86_64) AppleWebKit/537.36 (KHTML, like Gecko) Chrome/96.0.4664.110 Safari/537.36", "last_activity": "2022-01-08T11:21:19.813Z", "ip": null}}, {"model": "user_sessions.session", "pk": "x3f8x3hw29uq2rvx4z0pp1yzawv9c8z0", "fields": {"session_data": ".eJxVjMsOwiAQRf-FtSG8BsGl-34DGWCQqoGktCvjv2uTLnR7zzn3xQJuaw3boCXMmV2YZqffLWJ6UNtBvmO7dZ56W5c58l3hBx186pme18P9O6g46rf2SVnyNksphJCgjCjm7EhEytZbjFoq55wGMCSSShKKlRiz12g8FED2_gC4STcL:1n9Olu:FLZVTDKb1Fis2geBFs4txnLs1KPQdnRq7bRnbNoJagg", "expire_date": "2022-01-31T09:57:54.407Z", "user": 3, "user_agent": "Mozilla/5.0 (X11; Linux x86_64) AppleWebKit/537.36 (KHTML, like Gecko) Chrome/97.0.4692.71 Safari/537.36", "last_activity": "2022-01-17T09:57:54.408Z", "ip": null}}, {"model": "user_sessions.session", "pk": "x73u32uq4pxcar9kbgmgb2vajtdbwsow", "fields": {"session_data": "e30:1n1EiB:9xdKgeVEVP3ZYNQR_1_tkjG6NXiRbEPxSqdPi0tiJCc", "expire_date": "2022-01-08T21:36:19.285Z", "user": null, "user_agent": "Mozilla/5.0 (Macintosh; Intel Mac OS X 10.11; rv:52.0) Gecko/20100101 Firefox/52.0", "last_activity": "2021-12-25T21:36:19.285Z", "ip": null}}, {"model": "user_sessions.session", "pk": "x7o98sdbf5ah4dwtnh329obk7y2t22ur", "fields": {"session_data": ".eJxVjMsOwiAQRf-FtSG8BsGl-34DGWCQqoGktCvjv2uTLnR7zzn3xQJuaw3boCXMmV2YZqffLWJ6UNtBvmO7dZ56W5c58l3hBx186pme18P9O6g46rf2SVnyNksphJCgjCjm7EhEytZbjFoq55wGMCSSShKKlRiz12g8FED2_gC4STcL:1n8dsZ:WWsg-VKBuOzQ_gAs3zGBZiUEGdzK2m8n7U1LM3_eaaY", "expire_date": "2022-01-29T07:53:39.829Z", "user": 3, "user_agent": "Mozilla/5.0 (X11; Linux x86_64) AppleWebKit/537.36 (KHTML, like Gecko) Chrome/96.0.4664.110 Safari/537.36", "last_activity": "2022-01-15T07:53:39.829Z", "ip": null}}, {"model": "user_sessions.session", "pk": "xe5m85f2sv8wslsg2ca3j9idim25v2ke", "fields": {"session_data": ".eJxVjEEOwiAQRe_C2hCYUqAu3XsGMsMMUjVtUtqV8e7apAvd_vfef6mE21rT1mRJI6uzAnX63QjzQ6Yd8B2n26zzPK3LSHpX9EGbvs4sz8vh_h1UbPVbD5ktArnYlwGMNR4lSnHMhJy963wmJp8jBjLBgVgGMV2AAgH7jlG9PwM0OKw:1nFrHO:XHI-wEFWZjgEJVN5cUtIf6ncylyyqLxhIQtMbDy5xyM", "expire_date": "2022-02-18T05:37:06.865Z", "user": 2, "user_agent": "Mozilla/5.0 (Windows NT 10.0; Win64; x64) AppleWebKit/537.36 (KHTML, like Gecko) Chrome/97.0.4692.99 Safari/537.36", "last_activity": "2022-02-04T05:37:06.866Z", "ip": null}}, {"model": "user_sessions.session", "pk": "xg6n8b19jbhucnggcrdpvhu0genb6hkd", "fields": {"session_data": ".eJxVjMsOwiAQRf-FtSG8BsGl-34DGWCQqoGktCvjv2uTLnR7zzn3xQJuaw3boCXMmV2YZqffLWJ6UNtBvmO7dZ56W5c58l3hBx186pme18P9O6g46rf2SVnyNksphJCgjCjm7EhEytZbjFoq55wGMCSSShKKlRiz12g8FED2_gC4STcL:1nE6u3:tIlQ8sQRoUpApRG8fKkRep1-KCVa0cPFjojLRT45BPM", "expire_date": "2022-02-13T09:53:47.840Z", "user": 3, "user_agent": "Mozilla/5.0 (X11; Linux x86_64) AppleWebKit/537.36 (KHTML, like Gecko) Chrome/97.0.4692.99 Safari/537.36", "last_activity": "2022-01-30T09:53:47.840Z", "ip": null}}, {"model": "user_sessions.session", "pk": "xgjejn6jqb5m93gp8zqd1maczjdpz0h6", "fields": {"session_data": "e30:1nDMge:uoUJZqjZW_4nxKj-mJ1i3H9cCCCOgvgjnPtqJjGfSY0", "expire_date": "2022-02-11T08:32:52.565Z", "user": null, "user_agent": null, "last_activity": "2022-01-28T08:32:52.565Z", "ip": null}}, {"model": "user_sessions.session", "pk": "xq5q2y9u7yhl9m226vtmwyoa98awu3jd", "fields": {"session_data": ".eJxVjMsOwiAQRf-FtSG8BsGl-34DGWCQqoGktCvjv2uTLnR7zzn3xQJuaw3boCXMmV2YZqffLWJ6UNtBvmO7dZ56W5c58l3hBx186pme18P9O6g46rf2SVnyNksphJCgjCjm7EhEytZbjFoq55wGMCSSShKKlRiz12g8FED2_gC4STcL:1n1l1H:fHyEOBWcLcXeExpPYspnqNtagN-i1mlYhP38RDlQD4Q", "expire_date": "2022-01-10T08:06:11.203Z", "user": 3, "user_agent": "Mozilla/5.0 (X11; Linux x86_64) AppleWebKit/537.36 (KHTML, like Gecko) Chrome/96.0.4664.110 Safari/537.36", "last_activity": "2021-12-27T08:06:11.203Z", "ip": null}}, {"model": "user_sessions.session", "pk": "xrznltmguycr8q1tnu78in4n1aos9ctv", "fields": {"session_data": ".eJxVjMsOwiAQRf-FtSG8BsGl-34DGWCQqoGktCvjv2uTLnR7zzn3xQJuaw3boCXMmV2YZqffLWJ6UNtBvmO7dZ56W5c58l3hBx186pme18P9O6g46rf2SVnyNksphJCgjCjm7EhEytZbjFoq55wGMCSSShKKlRiz12g8FED2_gC4STcL:1n6BT7:3gTdK83_6nOmw8iFKVpNeoNquqSnE9I9qOWTMrSjTcs", "expire_date": "2022-01-22T13:09:13.506Z", "user": 3, "user_agent": "Mozilla/5.0 (Linux; Android 10; Redmi Note 7S) AppleWebKit/537.36 (KHTML, like Gecko) Chrome/96.0.4664.45 Mobile Safari/537.36", "last_activity": "2022-01-08T13:09:13.506Z", "ip": null}}, {"model": "user_sessions.session", "pk": "yits287wfac4h6gkw1vlbgedi0g3jwoy", "fields": {"session_data": "eyJnb29nbGUtb2F1dGgyX3N0YXRlIjoiaXl2SlpGTGN0U1BKSFVuenBGNzA4T3BGWGxjYlhvYUgifQ:1nFRju:ciTeTyXKMKUOJ7lwkjMbD-oNL4VFHowI60hpRlEJQsw", "expire_date": "2022-02-17T02:20:50.767Z", "user": null, "user_agent": "Mozilla/5.0 (compatible; YandexBot/3.0; +http://yandex.com/bots)", "last_activity": "2022-02-03T02:20:50.768Z", "ip": null}}, {"model": "user_sessions.session", "pk": "yk4enyngb096kxx5g51ojh978jkjk001", "fields": {"session_data": ".eJxVjMsOgjAQRf-la9MMMpTi0j3f0AzzsKiBhMLK-O9KwkK395xzXy7Rtua0FV3SKO7iKnf63Qbih047kDtNt9nzPK3LOPhd8Qctvp9Fn9fD_TvIVPK3jlCDcSsDoNZIwmfhFpTAhCGELogiYWXYWBCxxhCYYxO6aKSC0b0_BNU49Q:1n9mV7:3ekQUMajEQNv329F47mRTrV3ErA2fOQLUAraVqC0jW8", "expire_date": "2022-02-01T11:18:09.972Z", "user": 1, "user_agent": "Mozilla/5.0 (X11; Linux x86_64) AppleWebKit/537.36 (KHTML, like Gecko) Chrome/97.0.4692.71 Safari/537.36", "last_activity": "2022-01-18T11:18:09.972Z", "ip": null}}, {"model": "user_sessions.session", "pk": "yqyca2jmodtncmdz4uuq8kpqb4j6prot", "fields": {"session_data": ".eJxVjEEOwiAQRe_C2hCYUqAu3XsGMsMMUjVtUtqV8e7apAvd_vfef6mE21rT1mRJI6uzAnX63QjzQ6Yd8B2n26zzPK3LSHpX9EGbvs4sz8vh_h1UbPVbD5ktArnYlwGMNR4lSnHMhJy963wmJp8jBjLBgVgGMV2AAgH7jlG9PwM0OKw:1nFhm9:Pr7xhrGVwEpXJTUJlC5HvNjFHXUUugwnshMYpkXVjSo", "expire_date": "2022-02-17T19:28:13.729Z", "user": 2, "user_agent": "Mozilla/5.0 (Windows NT 10.0; Win64; x64) AppleWebKit/537.36 (KHTML, like Gecko) Chrome/97.0.4692.99 Safari/537.36", "last_activity": "2022-02-03T19:28:13.729Z", "ip": null}}, {"model": "user_sessions.session", "pk": "z6vw53czs58glnmvxfe07z1rs1ad8u7x", "fields": {"session_data": ".eJxVjMsOgjAQRf-la9MMMpTi0j3f0AzzsKiBhMLK-O9KwkK395xzXy7Rtua0FV3SKO7iKnf63Qbih047kDtNt9nzPK3LOPhd8Qctvp9Fn9fD_TvIVPK3jlCDcSsDoNZIwmfhFpTAhCGELogiYWXYWBCxxhCYYxO6aKSC0b0_BNU49Q:1n9PpL:u0VUb-0gcL69KlCTZwhnZxkfeUIDC5xK06BB3ilfcYE", "expire_date": "2022-01-31T11:05:31.589Z", "user": 1, "user_agent": "Mozilla/5.0 (Linux; Android 9; LLD-AL20) AppleWebKit/537.36 (KHTML, like Gecko) Chrome/97.0.4692.87 Mobile Safari/537.36", "last_activity": "2022-01-17T11:05:31.589Z", "ip": null}}, {"model": "user_sessions.session", "pk": "zkto4z68c75k1nr11mn2jifb2mliuyc4", "fields": {"session_data": "e30:1n8zlO:8KEEJUkSicy2xVAG3dN9pwf9U0j6DoiE1jO0ifC0wRY", "expire_date": "2022-01-30T07:15:42.981Z", "user": null, "user_agent": null, "last_activity": "2022-01-16T07:15:42.981Z", "ip": null}}, {"model": "oauth2_provider.application", "pk": 1, "fields": {"client_id": "olN2gW8yPfIhZl84tUnTgZ9PsWCkcjHGyrK3oyjg", "user": 1, "redirect_uris": "http://20.120.5.99/jupyter/hub/oauth_callback,\r\nhttp://148.72.244.99:8080/jupyter/hub/oauth_callback,\r\nhttps://stellar-ai.in/jupyter/hub/oauth_callback", "client_type": "confidential", "authorization_grant_type": "authorization-code", "client_secret": "NI8V0ys5mgc5Nc9LgisZIRram1NtE3yLw4fAqKMGFbPwjeNGodvgFr3nI6DfdfZg6rOVlJCOosz3eThMv7Ws8qNBRJ0TfPs7dANpBtEe6bVUmjG8btwfRPJ4W9Sz059g", "name": "jupyterhub", "skip_authorization": false, "created": "2021-12-31T07:06:42.277Z", "updated": "2022-01-03T13:15:48.694Z", "algorithm": ""}}, {"model": "oauth2_provider.application", "pk": 2, "fields": {"client_id": "rvfkdHf82gObaGSz1loYkapfLyCCTHOx1AFmRcbC", "user": 3, "redirect_uris": "http://20.124.254.139/hub/oauth_callback", "client_type": "confidential", "authorization_grant_type": "authorization-code", "client_secret": "XlFOL0Q57jlUUz5hmQ6zdY8VNPPSBw0FYr3mVPP2DZs2n2uN4ocUatgGofhzqoikZd4VJ9Nb5NG9J2Re2ZMe54YZfrkUMd20TdJCP747aX10SEADeUP5Y24nVvj8rTGX", "name": "jupyterhub", "skip_authorization": false, "created": "2021-12-31T10:26:50.790Z", "updated": "2022-01-03T04:51:45.814Z", "algorithm": ""}}, {"model": "oauth2_provider.application", "pk": 3, "fields": {"client_id": "IoLZCuxJXzRmPx1RR2TonnQgNOEPEIwR0O4kFty8", "user": 3, "redirect_uris": "https://jupyter.stellar-ai.in/jupyter/hub/oauth_callback", "client_type": "confidential", "authorization_grant_type": "authorization-code", "client_secret": "ZtVlS0WSjcHMDZzkAVbOq0mzcRh9qJJ3DDliFTpx5JvGqJUHXzprT4XZejal4nSH0jZZaWhFm6Do6qBq4p9vtzxbLU6EVieACi4cHdSJz5ybnBD3DI40Rf20MErOzZDG", "name": "Stellar Jupyter Notebook", "skip_authorization": false, "created": "2022-01-31T05:48:29.604Z", "updated": "2022-01-31T05:48:29.604Z", "algorithm": ""}}, {"model": "oauth2_provider.grant", "pk": 1, "fields": {"user": 1, "code": "vsdjlojUzajp0TM5VdvGOF0tXe0IDX", "application": 1, "expires": "2021-12-31T07:45:00.614Z", "redirect_uri": "https://20.106.167.37/hub/oauth_callback", "scope": "read write", "created": "2021-12-31T07:44:00.614Z", "updated": "2021-12-31T07:44:00.614Z", "code_challenge": "", "code_challenge_method": "", "nonce": "", "claims": "{}"}}, {"model": "oauth2_provider.grant", "pk": 2, "fields": {"user": 1, "code": "bF0OPyNhvZgjm7UaKr65teAUvxJZ6M", "application": 1, "expires": "2021-12-31T07:47:08.135Z", "redirect_uri": "https://20.106.167.37/hub/oauth_callback", "scope": "read write", "created": "2021-12-31T07:46:08.135Z", "updated": "2021-12-31T07:46:08.135Z", "code_challenge": "", "code_challenge_method": "", "nonce": "", "claims": "{}"}}, {"model": "oauth2_provider.grant", "pk": 18, "fields": {"user": 3, "code": "AfJ76ISTZONDwLtDsrpXC4cbTBPNAv", "application": 1, "expires": "2021-12-31T10:03:09.932Z", "redirect_uri": "http://20.106.167.37/hub/oauth_callback", "scope": "read write", "created": "2021-12-31T10:02:09.932Z", "updated": "2021-12-31T10:02:09.932Z", "code_challenge": "", "code_challenge_method": "", "nonce": "", "claims": "{}"}}, {"model": "oauth2_provider.grant", "pk": 20, "fields": {"user": 3, "code": "mzEDzanejsdtfddXlZFPu3CGzKiPC4", "application": 1, "expires": "2021-12-31T10:21:18.311Z", "redirect_uri": "http://20.106.167.37/hub/oauth_callback", "scope": "read write", "created": "2021-12-31T10:20:18.311Z", "updated": "2021-12-31T10:20:18.311Z", "code_challenge": "", "code_challenge_method": "", "nonce": "", "claims": "{}"}}, {"model": "oauth2_provider.grant", "pk": 26, "fields": {"user": 3, "code": "UU6lLvYTAsv3Zl3TxAiRWkiGZGjAHU", "application": 2, "expires": "2022-01-03T04:39:47.742Z", "redirect_uri": "http://20.106.167.37/hub/oauth_callback", "scope": "read write", "created": "2022-01-03T04:38:47.743Z", "updated": "2022-01-03T04:38:47.743Z", "code_challenge": "", "code_challenge_method": "", "nonce": "", "claims": "{}"}}, {"model": "oauth2_provider.grant", "pk": 27, "fields": {"user": 3, "code": "nGG7vwa2LsXEMAYmmt83pqz5Rwa80m", "application": 2, "expires": "2022-01-03T04:43:10.440Z", "redirect_uri": "http://20.106.167.37/hub/oauth_callback", "scope": "read write", "created": "2022-01-03T04:42:10.441Z", "updated": "2022-01-03T04:42:10.441Z", "code_challenge": "", "code_challenge_method": "", "nonce": "", "claims": "{}"}}, {"model": "oauth2_provider.grant", "pk": 28, "fields": {"user": 3, "code": "VWVJhdd5movhrWTfbywCHjfT3j6ysV", "application": 2, "expires": "2022-01-03T04:51:07.868Z", "redirect_uri": "http://20.106.167.37/hub/oauth_callback", "scope": "read write", "created": "2022-01-03T04:50:07.868Z", "updated": "2022-01-03T04:50:07.868Z", "code_challenge": "", "code_challenge_method": "", "nonce": "", "claims": "{}"}}, {"model": "oauth2_provider.grant", "pk": 32, "fields": {"user": 1, "code": "25FSmIx5F0iUspLWOFTyAiv7o7UsEX", "application": 2, "expires": "2022-01-03T06:09:30.031Z", "redirect_uri": "http://20.124.254.139/hub/oauth_callback", "scope": "read write", "created": "2022-01-03T06:08:30.031Z", "updated": "2022-01-03T06:08:30.031Z", "code_challenge": "", "code_challenge_method": "", "nonce": "", "claims": "{}"}}, {"model": "oauth2_provider.grant", "pk": 33, "fields": {"user": 1, "code": "JgypDz0sc4ha3mf8HaTs7g3bfxmw04", "application": 2, "expires": "2022-01-03T06:27:16.139Z", "redirect_uri": "http://20.124.254.139/hub/oauth_callback", "scope": "read write", "created": "2022-01-03T06:26:16.139Z", "updated": "2022-01-03T06:26:16.139Z", "code_challenge": "", "code_challenge_method": "", "nonce": "", "claims": "{}"}}, {"model": "oauth2_provider.grant", "pk": 37, "fields": {"user": 1, "code": "IXCFTSt06Q5LFxfW2XwjzeKH8OM5vm", "application": 1, "expires": "2022-01-03T13:16:10.702Z", "redirect_uri": "http://148.72.244.99:8080/jupyter/hub/oauth_callback", "scope": "read write", "created": "2022-01-03T13:15:10.702Z", "updated": "2022-01-03T13:15:10.702Z", "code_challenge": "", "code_challenge_method": "", "nonce": "", "claims": "{}"}}, {"model": "oauth2_provider.grant", "pk": 43, "fields": {"user": 1, "code": "7eGRFCICg97RauhCOmNd5cW17TTr7B", "application": 1, "expires": "2022-01-03T14:06:02.948Z", "redirect_uri": "https://stellar-ai.in/jupyter/hub/oauth_callback", "scope": "read write", "created": "2022-01-03T14:05:02.949Z", "updated": "2022-01-03T14:05:02.949Z", "code_challenge": "", "code_challenge_method": "", "nonce": "", "claims": "{}"}}, {"model": "oauth2_provider.grant", "pk": 50, "fields": {"user": 6, "code": "MPR1l2MQn6aGrJ3Us3nj7v6JFZjFJp", "application": 1, "expires": "2022-01-10T05:41:23.720Z", "redirect_uri": "https://stellar-ai.in/jupyter/hub/oauth_callback", "scope": "read write", "created": "2022-01-10T05:40:23.720Z", "updated": "2022-01-10T05:40:23.720Z", "code_challenge": "", "code_challenge_method": "", "nonce": "", "claims": "{}"}}, {"model": "oauth2_provider.grant", "pk": 67, "fields": {"user": 1, "code": "SNkjf8oOeswvL4U5RIkPPMHI4BVKnI", "application": 3, "expires": "2022-02-01T05:35:55.497Z", "redirect_uri": "https://jupyter.stellar-ai.in/jupyter/hub/oauth_callback", "scope": "read write", "created": "2022-02-01T05:34:55.497Z", "updated": "2022-02-01T05:34:55.497Z", "code_challenge": "", "code_challenge_method": "", "nonce": "", "claims": "{}"}}, {"model": "oauth2_provider.grant", "pk": 69, "fields": {"user": 1, "code": "VKbkOExhAa3qB1Eg90DnJ0BZwLDi6g", "application": 3, "expires": "2022-02-01T05:36:02.788Z", "redirect_uri": "https://jupyter.stellar-ai.in/jupyter/hub/oauth_callback", "scope": "read write", "created": "2022-02-01T05:35:02.789Z", "updated": "2022-02-01T05:35:02.789Z", "code_challenge": "", "code_challenge_method": "", "nonce": "", "claims": "{}"}}, {"model": "oauth2_provider.grant", "pk": 71, "fields": {"user": 1, "code": "Ynlp5SMvc0TtYSfkWbf63rf947nAEK", "application": 3, "expires": "2022-02-01T05:36:25.529Z", "redirect_uri": "https://jupyter.stellar-ai.in/jupyter/hub/oauth_callback", "scope": "read write", "created": "2022-02-01T05:35:25.530Z", "updated": "2022-02-01T05:35:25.530Z", "code_challenge": "", "code_challenge_method": "", "nonce": "", "claims": "{}"}}, {"model": "oauth2_provider.grant", "pk": 78, "fields": {"user": 1, "code": "UpYxY4YjtbTAn9TiEXspGYs4VQSNVN", "application": 3, "expires": "2022-02-01T05:46:21.699Z", "redirect_uri": "https://jupyter.stellar-ai.in/jupyter/hub/oauth_callback", "scope": "read write", "created": "2022-02-01T05:45:21.699Z", "updated": "2022-02-01T05:45:21.699Z", "code_challenge": "", "code_challenge_method": "", "nonce": "", "claims": "{}"}}, {"model": "oauth2_provider.grant", "pk": 81, "fields": {"user": 1, "code": "601NS6mnz0uhyxtHw3jkPC3dWc9yNt", "application": 3, "expires": "2022-02-01T05:47:26.078Z", "redirect_uri": "https://jupyter.stellar-ai.in/jupyter/hub/oauth_callback", "scope": "read write", "created": "2022-02-01T05:46:26.078Z", "updated": "2022-02-01T05:46:26.078Z", "code_challenge": "", "code_challenge_method": "", "nonce": "", "claims": "{}"}}, {"model": "oauth2_provider.grant", "pk": 139, "fields": {"user": 6, "code": "mTLYeTtIcKW8zZ3ntxmcyVmZ4KQvVT", "application": 3, "expires": "2022-02-03T09:37:35.224Z", "redirect_uri": "https://jupyter.stellar-ai.in/jupyter/hub/oauth_callback", "scope": "read write", "created": "2022-02-03T09:36:35.224Z", "updated": "2022-02-03T09:36:35.224Z", "code_challenge": "", "code_challenge_method": "", "nonce": "", "claims": "{}"}}, {"model": "oauth2_provider.grant", "pk": 147, "fields": {"user": 1, "code": "CMDPqWyRqSEXwWU4ObTjcaEugz0xKE", "application": 3, "expires": "2022-02-03T20:11:50.583Z", "redirect_uri": "https://jupyter.stellar-ai.in/jupyter/hub/oauth_callback", "scope": "read write", "created": "2022-02-03T20:10:50.583Z", "updated": "2022-02-03T20:10:50.583Z", "code_challenge": "", "code_challenge_method": "", "nonce": "", "claims": "{}"}}, {"model": "oauth2_provider.grant", "pk": 154, "fields": {"user": 1, "code": "ljeQb3gs1AUCEnRUmgSCXqkppk95vI", "application": 3, "expires": "2022-02-04T05:37:02.870Z", "redirect_uri": "https://jupyter.stellar-ai.in/jupyter/hub/oauth_callback", "scope": "read write", "created": "2022-02-04T05:36:02.870Z", "updated": "2022-02-04T05:36:02.870Z", "code_challenge": "", "code_challenge_method": "", "nonce": "", "claims": "{}"}}, {"model": "oauth2_provider.grant", "pk": 155, "fields": {"user": 2, "code": "o5eYgEh0AMXY6mf64vETj2nLtmyW9w", "application": 3, "expires": "2022-02-04T05:37:04.923Z", "redirect_uri": "https://jupyter.stellar-ai.in/jupyter/hub/oauth_callback", "scope": "read write", "created": "2022-02-04T05:36:04.924Z", "updated": "2022-02-04T05:36:04.924Z", "code_challenge": "", "code_challenge_method": "", "nonce": "", "claims": "{}"}}, {"model": "oauth2_provider.grant", "pk": 162, "fields": {"user": 2, "code": "6ozErTShxFLcBr6D07t9t8mtoXx2vm", "application": 3, "expires": "2022-02-04T12:25:04.046Z", "redirect_uri": "https://jupyter.stellar-ai.in/jupyter/hub/oauth_callback", "scope": "read write", "created": "2022-02-04T12:24:04.046Z", "updated": "2022-02-04T12:24:04.046Z", "code_challenge": "", "code_challenge_method": "", "nonce": "", "claims": "{}"}}, {"model": "oauth2_provider.grant", "pk": 166, "fields": {"user": 2, "code": "EceI1Ta3GNs59SXGVr6v28ZoOzDWfI", "application": 3, "expires": "2022-02-04T12:25:50.099Z", "redirect_uri": "https://jupyter.stellar-ai.in/jupyter/hub/oauth_callback", "scope": "read write", "created": "2022-02-04T12:24:50.099Z", "updated": "2022-02-04T12:24:50.099Z", "code_challenge": "", "code_challenge_method": "", "nonce": "", "claims": "{}"}}, {"model": "oauth2_provider.grant", "pk": 180, "fields": {"user": 1, "code": "PBOR4bY9bmRNMkiKOBeBtk8U0oh8uC", "application": 3, "expires": "2022-02-06T12:30:56.817Z", "redirect_uri": "https://jupyter.stellar-ai.in/jupyter/hub/oauth_callback", "scope": "read write", "created": "2022-02-06T12:29:56.818Z", "updated": "2022-02-06T12:29:56.818Z", "code_challenge": "", "code_challenge_method": "", "nonce": "", "claims": "{}"}}, {"model": "oauth2_provider.accesstoken", "pk": 1, "fields": {"user": 1, "source_refresh_token": null, "token": "46zaGE7emvN1xcNyF2NTBmAgQEO9TB", "id_token": null, "application": 1, "expires": "2021-12-31T17:53:08.556Z", "scope": "read write", "created": "2021-12-31T07:53:08.556Z", "updated": "2021-12-31T07:53:08.556Z"}}, {"model": "oauth2_provider.accesstoken", "pk": 2, "fields": {"user": 1, "source_refresh_token": null, "token": "4Ls1EY8nrtnsXuK41yVUGhkHDyhS4D", "id_token": null, "application": 1, "expires": "2021-12-31T18:05:36.275Z", "scope": "read write", "created": "2021-12-31T08:05:36.275Z", "updated": "2021-12-31T08:05:36.275Z"}}, {"model": "oauth2_provider.accesstoken", "pk": 3, "fields": {"user": 3, "source_refresh_token": null, "token": "DNAbdMVVvaVdAG1FcpFbxfAIAY9StD", "id_token": null, "application": 1, "expires": "2021-12-31T18:06:22.108Z", "scope": "read write", "created": "2021-12-31T08:06:22.108Z", "updated": "2021-12-31T08:06:22.108Z"}}, {"model": "oauth2_provider.accesstoken", "pk": 4, "fields": {"user": 1, "source_refresh_token": null, "token": "rmDN63Kkkwolzd9euOmK1jgxf0Pea9", "id_token": null, "application": 1, "expires": "2021-12-31T18:30:46.706Z", "scope": "read write", "created": "2021-12-31T08:30:46.706Z", "updated": "2021-12-31T08:30:46.706Z"}}, {"model": "oauth2_provider.accesstoken", "pk": 5, "fields": {"user": 3, "source_refresh_token": null, "token": "dBjyGWrfSKM0d68ZRXLmX3Sb5oyMIt", "id_token": null, "application": 1, "expires": "2021-12-31T18:32:12.252Z", "scope": "read write", "created": "2021-12-31T08:32:12.252Z", "updated": "2021-12-31T08:32:12.252Z"}}, {"model": "oauth2_provider.accesstoken", "pk": 6, "fields": {"user": 3, "source_refresh_token": null, "token": "BbDspWSMGmKw3fnGC9SNHbYYYCAEtA", "id_token": null, "application": 1, "expires": "2021-12-31T18:40:19.089Z", "scope": "read write", "created": "2021-12-31T08:40:19.090Z", "updated": "2021-12-31T08:40:19.090Z"}}, {"model": "oauth2_provider.accesstoken", "pk": 7, "fields": {"user": 3, "source_refresh_token": null, "token": "v2JV8Vp5HlicbpRXxx77G7v8TYKLjN", "id_token": null, "application": 1, "expires": "2021-12-31T18:40:44.563Z", "scope": "read write", "created": "2021-12-31T08:40:44.564Z", "updated": "2021-12-31T08:40:44.564Z"}}, {"model": "oauth2_provider.accesstoken", "pk": 8, "fields": {"user": 3, "source_refresh_token": null, "token": "aKCpDX9dbHQSkFFMbdoEJj1gtCy94F", "id_token": null, "application": 1, "expires": "2021-12-31T18:42:38.599Z", "scope": "read write", "created": "2021-12-31T08:42:38.599Z", "updated": "2021-12-31T08:42:38.599Z"}}, {"model": "oauth2_provider.accesstoken", "pk": 9, "fields": {"user": 1, "source_refresh_token": null, "token": "YtHL9Mv6mECYWYWkLZxOMv5ZWb9DMl", "id_token": null, "application": 1, "expires": "2021-12-31T18:48:43.677Z", "scope": "read write", "created": "2021-12-31T08:48:43.678Z", "updated": "2021-12-31T08:48:43.678Z"}}, {"model": "oauth2_provider.accesstoken", "pk": 10, "fields": {"user": 1, "source_refresh_token": null, "token": "DxkM9lTNwLUrWkmCEdtUM3LfYZf5bK", "id_token": null, "application": 1, "expires": "2021-12-31T19:35:45.622Z", "scope": "read write", "created": "2021-12-31T09:35:45.623Z", "updated": "2021-12-31T09:35:45.623Z"}}, {"model": "oauth2_provider.accesstoken", "pk": 11, "fields": {"user": 3, "source_refresh_token": null, "token": "rqcwN71awyivuq4aCCfAuTGrv9flSo", "id_token": null, "application": 1, "expires": "2021-12-31T19:37:41.274Z", "scope": "read write", "created": "2021-12-31T09:37:41.275Z", "updated": "2021-12-31T09:37:41.275Z"}}, {"model": "oauth2_provider.accesstoken", "pk": 12, "fields": {"user": 1, "source_refresh_token": null, "token": "TKKQcla9eOjzaIMIknBnDrdZ2siaCh", "id_token": null, "application": 1, "expires": "2021-12-31T19:38:15.419Z", "scope": "read write", "created": "2021-12-31T09:38:15.419Z", "updated": "2021-12-31T09:38:15.419Z"}}, {"model": "oauth2_provider.accesstoken", "pk": 13, "fields": {"user": 3, "source_refresh_token": null, "token": "w16sI7dzkgnLifi8AajwZOyz6qnxK8", "id_token": null, "application": 1, "expires": "2021-12-31T19:42:53.933Z", "scope": "read write", "created": "2021-12-31T09:42:53.934Z", "updated": "2021-12-31T09:42:53.934Z"}}, {"model": "oauth2_provider.accesstoken", "pk": 14, "fields": {"user": 3, "source_refresh_token": null, "token": "mEMln3RqLyclolVC6QFHqxvLTkv3A6", "id_token": null, "application": 1, "expires": "2021-12-31T19:45:44.738Z", "scope": "read write", "created": "2021-12-31T09:45:44.740Z", "updated": "2021-12-31T09:45:44.740Z"}}, {"model": "oauth2_provider.accesstoken", "pk": 15, "fields": {"user": 3, "source_refresh_token": null, "token": "Y3MRIRcmTDrGYHCdAtLMW8Mm8NsSc7", "id_token": null, "application": 1, "expires": "2021-12-31T19:53:31.717Z", "scope": "read write", "created": "2021-12-31T09:53:31.717Z", "updated": "2021-12-31T09:53:31.717Z"}}, {"model": "oauth2_provider.accesstoken", "pk": 16, "fields": {"user": 3, "source_refresh_token": null, "token": "Y9KciHbtbGfAsZeSKxL0h0pwVyswgq", "id_token": null, "application": 1, "expires": "2021-12-31T20:20:09.167Z", "scope": "read write", "created": "2021-12-31T10:20:09.167Z", "updated": "2021-12-31T10:20:09.167Z"}}, {"model": "oauth2_provider.accesstoken", "pk": 17, "fields": {"user": 3, "source_refresh_token": null, "token": "FMVDlZd4n7eDJN9ivDqIeYmgSRjB9x", "id_token": null, "application": 1, "expires": "2021-12-31T20:24:37.595Z", "scope": "read write", "created": "2021-12-31T10:24:37.596Z", "updated": "2021-12-31T10:24:37.596Z"}}, {"model": "oauth2_provider.accesstoken", "pk": 18, "fields": {"user": 3, "source_refresh_token": null, "token": "vl66TFYwtCFCAeYWTb6qjZNxLAM7A3", "id_token": null, "application": 2, "expires": "2021-12-31T20:28:07.112Z", "scope": "read write", "created": "2021-12-31T10:28:07.112Z", "updated": "2021-12-31T10:28:07.112Z"}}, {"model": "oauth2_provider.accesstoken", "pk": 19, "fields": {"user": 3, "source_refresh_token": null, "token": "f7X1dtiZfuuLGcMYBe8vZvX3afM1wZ", "id_token": null, "application": 2, "expires": "2021-12-31T20:52:12.886Z", "scope": "read write", "created": "2021-12-31T10:52:12.886Z", "updated": "2021-12-31T10:52:12.886Z"}}, {"model": "oauth2_provider.accesstoken", "pk": 20, "fields": {"user": 1, "source_refresh_token": null, "token": "uzUEcSUv8Wgovs6dceTY8w7MK8vIhn", "id_token": null, "application": 2, "expires": "2021-12-31T20:53:15.756Z", "scope": "read write", "created": "2021-12-31T10:53:15.756Z", "updated": "2021-12-31T10:53:15.756Z"}}, {"model": "oauth2_provider.accesstoken", "pk": 21, "fields": {"user": 1, "source_refresh_token": null, "token": "pOWGOMuCuVeFmuthk7aIhOEggbeDCs", "id_token": null, "application": 2, "expires": "2021-12-31T21:01:39.669Z", "scope": "read write", "created": "2021-12-31T11:01:39.669Z", "updated": "2021-12-31T11:01:39.669Z"}}, {"model": "oauth2_provider.accesstoken", "pk": 22, "fields": {"user": 3, "source_refresh_token": null, "token": "ggXja7yYYaAj4BLPK9Ly8ICG1MgWVS", "id_token": null, "application": 2, "expires": "2022-01-03T14:51:54.787Z", "scope": "read write", "created": "2022-01-03T04:51:54.788Z", "updated": "2022-01-03T04:51:54.788Z"}}, {"model": "oauth2_provider.accesstoken", "pk": 23, "fields": {"user": 1, "source_refresh_token": null, "token": "9kUpElViMpXZX207z8Gj1ze5UOP81P", "id_token": null, "application": 2, "expires": "2022-01-03T15:51:52.981Z", "scope": "read write", "created": "2022-01-03T05:51:52.982Z", "updated": "2022-01-03T05:51:52.982Z"}}, {"model": "oauth2_provider.accesstoken", "pk": 24, "fields": {"user": 3, "source_refresh_token": null, "token": "r7L1zpE2NwyfS9XhGOhkc7a5Qu9YYr", "id_token": null, "application": 2, "expires": "2022-01-03T15:52:47.602Z", "scope": "read write", "created": "2022-01-03T05:52:47.602Z", "updated": "2022-01-03T05:52:47.602Z"}}, {"model": "oauth2_provider.accesstoken", "pk": 25, "fields": {"user": 1, "source_refresh_token": null, "token": "Kr3AbcA8a5INETtmBySp93lswxgoF4", "id_token": null, "application": 2, "expires": "2022-01-03T16:35:05.702Z", "scope": "read write", "created": "2022-01-03T06:35:05.702Z", "updated": "2022-01-03T06:35:05.703Z"}}, {"model": "oauth2_provider.accesstoken", "pk": 26, "fields": {"user": 1, "source_refresh_token": null, "token": "ppssyLTugPdSlJseFcIQ5K9QcXUSfw", "id_token": null, "application": 1, "expires": "2022-01-03T17:01:57.225Z", "scope": "read write", "created": "2022-01-03T07:01:57.225Z", "updated": "2022-01-03T07:01:57.225Z"}}, {"model": "oauth2_provider.accesstoken", "pk": 27, "fields": {"user": 1, "source_refresh_token": null, "token": "ATeGOG0wyIFPYPLEmTieJAdlbyXrBH", "id_token": null, "application": 1, "expires": "2022-01-03T22:54:25.028Z", "scope": "read write", "created": "2022-01-03T12:54:25.028Z", "updated": "2022-01-03T12:54:25.028Z"}}, {"model": "oauth2_provider.accesstoken", "pk": 28, "fields": {"user": 1, "source_refresh_token": null, "token": "Y44lYe67DLtyUpZzPT9aizwGiqMYSW", "id_token": null, "application": 1, "expires": "2022-01-03T23:17:48.702Z", "scope": "read write", "created": "2022-01-03T13:17:48.702Z", "updated": "2022-01-03T13:17:48.702Z"}}, {"model": "oauth2_provider.accesstoken", "pk": 29, "fields": {"user": 1, "source_refresh_token": null, "token": "zXbi4g5ci0J2E8wcqcT4TgwIRV8HN3", "id_token": null, "application": 1, "expires": "2022-01-03T23:25:29.368Z", "scope": "read write", "created": "2022-01-03T13:25:29.368Z", "updated": "2022-01-03T13:25:29.368Z"}}, {"model": "oauth2_provider.accesstoken", "pk": 30, "fields": {"user": 3, "source_refresh_token": null, "token": "TfBSh9dH5uczDc9ezSMVgNdR4Fd6Uo", "id_token": null, "application": 1, "expires": "2022-01-03T23:49:02.479Z", "scope": "read write", "created": "2022-01-03T13:49:02.479Z", "updated": "2022-01-03T13:49:02.479Z"}}, {"model": "oauth2_provider.accesstoken", "pk": 31, "fields": {"user": 1, "source_refresh_token": null, "token": "GHGMOdsLy28g7rgxEyPcV3sDdqJdyw", "id_token": null, "application": 1, "expires": "2022-01-03T23:50:59.750Z", "scope": "read write", "created": "2022-01-03T13:50:59.751Z", "updated": "2022-01-03T13:50:59.751Z"}}, {"model": "oauth2_provider.accesstoken", "pk": 32, "fields": {"user": 1, "source_refresh_token": null, "token": "djyqUCHaH71VkDVs2RqYvItAj3k6EG", "id_token": null, "application": 1, "expires": "2022-01-03T23:54:01.147Z", "scope": "read write", "created": "2022-01-03T13:54:01.148Z", "updated": "2022-01-03T13:54:01.148Z"}}, {"model": "oauth2_provider.accesstoken", "pk": 33, "fields": {"user": 1, "source_refresh_token": null, "token": "qM9tvfCdF9Lq4wSrmdb0fVAyFn9uEJ", "id_token": null, "application": 1, "expires": "2022-01-04T00:23:10.522Z", "scope": "read write", "created": "2022-01-03T14:23:10.522Z", "updated": "2022-01-03T14:23:10.522Z"}}, {"model": "oauth2_provider.accesstoken", "pk": 34, "fields": {"user": 1, "source_refresh_token": null, "token": "ObFBBrbB8yZ3xIQXsMCSrauNuB0TwI", "id_token": null, "application": 1, "expires": "2022-01-04T20:36:46.494Z", "scope": "read write", "created": "2022-01-04T10:36:46.494Z", "updated": "2022-01-04T10:36:46.494Z"}}, {"model": "oauth2_provider.accesstoken", "pk": 35, "fields": {"user": 1, "source_refresh_token": null, "token": "LwjC8aS2K4fKP4OqdDQhg2L6qpULhL", "id_token": null, "application": 1, "expires": "2022-01-06T14:36:11.074Z", "scope": "read write", "created": "2022-01-06T04:36:11.074Z", "updated": "2022-01-06T04:36:11.074Z"}}, {"model": "oauth2_provider.accesstoken", "pk": 36, "fields": {"user": 1, "source_refresh_token": null, "token": "YvAHtHksddkzfbJ4OUaO1nS2P5dIXj", "id_token": null, "application": 1, "expires": "2022-01-06T21:08:07.050Z", "scope": "read write", "created": "2022-01-06T11:08:07.050Z", "updated": "2022-01-06T11:08:07.050Z"}}, {"model": "oauth2_provider.accesstoken", "pk": 37, "fields": {"user": 4, "source_refresh_token": null, "token": "n1EdIMRqZ3w7zs84Vgzz1PaPcsOYyR", "id_token": null, "application": 1, "expires": "2022-01-06T21:22:20.089Z", "scope": "read write", "created": "2022-01-06T11:22:20.089Z", "updated": "2022-01-06T11:22:20.089Z"}}, {"model": "oauth2_provider.accesstoken", "pk": 38, "fields": {"user": 6, "source_refresh_token": null, "token": "cHi0PrwelBiS4JED5yQ1EwEXHpV3Q6", "id_token": null, "application": 1, "expires": "2022-01-10T15:39:07.465Z", "scope": "read write", "created": "2022-01-10T05:39:07.465Z", "updated": "2022-01-10T05:39:07.465Z"}}, {"model": "oauth2_provider.accesstoken", "pk": 39, "fields": {"user": 1, "source_refresh_token": null, "token": "p2Bx5nYvh5FRdSXhBXNrnwholUNctZ", "id_token": null, "application": 1, "expires": "2022-01-16T14:50:06.492Z", "scope": "read write", "created": "2022-01-16T04:50:06.492Z", "updated": "2022-01-16T04:50:06.492Z"}}, {"model": "oauth2_provider.accesstoken", "pk": 40, "fields": {"user": 1, "source_refresh_token": null, "token": "kdtnrqnHjhAkgDJPepJz0jSEM12WVy", "id_token": null, "application": 1, "expires": "2022-01-16T15:58:57.391Z", "scope": "read write", "created": "2022-01-16T05:58:57.391Z", "updated": "2022-01-16T05:58:57.391Z"}}, {"model": "oauth2_provider.accesstoken", "pk": 41, "fields": {"user": 3, "source_refresh_token": null, "token": "rl4yIrIw2mQRgfEn25bH8PtKGaWhhF", "id_token": null, "application": 1, "expires": "2022-01-16T16:03:26.946Z", "scope": "read write", "created": "2022-01-16T06:03:26.947Z", "updated": "2022-01-16T06:03:26.947Z"}}, {"model": "oauth2_provider.accesstoken", "pk": 42, "fields": {"user": 3, "source_refresh_token": null, "token": "56zqrU6KgdX2OCV8QN1G5qb32x0gdZ", "id_token": null, "application": 3, "expires": "2022-01-31T15:48:48.342Z", "scope": "read write", "created": "2022-01-31T05:48:48.342Z", "updated": "2022-01-31T05:48:48.342Z"}}, {"model": "oauth2_provider.accesstoken", "pk": 43, "fields": {"user": 1, "source_refresh_token": null, "token": "djPPD0K6Jm5kc2g12cOeJZSteDLcCs", "id_token": null, "application": 3, "expires": "2022-01-31T15:51:16.973Z", "scope": "read write", "created": "2022-01-31T05:51:16.973Z", "updated": "2022-01-31T05:51:16.973Z"}}, {"model": "oauth2_provider.accesstoken", "pk": 44, "fields": {"user": 5, "source_refresh_token": null, "token": "spEKtJXrQi4IO4fYS4mcrHs0H09nfw", "id_token": null, "application": 3, "expires": "2022-01-31T19:15:24.986Z", "scope": "read write", "created": "2022-01-31T09:15:24.986Z", "updated": "2022-01-31T09:15:24.986Z"}}, {"model": "oauth2_provider.accesstoken", "pk": 45, "fields": {"user": 1, "source_refresh_token": null, "token": "im9pDkaxORrt4jZAnfr0hlfI2VTPnJ", "id_token": null, "application": 3, "expires": "2022-01-31T19:32:20.986Z", "scope": "read write", "created": "2022-01-31T09:32:20.986Z", "updated": "2022-01-31T09:32:20.986Z"}}, {"model": "oauth2_provider.accesstoken", "pk": 46, "fields": {"user": 2, "source_refresh_token": null, "token": "t2l4vPqtGgHv6cmr4xjHS06NArWPeC", "id_token": null, "application": 3, "expires": "2022-01-31T20:58:07.383Z", "scope": "read write", "created": "2022-01-31T10:58:07.384Z", "updated": "2022-01-31T10:58:07.384Z"}}, {"model": "oauth2_provider.accesstoken", "pk": 47, "fields": {"user": 1, "source_refresh_token": null, "token": "KNZRXujLWcxMXj882FyM6OJywXBkzL", "id_token": null, "application": 3, "expires": "2022-01-31T23:15:19.780Z", "scope": "read write", "created": "2022-01-31T13:15:19.780Z", "updated": "2022-01-31T13:15:19.780Z"}}, {"model": "oauth2_provider.accesstoken", "pk": 48, "fields": {"user": 3, "source_refresh_token": null, "token": "utYcTxNM5SAlynSW3ZcgRUtBLaRjpL", "id_token": null, "application": 3, "expires": "2022-02-01T14:46:21.282Z", "scope": "read write", "created": "2022-02-01T04:46:21.282Z", "updated": "2022-02-01T04:46:21.282Z"}}, {"model": "oauth2_provider.accesstoken", "pk": 49, "fields": {"user": 3, "source_refresh_token": null, "token": "J0VBkt36aAi1IVAPQP3pWfNDGb6gxt", "id_token": null, "application": 3, "expires": "2022-02-01T14:54:57.706Z", "scope": "read write", "created": "2022-02-01T04:54:57.706Z", "updated": "2022-02-01T04:54:57.706Z"}}, {"model": "oauth2_provider.accesstoken", "pk": 50, "fields": {"user": 3, "source_refresh_token": null, "token": "aC8ro0rsYDYJ1Io41dOYfDjQL1qdvT", "id_token": null, "application": 3, "expires": "2022-02-01T14:55:20.963Z", "scope": "read write", "created": "2022-02-01T04:55:20.963Z", "updated": "2022-02-01T04:55:20.963Z"}}, {"model": "oauth2_provider.accesstoken", "pk": 51, "fields": {"user": 3, "source_refresh_token": null, "token": "YTurJpddjZZZMbCLCbdsoAjMfHiUgo", "id_token": null, "application": 3, "expires": "2022-02-01T14:55:42.325Z", "scope": "read write", "created": "2022-02-01T04:55:42.325Z", "updated": "2022-02-01T04:55:42.325Z"}}, {"model": "oauth2_provider.accesstoken", "pk": 52, "fields": {"user": 3, "source_refresh_token": null, "token": "N2ROrSy8Mss4Ni6ss2uSF9y8KDa88y", "id_token": null, "application": 3, "expires": "2022-02-01T15:13:15.030Z", "scope": "read write", "created": "2022-02-01T05:13:15.031Z", "updated": "2022-02-01T05:13:15.031Z"}}, {"model": "oauth2_provider.accesstoken", "pk": 53, "fields": {"user": 3, "source_refresh_token": null, "token": "W45AoW3X3yR7ZvOXFoqYNsfFIB5jDu", "id_token": null, "application": 3, "expires": "2022-02-01T15:23:25.850Z", "scope": "read write", "created": "2022-02-01T05:23:25.850Z", "updated": "2022-02-01T05:23:25.851Z"}}, {"model": "oauth2_provider.accesstoken", "pk": 54, "fields": {"user": 3, "source_refresh_token": null, "token": "oW1tgZZZ6i4tWYfJ3wZdHCV1HSoSwC", "id_token": null, "application": 3, "expires": "2022-02-01T15:26:25.668Z", "scope": "read write", "created": "2022-02-01T05:26:25.668Z", "updated": "2022-02-01T05:26:25.668Z"}}, {"model": "oauth2_provider.accesstoken", "pk": 55, "fields": {"user": 3, "source_refresh_token": null, "token": "2ai0HsvjzeYBPrHJAxqHIVAUcmZsks", "id_token": null, "application": 3, "expires": "2022-02-01T15:34:18.566Z", "scope": "read write", "created": "2022-02-01T05:34:18.566Z", "updated": "2022-02-01T05:34:18.566Z"}}, {"model": "oauth2_provider.accesstoken", "pk": 56, "fields": {"user": 1, "source_refresh_token": null, "token": "vTb5VMo7zfTWlIvvoVMKKk5vOKZrZc", "id_token": null, "application": 3, "expires": "2022-02-01T15:34:28.033Z", "scope": "read write", "created": "2022-02-01T05:34:28.033Z", "updated": "2022-02-01T05:34:28.033Z"}}, {"model": "oauth2_provider.accesstoken", "pk": 57, "fields": {"user": 1, "source_refresh_token": null, "token": "Gp99ggxVbW3z3hkbxfdDDVMlZCtcdp", "id_token": null, "application": 3, "expires": "2022-02-01T15:34:54.023Z", "scope": "read write", "created": "2022-02-01T05:34:54.024Z", "updated": "2022-02-01T05:34:54.024Z"}}, {"model": "oauth2_provider.accesstoken", "pk": 58, "fields": {"user": 1, "source_refresh_token": null, "token": "5nr7yxsgYjpBFzdsQzaMqhqB7ntF2V", "id_token": null, "application": 3, "expires": "2022-02-01T15:35:01.685Z", "scope": "read write", "created": "2022-02-01T05:35:01.685Z", "updated": "2022-02-01T05:35:01.685Z"}}, {"model": "oauth2_provider.accesstoken", "pk": 59, "fields": {"user": 1, "source_refresh_token": null, "token": "ga02BWMyxu6zg48ysuXqCg2EtR9U2H", "id_token": null, "application": 3, "expires": "2022-02-01T15:35:24.088Z", "scope": "read write", "created": "2022-02-01T05:35:24.088Z", "updated": "2022-02-01T05:35:24.088Z"}}, {"model": "oauth2_provider.accesstoken", "pk": 60, "fields": {"user": 1, "source_refresh_token": null, "token": "i8elH1XAP1bQouU0jUxjiqcnXrSKDn", "id_token": null, "application": 3, "expires": "2022-02-01T15:38:13.452Z", "scope": "read write", "created": "2022-02-01T05:38:13.452Z", "updated": "2022-02-01T05:38:13.452Z"}}, {"model": "oauth2_provider.accesstoken", "pk": 61, "fields": {"user": 1, "source_refresh_token": null, "token": "LoxS0qtn74VA7oL8jlggzsxsTm0r3d", "id_token": null, "application": 3, "expires": "2022-02-01T15:43:22.175Z", "scope": "read write", "created": "2022-02-01T05:43:22.176Z", "updated": "2022-02-01T05:43:22.176Z"}}, {"model": "oauth2_provider.accesstoken", "pk": 62, "fields": {"user": 1, "source_refresh_token": null, "token": "TgrGpg34FtR1Kw7Gap3YfcaqtJ0ATQ", "id_token": null, "application": 3, "expires": "2022-02-01T15:43:41.771Z", "scope": "read write", "created": "2022-02-01T05:43:41.771Z", "updated": "2022-02-01T05:43:41.771Z"}}, {"model": "oauth2_provider.accesstoken", "pk": 63, "fields": {"user": 1, "source_refresh_token": null, "token": "ltiQjIeJpQPyYu7RaY2ll5Kkxl6BnC", "id_token": null, "application": 3, "expires": "2022-02-01T15:44:10.973Z", "scope": "read write", "created": "2022-02-01T05:44:10.973Z", "updated": "2022-02-01T05:44:10.973Z"}}, {"model": "oauth2_provider.accesstoken", "pk": 64, "fields": {"user": 1, "source_refresh_token": null, "token": "H8hAnC47aDbosdSs9VCWUvm1AaaIRN", "id_token": null, "application": 3, "expires": "2022-02-01T15:44:50.794Z", "scope": "read write", "created": "2022-02-01T05:44:50.794Z", "updated": "2022-02-01T05:44:50.794Z"}}, {"model": "oauth2_provider.accesstoken", "pk": 65, "fields": {"user": 1, "source_refresh_token": null, "token": "ta9GGJefwoeHyvsFFw93ugqeJLAjPt", "id_token": null, "application": 3, "expires": "2022-02-01T15:45:20.839Z", "scope": "read write", "created": "2022-02-01T05:45:20.839Z", "updated": "2022-02-01T05:45:20.839Z"}}, {"model": "oauth2_provider.accesstoken", "pk": 66, "fields": {"user": 3, "source_refresh_token": null, "token": "7ynii6pjiYPfFugoJm9FNb9gERwGq7", "id_token": null, "application": 3, "expires": "2022-02-01T15:46:11.792Z", "scope": "read write", "created": "2022-02-01T05:46:11.793Z", "updated": "2022-02-01T05:46:11.793Z"}}, {"model": "oauth2_provider.accesstoken", "pk": 67, "fields": {"user": 1, "source_refresh_token": null, "token": "cD35nRJlhxcUuzdJbj11SyiLJh5xnr", "id_token": null, "application": 3, "expires": "2022-02-01T15:46:24.690Z", "scope": "read write", "created": "2022-02-01T05:46:24.690Z", "updated": "2022-02-01T05:46:24.690Z"}}, {"model": "oauth2_provider.accesstoken", "pk": 68, "fields": {"user": 1, "source_refresh_token": null, "token": "cmugz4zMDnHfeygV9iGAtZvfpRs4RH", "id_token": null, "application": 3, "expires": "2022-02-01T15:46:32.411Z", "scope": "read write", "created": "2022-02-01T05:46:32.411Z", "updated": "2022-02-01T05:46:32.411Z"}}, {"model": "oauth2_provider.accesstoken", "pk": 69, "fields": {"user": 3, "source_refresh_token": null, "token": "ppoZBa4y67FDWZ4VmCO0P7J1bo9tbH", "id_token": null, "application": 3, "expires": "2022-02-01T15:46:39.956Z", "scope": "read write", "created": "2022-02-01T05:46:39.957Z", "updated": "2022-02-01T05:46:39.957Z"}}, {"model": "oauth2_provider.accesstoken", "pk": 70, "fields": {"user": 1, "source_refresh_token": null, "token": "y7C70Uw7LefhMATILh5qaB7ern5ldW", "id_token": null, "application": 3, "expires": "2022-02-01T15:46:42.543Z", "scope": "read write", "created": "2022-02-01T05:46:42.543Z", "updated": "2022-02-01T05:46:42.543Z"}}, {"model": "oauth2_provider.accesstoken", "pk": 71, "fields": {"user": 1, "source_refresh_token": null, "token": "sXyFEfB53Khz45yXxDDgQ8jmF9Oy6J", "id_token": null, "application": 3, "expires": "2022-02-01T15:47:05.880Z", "scope": "read write", "created": "2022-02-01T05:47:05.881Z", "updated": "2022-02-01T05:47:05.881Z"}}, {"model": "oauth2_provider.accesstoken", "pk": 72, "fields": {"user": 3, "source_refresh_token": null, "token": "HSCmXmb7HH2QSPC8KAxCu1RxR3GHxT", "id_token": null, "application": 3, "expires": "2022-02-01T15:47:07.813Z", "scope": "read write", "created": "2022-02-01T05:47:07.813Z", "updated": "2022-02-01T05:47:07.813Z"}}, {"model": "oauth2_provider.accesstoken", "pk": 73, "fields": {"user": 1, "source_refresh_token": null, "token": "1EURIUA75f4GJLdoGEFu2AwPiNjq7O", "id_token": null, "application": 3, "expires": "2022-02-01T15:47:27.758Z", "scope": "read write", "created": "2022-02-01T05:47:27.758Z", "updated": "2022-02-01T05:47:27.758Z"}}, {"model": "oauth2_provider.accesstoken", "pk": 74, "fields": {"user": 6, "source_refresh_token": null, "token": "F6htNwJ2INPpimaIrLK5rACCWhAwvV", "id_token": null, "application": 3, "expires": "2022-02-01T16:01:08.038Z", "scope": "read write", "created": "2022-02-01T06:01:08.039Z", "updated": "2022-02-01T06:01:08.039Z"}}, {"model": "oauth2_provider.accesstoken", "pk": 75, "fields": {"user": 5, "source_refresh_token": null, "token": "YoxShfSj8w8COpHoXbSmvnpTIyq5xN", "id_token": null, "application": 3, "expires": "2022-02-01T16:25:31.617Z", "scope": "read write", "created": "2022-02-01T06:25:31.617Z", "updated": "2022-02-01T06:25:31.617Z"}}, {"model": "oauth2_provider.accesstoken", "pk": 76, "fields": {"user": 1, "source_refresh_token": null, "token": "TNCfILzhUBrQcUP81I0Oq4qdFOAElU", "id_token": null, "application": 3, "expires": "2022-02-01T16:29:24.428Z", "scope": "read write", "created": "2022-02-01T06:29:24.428Z", "updated": "2022-02-01T06:29:24.428Z"}}, {"model": "oauth2_provider.accesstoken", "pk": 77, "fields": {"user": 5, "source_refresh_token": null, "token": "kxsnc6yBjoNs7pi17opuqdQb9a5KEk", "id_token": null, "application": 3, "expires": "2022-02-01T16:32:53.180Z", "scope": "read write", "created": "2022-02-01T06:32:53.180Z", "updated": "2022-02-01T06:32:53.180Z"}}, {"model": "oauth2_provider.accesstoken", "pk": 78, "fields": {"user": 1, "source_refresh_token": null, "token": "LmWE3NAHkvkic7W1SmK4hYLmUGZ1Ob", "id_token": null, "application": 3, "expires": "2022-02-01T16:53:57.920Z", "scope": "read write", "created": "2022-02-01T06:53:57.921Z", "updated": "2022-02-01T06:53:57.921Z"}}, {"model": "oauth2_provider.accesstoken", "pk": 79, "fields": {"user": 5, "source_refresh_token": null, "token": "7nbxWjeQQ6x6p5jRyOfWFpE2De3HqK", "id_token": null, "application": 3, "expires": "2022-02-01T20:10:06.099Z", "scope": "read write", "created": "2022-02-01T10:10:06.099Z", "updated": "2022-02-01T10:10:06.099Z"}}, {"model": "oauth2_provider.accesstoken", "pk": 80, "fields": {"user": 6, "source_refresh_token": null, "token": "CSxS2AlbI5HSdCpyd7DwjctmAS8a4R", "id_token": null, "application": 3, "expires": "2022-02-02T14:02:07.433Z", "scope": "read write", "created": "2022-02-02T04:02:07.433Z", "updated": "2022-02-02T04:02:07.433Z"}}, {"model": "oauth2_provider.accesstoken", "pk": 81, "fields": {"user": 6, "source_refresh_token": null, "token": "2sPjNVbOp8paj9qHCAv162r73KjKmz", "id_token": null, "application": 3, "expires": "2022-02-02T14:14:08.642Z", "scope": "read write", "created": "2022-02-02T04:14:08.642Z", "updated": "2022-02-02T04:14:08.642Z"}}, {"model": "oauth2_provider.accesstoken", "pk": 82, "fields": {"user": 6, "source_refresh_token": null, "token": "Vb0KPMi8YkbaDoNEppDZCqXonZj2dE", "id_token": null, "application": 3, "expires": "2022-02-02T14:43:24.693Z", "scope": "read write", "created": "2022-02-02T04:43:24.693Z", "updated": "2022-02-02T04:43:24.693Z"}}, {"model": "oauth2_provider.accesstoken", "pk": 83, "fields": {"user": 6, "source_refresh_token": null, "token": "AXoLddIirP8i4EqzYeKKGeGGOCONIr", "id_token": null, "application": 3, "expires": "2022-02-02T14:50:46.685Z", "scope": "read write", "created": "2022-02-02T04:50:46.686Z", "updated": "2022-02-02T04:50:46.686Z"}}, {"model": "oauth2_provider.accesstoken", "pk": 84, "fields": {"user": 6, "source_refresh_token": null, "token": "k3s65wlZbFziNubs9BGOqDGcaDNA2W", "id_token": null, "application": 3, "expires": "2022-02-02T15:37:31.868Z", "scope": "read write", "created": "2022-02-02T05:37:31.869Z", "updated": "2022-02-02T05:37:31.869Z"}}, {"model": "oauth2_provider.accesstoken", "pk": 85, "fields": {"user": 1, "source_refresh_token": null, "token": "dVQ3V2DinnsH56ZuJOAqlddO8UR5sR", "id_token": null, "application": 3, "expires": "2022-02-02T15:54:15.052Z", "scope": "read write", "created": "2022-02-02T05:54:15.052Z", "updated": "2022-02-02T05:54:15.052Z"}}, {"model": "oauth2_provider.accesstoken", "pk": 86, "fields": {"user": 1, "source_refresh_token": null, "token": "NOv9eqR5kyibISj4eB9JUTxg9rzNXr", "id_token": null, "application": 3, "expires": "2022-02-02T15:56:06.197Z", "scope": "read write", "created": "2022-02-02T05:56:06.198Z", "updated": "2022-02-02T05:56:06.198Z"}}, {"model": "oauth2_provider.accesstoken", "pk": 87, "fields": {"user": 1, "source_refresh_token": null, "token": "ftRbFc4Y0RdBURp3Feml2OIluBgtya", "id_token": null, "application": 3, "expires": "2022-02-02T15:56:51.776Z", "scope": "read write", "created": "2022-02-02T05:56:51.776Z", "updated": "2022-02-02T05:56:51.776Z"}}, {"model": "oauth2_provider.accesstoken", "pk": 88, "fields": {"user": 5, "source_refresh_token": null, "token": "IgSXwzQiRMVuuvdAd1ERasJAYiaPN6", "id_token": null, "application": 3, "expires": "2022-02-02T15:58:53.763Z", "scope": "read write", "created": "2022-02-02T05:58:53.763Z", "updated": "2022-02-02T05:58:53.763Z"}}, {"model": "oauth2_provider.accesstoken", "pk": 89, "fields": {"user": 6, "source_refresh_token": null, "token": "00ydo0MNT2sJjm8yvUFeowR0FdMS4z", "id_token": null, "application": 3, "expires": "2022-02-02T16:06:20.946Z", "scope": "read write", "created": "2022-02-02T06:06:20.946Z", "updated": "2022-02-02T06:06:20.946Z"}}, {"model": "oauth2_provider.accesstoken", "pk": 90, "fields": {"user": 1, "source_refresh_token": null, "token": "9sUzopCaajnBohlgszTmQoNfC9P20M", "id_token": null, "application": 3, "expires": "2022-02-02T16:10:51.475Z", "scope": "read write", "created": "2022-02-02T06:10:51.475Z", "updated": "2022-02-02T06:10:51.475Z"}}, {"model": "oauth2_provider.accesstoken", "pk": 91, "fields": {"user": 6, "source_refresh_token": null, "token": "w1CWRvnEtvRjsfLMqyuPbBENvAZhWh", "id_token": null, "application": 3, "expires": "2022-02-02T16:11:49.600Z", "scope": "read write", "created": "2022-02-02T06:11:49.600Z", "updated": "2022-02-02T06:11:49.600Z"}}, {"model": "oauth2_provider.accesstoken", "pk": 92, "fields": {"user": 6, "source_refresh_token": null, "token": "VRmVssX7oDTRnVxvbNfm4eDrrNNPJY", "id_token": null, "application": 3, "expires": "2022-02-02T16:50:07.204Z", "scope": "read write", "created": "2022-02-02T06:50:07.204Z", "updated": "2022-02-02T06:50:07.204Z"}}, {"model": "oauth2_provider.accesstoken", "pk": 93, "fields": {"user": 6, "source_refresh_token": null, "token": "gckg1NvcMisBg52By2SFw9rsjHolMK", "id_token": null, "application": 3, "expires": "2022-02-02T16:59:37.364Z", "scope": "read write", "created": "2022-02-02T06:59:37.365Z", "updated": "2022-02-02T06:59:37.365Z"}}, {"model": "oauth2_provider.accesstoken", "pk": 94, "fields": {"user": 6, "source_refresh_token": null, "token": "OvNOF4hd69esXbBNDOBS523AwUxzCG", "id_token": null, "application": 3, "expires": "2022-02-02T17:03:22.742Z", "scope": "read write", "created": "2022-02-02T07:03:22.742Z", "updated": "2022-02-02T07:03:22.742Z"}}, {"model": "oauth2_provider.accesstoken", "pk": 95, "fields": {"user": 6, "source_refresh_token": null, "token": "QLa1zbZGoodXJmvdRah3IwFYoV3wOo", "id_token": null, "application": 3, "expires": "2022-02-02T17:05:11.904Z", "scope": "read write", "created": "2022-02-02T07:05:11.904Z", "updated": "2022-02-02T07:05:11.904Z"}}, {"model": "oauth2_provider.accesstoken", "pk": 96, "fields": {"user": 6, "source_refresh_token": null, "token": "i6eXJBPsbUyuCP4iL9EG3liyTOF0kA", "id_token": null, "application": 3, "expires": "2022-02-02T17:16:21.832Z", "scope": "read write", "created": "2022-02-02T07:16:21.832Z", "updated": "2022-02-02T07:16:21.832Z"}}, {"model": "oauth2_provider.accesstoken", "pk": 97, "fields": {"user": 6, "source_refresh_token": null, "token": "YWBAKoVg3qn2VBob56jx1D3UvAJRDF", "id_token": null, "application": 3, "expires": "2022-02-02T18:14:06.355Z", "scope": "read write", "created": "2022-02-02T08:14:06.355Z", "updated": "2022-02-02T08:14:06.355Z"}}, {"model": "oauth2_provider.accesstoken", "pk": 98, "fields": {"user": 6, "source_refresh_token": null, "token": "s4HgUkxkMNx73a8xipm24QOShAHsZW", "id_token": null, "application": 3, "expires": "2022-02-02T18:24:49.349Z", "scope": "read write", "created": "2022-02-02T08:24:49.349Z", "updated": "2022-02-02T08:24:49.349Z"}}, {"model": "oauth2_provider.accesstoken", "pk": 99, "fields": {"user": 6, "source_refresh_token": null, "token": "8m6nMZuHWqhIAJMO27htRV37oMAEQH", "id_token": null, "application": 3, "expires": "2022-02-02T18:49:42.895Z", "scope": "read write", "created": "2022-02-02T08:49:42.896Z", "updated": "2022-02-02T08:49:42.896Z"}}, {"model": "oauth2_provider.accesstoken", "pk": 100, "fields": {"user": 6, "source_refresh_token": null, "token": "9iuzXVzdTy3IG5ZBCcpBlSQD5NgJxj", "id_token": null, "application": 3, "expires": "2022-02-02T19:22:54.987Z", "scope": "read write", "created": "2022-02-02T09:22:54.987Z", "updated": "2022-02-02T09:22:54.987Z"}}, {"model": "oauth2_provider.accesstoken", "pk": 101, "fields": {"user": 1, "source_refresh_token": null, "token": "O43qGsrsfaN8dc6SjImOYvKzCMryqW", "id_token": null, "application": 3, "expires": "2022-02-02T21:18:51.923Z", "scope": "read write", "created": "2022-02-02T11:18:51.923Z", "updated": "2022-02-02T11:18:51.923Z"}}, {"model": "oauth2_provider.accesstoken", "pk": 102, "fields": {"user": 2, "source_refresh_token": null, "token": "SUVwkeZwL87QGWyOwQD1rFM8Yg9sBT", "id_token": null, "application": 3, "expires": "2022-02-02T21:18:53.587Z", "scope": "read write", "created": "2022-02-02T11:18:53.587Z", "updated": "2022-02-02T11:18:53.587Z"}}, {"model": "oauth2_provider.accesstoken", "pk": 103, "fields": {"user": 2, "source_refresh_token": null, "token": "pP7APLzjwl03LoWnEcE2YWU7un8fpU", "id_token": null, "application": 3, "expires": "2022-02-02T21:21:09.049Z", "scope": "read write", "created": "2022-02-02T11:21:09.049Z", "updated": "2022-02-02T11:21:09.049Z"}}, {"model": "oauth2_provider.accesstoken", "pk": 104, "fields": {"user": 1, "source_refresh_token": null, "token": "FRQQ0ZvsLTpuTIcGxsfjHmqxDephcf", "id_token": null, "application": 3, "expires": "2022-02-02T21:21:09.894Z", "scope": "read write", "created": "2022-02-02T11:21:09.895Z", "updated": "2022-02-02T11:21:09.895Z"}}, {"model": "oauth2_provider.accesstoken", "pk": 105, "fields": {"user": 1, "source_refresh_token": null, "token": "yLBRs6g6Y7DY0duSgS2zs0q9uUhIdD", "id_token": null, "application": 3, "expires": "2022-02-02T21:22:24.467Z", "scope": "read write", "created": "2022-02-02T11:22:24.468Z", "updated": "2022-02-02T11:22:24.468Z"}}, {"model": "oauth2_provider.accesstoken", "pk": 106, "fields": {"user": 2, "source_refresh_token": null, "token": "Qc5cIZ7ESGfDTea4jV5Q8CvRTTGKXy", "id_token": null, "application": 3, "expires": "2022-02-02T21:22:25.508Z", "scope": "read write", "created": "2022-02-02T11:22:25.509Z", "updated": "2022-02-02T11:22:25.509Z"}}, {"model": "oauth2_provider.accesstoken", "pk": 107, "fields": {"user": 2, "source_refresh_token": null, "token": "B70vTNE5DCs9wIoNsCJHhjBUbN33mp", "id_token": null, "application": 3, "expires": "2022-02-02T21:22:50.083Z", "scope": "read write", "created": "2022-02-02T11:22:50.083Z", "updated": "2022-02-02T11:22:50.083Z"}}, {"model": "oauth2_provider.accesstoken", "pk": 108, "fields": {"user": 1, "source_refresh_token": null, "token": "pFMoxjaKkrtPRZzDhGNE2gvXtZN4eU", "id_token": null, "application": 3, "expires": "2022-02-02T21:35:38.378Z", "scope": "read write", "created": "2022-02-02T11:35:38.378Z", "updated": "2022-02-02T11:35:38.378Z"}}, {"model": "oauth2_provider.accesstoken", "pk": 109, "fields": {"user": 2, "source_refresh_token": null, "token": "7Oh6CvRa2xRiqZm5GDlBwdJGNAb1wQ", "id_token": null, "application": 3, "expires": "2022-02-02T21:36:02.686Z", "scope": "read write", "created": "2022-02-02T11:36:02.687Z", "updated": "2022-02-02T11:36:02.687Z"}}, {"model": "oauth2_provider.accesstoken", "pk": 110, "fields": {"user": 1, "source_refresh_token": null, "token": "6BOgvtOUKW04QejzJC1kHSRW83D3fv", "id_token": null, "application": 3, "expires": "2022-02-02T21:54:47.454Z", "scope": "read write", "created": "2022-02-02T11:54:47.454Z", "updated": "2022-02-02T11:54:47.454Z"}}, {"model": "oauth2_provider.accesstoken", "pk": 111, "fields": {"user": 6, "source_refresh_token": null, "token": "aKaMKSy9G0SHE0O7PgTc3vAXrdIJm8", "id_token": null, "application": 3, "expires": "2022-02-02T22:41:29.274Z", "scope": "read write", "created": "2022-02-02T12:41:29.275Z", "updated": "2022-02-02T12:41:29.275Z"}}, {"model": "oauth2_provider.accesstoken", "pk": 112, "fields": {"user": 6, "source_refresh_token": null, "token": "HsYJcwqN5x0oYpn6E33aGf5HiZ653l", "id_token": null, "application": 3, "expires": "2022-02-02T22:45:11.314Z", "scope": "read write", "created": "2022-02-02T12:45:11.314Z", "updated": "2022-02-02T12:45:11.314Z"}}, {"model": "oauth2_provider.accesstoken", "pk": 113, "fields": {"user": 5, "source_refresh_token": null, "token": "FN402KlZBoUuPWSx1xRBBUz1cuQDlL", "id_token": null, "application": 3, "expires": "2022-02-02T22:50:05.396Z", "scope": "read write", "created": "2022-02-02T12:50:05.397Z", "updated": "2022-02-02T12:50:05.397Z"}}, {"model": "oauth2_provider.accesstoken", "pk": 114, "fields": {"user": 6, "source_refresh_token": null, "token": "azPL1m9xCDZkU4snmPqLIKy8xCmlDD", "id_token": null, "application": 3, "expires": "2022-02-02T22:51:07.880Z", "scope": "read write", "created": "2022-02-02T12:51:07.880Z", "updated": "2022-02-02T12:51:07.880Z"}}, {"model": "oauth2_provider.accesstoken", "pk": 115, "fields": {"user": 5, "source_refresh_token": null, "token": "jcxlvA4stlhPZXDIhMDEYkh5TKYhcb", "id_token": null, "application": 3, "expires": "2022-02-02T22:52:50.817Z", "scope": "read write", "created": "2022-02-02T12:52:50.817Z", "updated": "2022-02-02T12:52:50.817Z"}}, {"model": "oauth2_provider.accesstoken", "pk": 116, "fields": {"user": 6, "source_refresh_token": null, "token": "4vCGo7OYDLN8Eg4g23ummt66dHLLhO", "id_token": null, "application": 3, "expires": "2022-02-02T22:54:59.498Z", "scope": "read write", "created": "2022-02-02T12:54:59.498Z", "updated": "2022-02-02T12:54:59.498Z"}}, {"model": "oauth2_provider.accesstoken", "pk": 117, "fields": {"user": 2, "source_refresh_token": null, "token": "Aa8s8CAmdUUi1ZTZmX6kxkM0DadXNP", "id_token": null, "application": 3, "expires": "2022-02-03T01:00:25.773Z", "scope": "read write", "created": "2022-02-02T15:00:25.773Z", "updated": "2022-02-02T15:00:25.773Z"}}, {"model": "oauth2_provider.accesstoken", "pk": 118, "fields": {"user": 6, "source_refresh_token": null, "token": "IWkwBFT0BvKBYbLzQ8raO5kVGn2kql", "id_token": null, "application": 3, "expires": "2022-02-03T13:28:51.153Z", "scope": "read write", "created": "2022-02-03T03:28:51.154Z", "updated": "2022-02-03T03:28:51.154Z"}}, {"model": "oauth2_provider.accesstoken", "pk": 119, "fields": {"user": 8, "source_refresh_token": null, "token": "qCfcYUmQbF7uYhd11o8ie7DFkyAut1", "id_token": null, "application": 3, "expires": "2022-02-03T14:33:28.806Z", "scope": "read write", "created": "2022-02-03T04:33:28.807Z", "updated": "2022-02-03T04:33:28.807Z"}}, {"model": "oauth2_provider.accesstoken", "pk": 120, "fields": {"user": 5, "source_refresh_token": null, "token": "uHvPOSSJPUJyWz6aa2qli2BrvSGvrR", "id_token": null, "application": 3, "expires": "2022-02-03T14:34:48.400Z", "scope": "read write", "created": "2022-02-03T04:34:48.400Z", "updated": "2022-02-03T04:34:48.400Z"}}, {"model": "oauth2_provider.accesstoken", "pk": 121, "fields": {"user": 5, "source_refresh_token": null, "token": "GWWGg3obOFJWR18NriTKtTSRkkHM2W", "id_token": null, "application": 3, "expires": "2022-02-03T14:45:06.933Z", "scope": "read write", "created": "2022-02-03T04:45:06.933Z", "updated": "2022-02-03T04:45:06.933Z"}}, {"model": "oauth2_provider.accesstoken", "pk": 122, "fields": {"user": 8, "source_refresh_token": null, "token": "psf3r8Jw0IfkMmtxpFdWHalOHMUIQn", "id_token": null, "application": 3, "expires": "2022-02-03T14:46:07.735Z", "scope": "read write", "created": "2022-02-03T04:46:07.736Z", "updated": "2022-02-03T04:46:07.736Z"}}, {"model": "oauth2_provider.accesstoken", "pk": 123, "fields": {"user": 6, "source_refresh_token": null, "token": "64dRwyBzmvDEAyxqZEGAvBrdt6sXgp", "id_token": null, "application": 3, "expires": "2022-02-03T16:50:17.077Z", "scope": "read write", "created": "2022-02-03T06:50:17.077Z", "updated": "2022-02-03T06:50:17.077Z"}}, {"model": "oauth2_provider.accesstoken", "pk": 124, "fields": {"user": 6, "source_refresh_token": null, "token": "KKHMiEJfbB3G1hn4IDx3bOwuqbXk7t", "id_token": null, "application": 3, "expires": "2022-02-03T19:36:32.192Z", "scope": "read write", "created": "2022-02-03T09:36:32.193Z", "updated": "2022-02-03T09:36:32.193Z"}}, {"model": "oauth2_provider.accesstoken", "pk": 125, "fields": {"user": 3, "source_refresh_token": null, "token": "lf4YI2ajnL8ah8prYZD0yLq6Ho6BTF", "id_token": null, "application": 3, "expires": "2022-02-03T20:48:30.547Z", "scope": "read write", "created": "2022-02-03T10:48:30.547Z", "updated": "2022-02-03T10:48:30.547Z"}}, {"model": "oauth2_provider.accesstoken", "pk": 126, "fields": {"user": 2, "source_refresh_token": null, "token": "cXvS1LTLur8j1J2Ea5xQvJmcaOdr7W", "id_token": null, "application": 3, "expires": "2022-02-04T05:18:22.269Z", "scope": "read write", "created": "2022-02-03T19:18:22.269Z", "updated": "2022-02-03T19:18:22.269Z"}}, {"model": "oauth2_provider.accesstoken", "pk": 127, "fields": {"user": 1, "source_refresh_token": null, "token": "UYStNXRs48oi6FXuVr7kvKl2SyWldl", "id_token": null, "application": 3, "expires": "2022-02-04T05:18:23.475Z", "scope": "read write", "created": "2022-02-03T19:18:23.476Z", "updated": "2022-02-03T19:18:23.476Z"}}, {"model": "oauth2_provider.accesstoken", "pk": 128, "fields": {"user": 1, "source_refresh_token": null, "token": "v9rt1UztTOT9LQ1HCBybJiPxJjBX3F", "id_token": null, "application": 3, "expires": "2022-02-04T06:09:53.033Z", "scope": "read write", "created": "2022-02-03T20:09:53.033Z", "updated": "2022-02-03T20:09:53.033Z"}}, {"model": "oauth2_provider.accesstoken", "pk": 129, "fields": {"user": 2, "source_refresh_token": null, "token": "EmF32TFtml4FhZOtFrFj9nJtK7d14n", "id_token": null, "application": 3, "expires": "2022-02-04T06:09:54.610Z", "scope": "read write", "created": "2022-02-03T20:09:54.620Z", "updated": "2022-02-03T20:09:54.620Z"}}, {"model": "oauth2_provider.accesstoken", "pk": 130, "fields": {"user": 2, "source_refresh_token": null, "token": "dipVvapOxrEsdaLoApj1fjBKcd784X", "id_token": null, "application": 3, "expires": "2022-02-04T06:10:17.142Z", "scope": "read write", "created": "2022-02-03T20:10:17.143Z", "updated": "2022-02-03T20:10:17.143Z"}}, {"model": "oauth2_provider.accesstoken", "pk": 131, "fields": {"user": 1, "source_refresh_token": null, "token": "nBkVK4TaKt3KrLhRk960qha7X1KtAJ", "id_token": null, "application": 3, "expires": "2022-02-04T06:10:49.189Z", "scope": "read write", "created": "2022-02-03T20:10:49.189Z", "updated": "2022-02-03T20:10:49.189Z"}}, {"model": "oauth2_provider.accesstoken", "pk": 132, "fields": {"user": 1, "source_refresh_token": null, "token": "Bhdpy6iwEs2XlfG7NmHpZNa2Z6QJnB", "id_token": null, "application": 3, "expires": "2022-02-04T06:10:57.133Z", "scope": "read write", "created": "2022-02-03T20:10:57.133Z", "updated": "2022-02-03T20:10:57.133Z"}}, {"model": "oauth2_provider.accesstoken", "pk": 133, "fields": {"user": 2, "source_refresh_token": null, "token": "kclWZFRfb4pjZxDLTBNabgG56KelPf", "id_token": null, "application": 3, "expires": "2022-02-04T06:11:18.251Z", "scope": "read write", "created": "2022-02-03T20:11:18.251Z", "updated": "2022-02-03T20:11:18.251Z"}}, {"model": "oauth2_provider.accesstoken", "pk": 134, "fields": {"user": 1, "source_refresh_token": null, "token": "botIL9yZUBjFNGNEqFBjwBC8l6H4lC", "id_token": null, "application": 3, "expires": "2022-02-04T06:11:43.845Z", "scope": "read write", "created": "2022-02-03T20:11:43.845Z", "updated": "2022-02-03T20:11:43.845Z"}}, {"model": "oauth2_provider.accesstoken", "pk": 135, "fields": {"user": 2, "source_refresh_token": null, "token": "iVWH9UPI62I9c4Km56biyfV04Pxkts", "id_token": null, "application": 3, "expires": "2022-02-04T06:11:45.011Z", "scope": "read write", "created": "2022-02-03T20:11:45.012Z", "updated": "2022-02-03T20:11:45.012Z"}}, {"model": "oauth2_provider.accesstoken", "pk": 136, "fields": {"user": 1, "source_refresh_token": null, "token": "8nDmsaPeHKj9tYkuaBoAJL4K3uSYUM", "id_token": null, "application": 3, "expires": "2022-02-04T15:36:00.319Z", "scope": "read write", "created": "2022-02-04T05:36:00.323Z", "updated": "2022-02-04T05:36:00.323Z"}}, {"model": "oauth2_provider.accesstoken", "pk": 137, "fields": {"user": 2, "source_refresh_token": null, "token": "4EYlZ10v2JSDnz3Lm0lWiKQ68OouK7", "id_token": null, "application": 3, "expires": "2022-02-04T15:36:01.324Z", "scope": "read write", "created": "2022-02-04T05:36:01.324Z", "updated": "2022-02-04T05:36:01.325Z"}}, {"model": "oauth2_provider.accesstoken", "pk": 138, "fields": {"user": 1, "source_refresh_token": null, "token": "1DtU9HSus1bM038XMP8m7x57rANmGd", "id_token": null, "application": 3, "expires": "2022-02-04T15:36:16.012Z", "scope": "read write", "created": "2022-02-04T05:36:16.012Z", "updated": "2022-02-04T05:36:16.012Z"}}, {"model": "oauth2_provider.accesstoken", "pk": 139, "fields": {"user": 2, "source_refresh_token": null, "token": "t6ggQMeUrrgX3QutLlo5Hk7ewkFiOZ", "id_token": null, "application": 3, "expires": "2022-02-04T15:36:16.834Z", "scope": "read write", "created": "2022-02-04T05:36:16.834Z", "updated": "2022-02-04T05:36:16.834Z"}}, {"model": "oauth2_provider.accesstoken", "pk": 140, "fields": {"user": 5, "source_refresh_token": null, "token": "eFoaCTF2RyTHBRowyaExFZ01pRUFDy", "id_token": null, "application": 3, "expires": "2022-02-04T18:03:52.822Z", "scope": "read write", "created": "2022-02-04T08:03:52.822Z", "updated": "2022-02-04T08:03:52.822Z"}}, {"model": "oauth2_provider.accesstoken", "pk": 141, "fields": {"user": 6, "source_refresh_token": null, "token": "ESVoxLlk0uvuKMf6tswV8ywLnyQYuq", "id_token": null, "application": 3, "expires": "2022-02-04T19:24:17.117Z", "scope": "read write", "created": "2022-02-04T09:24:17.118Z", "updated": "2022-02-04T09:24:17.118Z"}}, {"model": "oauth2_provider.accesstoken", "pk": 142, "fields": {"user": 6, "source_refresh_token": null, "token": "PmWtxVg4zmJqpF4Ek2liLQcPtjFnrW", "id_token": null, "application": 3, "expires": "2022-02-04T19:40:47.946Z", "scope": "read write", "created": "2022-02-04T09:40:47.946Z", "updated": "2022-02-04T09:40:47.946Z"}}, {"model": "oauth2_provider.accesstoken", "pk": 143, "fields": {"user": 2, "source_refresh_token": null, "token": "ZKI7kNJXVXd2RZfbeRw3ajMvev8uQK", "id_token": null, "application": 3, "expires": "2022-02-04T22:24:02.252Z", "scope": "read write", "created": "2022-02-04T12:24:02.252Z", "updated": "2022-02-04T12:24:02.252Z"}}, {"model": "oauth2_provider.accesstoken", "pk": 144, "fields": {"user": 2, "source_refresh_token": null, "token": "dmiwAmhtihUH491IKVPyS5wZ8a8oHH", "id_token": null, "application": 3, "expires": "2022-02-04T22:24:09.517Z", "scope": "read write", "created": "2022-02-04T12:24:09.518Z", "updated": "2022-02-04T12:24:09.518Z"}}, {"model": "oauth2_provider.accesstoken", "pk": 145, "fields": {"user": 1, "source_refresh_token": null, "token": "svsW0SvXGtCRCNST9qhWd4jO6wu5PK", "id_token": null, "application": 3, "expires": "2022-02-04T22:24:37.361Z", "scope": "read write", "created": "2022-02-04T12:24:37.361Z", "updated": "2022-02-04T12:24:37.361Z"}}, {"model": "oauth2_provider.accesstoken", "pk": 146, "fields": {"user": 2, "source_refresh_token": null, "token": "QpChbw51pSSIp8mYeruREdDyDP1gB4", "id_token": null, "application": 3, "expires": "2022-02-04T22:24:48.840Z", "scope": "read write", "created": "2022-02-04T12:24:48.840Z", "updated": "2022-02-04T12:24:48.840Z"}}, {"model": "oauth2_provider.accesstoken", "pk": 147, "fields": {"user": 2, "source_refresh_token": null, "token": "1HY1H4QWtPHAvQKJq5FnCRJJ0vC3nI", "id_token": null, "application": 3, "expires": "2022-02-04T22:24:55.776Z", "scope": "read write", "created": "2022-02-04T12:24:55.777Z", "updated": "2022-02-04T12:24:55.777Z"}}, {"model": "oauth2_provider.accesstoken", "pk": 148, "fields": {"user": 6, "source_refresh_token": null, "token": "qO5Q2Enyr9u6DUcCbGmtI6r2a7k8DC", "id_token": null, "application": 3, "expires": "2022-02-05T13:43:01.441Z", "scope": "read write", "created": "2022-02-05T03:43:01.441Z", "updated": "2022-02-05T03:43:01.441Z"}}, {"model": "oauth2_provider.accesstoken", "pk": 149, "fields": {"user": 1, "source_refresh_token": null, "token": "HjK5xy6KSxEgtAMaE4BqV4nkm6wEKj", "id_token": null, "application": 3, "expires": "2022-02-06T03:31:35.824Z", "scope": "read write", "created": "2022-02-05T17:31:35.825Z", "updated": "2022-02-05T17:31:35.825Z"}}, {"model": "oauth2_provider.accesstoken", "pk": 150, "fields": {"user": 1, "source_refresh_token": null, "token": "vusimfzAxF6onIvSTzFTFAGxebHr47", "id_token": null, "application": 3, "expires": "2022-02-06T03:32:03.676Z", "scope": "read write", "created": "2022-02-05T17:32:03.676Z", "updated": "2022-02-05T17:32:03.676Z"}}, {"model": "oauth2_provider.accesstoken", "pk": 151, "fields": {"user": 2, "source_refresh_token": null, "token": "UEnWoQoD5oXTXsfkW2NVMpIJtifG03", "id_token": null, "application": 3, "expires": "2022-02-06T03:33:55.392Z", "scope": "read write", "created": "2022-02-05T17:33:55.392Z", "updated": "2022-02-05T17:33:55.392Z"}}, {"model": "oauth2_provider.accesstoken", "pk": 152, "fields": {"user": 2, "source_refresh_token": null, "token": "fVY4QesifhQgrh3deHmN46zqiB1G0C", "id_token": null, "application": 3, "expires": "2022-02-06T03:34:21.333Z", "scope": "read write", "created": "2022-02-05T17:34:21.333Z", "updated": "2022-02-05T17:34:21.333Z"}}, {"model": "oauth2_provider.accesstoken", "pk": 153, "fields": {"user": 1, "source_refresh_token": null, "token": "VPcL82VI6VHoufnwjw7q9iRKZXX3yf", "id_token": null, "application": 3, "expires": "2022-02-06T03:37:03.208Z", "scope": "read write", "created": "2022-02-05T17:37:03.208Z", "updated": "2022-02-05T17:37:03.208Z"}}, {"model": "oauth2_provider.accesstoken", "pk": 154, "fields": {"user": 1, "source_refresh_token": null, "token": "SEE8ei28GF36nxsZhrp6vPev4c08PN", "id_token": null, "application": 3, "expires": "2022-02-06T03:38:06.247Z", "scope": "read write", "created": "2022-02-05T17:38:06.247Z", "updated": "2022-02-05T17:38:06.247Z"}}, {"model": "oauth2_provider.accesstoken", "pk": 155, "fields": {"user": 2, "source_refresh_token": null, "token": "BSBLEhSFubQzNvvvQm3ps1wyDwEi0R", "id_token": null, "application": 3, "expires": "2022-02-06T03:38:06.988Z", "scope": "read write", "created": "2022-02-05T17:38:06.988Z", "updated": "2022-02-05T17:38:06.988Z"}}, {"model": "oauth2_provider.accesstoken", "pk": 156, "fields": {"user": 1, "source_refresh_token": null, "token": "gov9GVcmaDgLhlXw5DIDA8h7HUs0xD", "id_token": null, "application": 3, "expires": "2022-02-06T22:29:14.390Z", "scope": "read write", "created": "2022-02-06T12:29:14.391Z", "updated": "2022-02-06T12:29:14.391Z"}}, {"model": "oauth2_provider.accesstoken", "pk": 157, "fields": {"user": 2, "source_refresh_token": null, "token": "GzZo1LQ0isGk2bKgD2z8DfhQekHsjK", "id_token": null, "application": 3, "expires": "2022-02-06T22:29:17.305Z", "scope": "read write", "created": "2022-02-06T12:29:17.305Z", "updated": "2022-02-06T12:29:17.305Z"}}, {"model": "oauth2_provider.accesstoken", "pk": 158, "fields": {"user": 2, "source_refresh_token": null, "token": "4RE7MLeGNY1yT6vXoTkHRHgAmqKRl9", "id_token": null, "application": 3, "expires": "2022-02-06T22:29:36.259Z", "scope": "read write", "created": "2022-02-06T12:29:36.260Z", "updated": "2022-02-06T12:29:36.260Z"}}, {"model": "oauth2_provider.accesstoken", "pk": 159, "fields": {"user": 1, "source_refresh_token": null, "token": "YMnRWUyQM3qJQqvb1PlJKBEi6KHp1a", "id_token": null, "application": 3, "expires": "2022-02-06T22:29:56.333Z", "scope": "read write", "created": "2022-02-06T12:29:56.334Z", "updated": "2022-02-06T12:29:56.334Z"}}, {"model": "oauth2_provider.accesstoken", "pk": 160, "fields": {"user": 2, "source_refresh_token": null, "token": "ubSg37jsVRBOhnfvRagdJz7BgClohQ", "id_token": null, "application": 3, "expires": "2022-02-06T22:29:57.925Z", "scope": "read write", "created": "2022-02-06T12:29:57.925Z", "updated": "2022-02-06T12:29:57.925Z"}}, {"model": "oauth2_provider.refreshtoken", "pk": 1, "fields": {"user": 1, "token": "c0xMT2xHcIiqqtm2YvmH1KhqCkkz2a", "application": 1, "access_token": 1, "created": "2021-12-31T07:53:08.557Z", "updated": "2021-12-31T07:53:08.557Z", "revoked": null}}, {"model": "oauth2_provider.refreshtoken", "pk": 2, "fields": {"user": 1, "token": "fq7Rw2jt3f4fn59d0Q5dfhxzbvDVY4", "application": 1, "access_token": 2, "created": "2021-12-31T08:05:36.276Z", "updated": "2021-12-31T08:05:36.276Z", "revoked": null}}, {"model": "oauth2_provider.refreshtoken", "pk": 3, "fields": {"user": 3, "token": "Lzw7KFpiCPiG0NVqxBZxamtqwq95GJ", "application": 1, "access_token": 3, "created": "2021-12-31T08:06:22.109Z", "updated": "2021-12-31T08:06:22.109Z", "revoked": null}}, {"model": "oauth2_provider.refreshtoken", "pk": 4, "fields": {"user": 1, "token": "VdsLggrM3bKCFMLzo0ynb1mxdwlxmU", "application": 1, "access_token": 4, "created": "2021-12-31T08:30:46.707Z", "updated": "2021-12-31T08:30:46.707Z", "revoked": null}}, {"model": "oauth2_provider.refreshtoken", "pk": 5, "fields": {"user": 3, "token": "t6V6STyOnIH8cSmAhqO95NRwY9NoTs", "application": 1, "access_token": 5, "created": "2021-12-31T08:32:12.252Z", "updated": "2021-12-31T08:32:12.252Z", "revoked": null}}, {"model": "oauth2_provider.refreshtoken", "pk": 6, "fields": {"user": 3, "token": "snzXxoswfuwNZAwysOOhQGlWJZrAEj", "application": 1, "access_token": 6, "created": "2021-12-31T08:40:19.090Z", "updated": "2021-12-31T08:40:19.090Z", "revoked": null}}, {"model": "oauth2_provider.refreshtoken", "pk": 7, "fields": {"user": 3, "token": "OR6uNEQhDkSuNWUUYc6QigePZ62Zqs", "application": 1, "access_token": 7, "created": "2021-12-31T08:40:44.564Z", "updated": "2021-12-31T08:40:44.564Z", "revoked": null}}, {"model": "oauth2_provider.refreshtoken", "pk": 8, "fields": {"user": 3, "token": "YT4rRepOLw2kFWnTfOVN1nzaH6cM9q", "application": 1, "access_token": 8, "created": "2021-12-31T08:42:38.600Z", "updated": "2021-12-31T08:42:38.600Z", "revoked": null}}, {"model": "oauth2_provider.refreshtoken", "pk": 9, "fields": {"user": 1, "token": "8nbZd5CWi1aSyC5twB9trXMdIKCDuH", "application": 1, "access_token": 9, "created": "2021-12-31T08:48:43.678Z", "updated": "2021-12-31T08:48:43.678Z", "revoked": null}}, {"model": "oauth2_provider.refreshtoken", "pk": 10, "fields": {"user": 1, "token": "Sx4BKiCKN6xix4AGpzgm9nz347eml9", "application": 1, "access_token": 10, "created": "2021-12-31T09:35:45.623Z", "updated": "2021-12-31T09:35:45.623Z", "revoked": null}}, {"model": "oauth2_provider.refreshtoken", "pk": 11, "fields": {"user": 3, "token": "yepnre5JErAigW0rSudtTLhIMjXUBF", "application": 1, "access_token": 11, "created": "2021-12-31T09:37:41.275Z", "updated": "2021-12-31T09:37:41.275Z", "revoked": null}}, {"model": "oauth2_provider.refreshtoken", "pk": 12, "fields": {"user": 1, "token": "haW6LkG2saOLmenrIHOX5T5904l65U", "application": 1, "access_token": 12, "created": "2021-12-31T09:38:15.419Z", "updated": "2021-12-31T09:38:15.419Z", "revoked": null}}, {"model": "oauth2_provider.refreshtoken", "pk": 13, "fields": {"user": 3, "token": "4Igt0d1Q8nlXyY5qjfMNaRgQdIbtTs", "application": 1, "access_token": 13, "created": "2021-12-31T09:42:53.934Z", "updated": "2021-12-31T09:42:53.934Z", "revoked": null}}, {"model": "oauth2_provider.refreshtoken", "pk": 14, "fields": {"user": 3, "token": "fhSZNYtXxz9rsbeFRClFZK2kcJ5qEL", "application": 1, "access_token": 14, "created": "2021-12-31T09:45:44.741Z", "updated": "2021-12-31T09:45:44.741Z", "revoked": null}}, {"model": "oauth2_provider.refreshtoken", "pk": 15, "fields": {"user": 3, "token": "BWgIKvwACmWCaN3FmN9OFeWMrjKpZ3", "application": 1, "access_token": 15, "created": "2021-12-31T09:53:31.718Z", "updated": "2021-12-31T09:53:31.718Z", "revoked": null}}, {"model": "oauth2_provider.refreshtoken", "pk": 16, "fields": {"user": 3, "token": "4qtg84FVGcJtINT5et21S7v1d9stwJ", "application": 1, "access_token": 16, "created": "2021-12-31T10:20:09.168Z", "updated": "2021-12-31T10:20:09.168Z", "revoked": null}}, {"model": "oauth2_provider.refreshtoken", "pk": 17, "fields": {"user": 3, "token": "sLYChBWVMvShNeNDSMMxqlJzvGKilL", "application": 1, "access_token": 17, "created": "2021-12-31T10:24:37.596Z", "updated": "2021-12-31T10:24:37.596Z", "revoked": null}}, {"model": "oauth2_provider.refreshtoken", "pk": 18, "fields": {"user": 3, "token": "WMsf5aBATi91wEHgIWBfV0p5HLoLSs", "application": 2, "access_token": 18, "created": "2021-12-31T10:28:07.113Z", "updated": "2021-12-31T10:28:07.113Z", "revoked": null}}, {"model": "oauth2_provider.refreshtoken", "pk": 19, "fields": {"user": 3, "token": "PqAZJwxcZixFOt30jcBAbBlVCgZhWK", "application": 2, "access_token": 19, "created": "2021-12-31T10:52:12.887Z", "updated": "2021-12-31T10:52:12.887Z", "revoked": null}}, {"model": "oauth2_provider.refreshtoken", "pk": 20, "fields": {"user": 1, "token": "bWyJUEfGzcOLoTu5gCWbRFOddl4Sz8", "application": 2, "access_token": 20, "created": "2021-12-31T10:53:15.757Z", "updated": "2021-12-31T10:53:15.757Z", "revoked": null}}, {"model": "oauth2_provider.refreshtoken", "pk": 21, "fields": {"user": 1, "token": "rL7yKvVr9u9GkZz11CCjn3ednPrAHx", "application": 2, "access_token": 21, "created": "2021-12-31T11:01:39.670Z", "updated": "2021-12-31T11:01:39.670Z", "revoked": null}}, {"model": "oauth2_provider.refreshtoken", "pk": 22, "fields": {"user": 3, "token": "KXV7U6DdG0aU26o8Tdml1hkU29gyvT", "application": 2, "access_token": 22, "created": "2022-01-03T04:51:54.788Z", "updated": "2022-01-03T04:51:54.788Z", "revoked": null}}, {"model": "oauth2_provider.refreshtoken", "pk": 23, "fields": {"user": 1, "token": "ZqmE784SGrvydWgodcwUbP9BrauQMg", "application": 2, "access_token": 23, "created": "2022-01-03T05:51:52.983Z", "updated": "2022-01-03T05:51:52.983Z", "revoked": null}}, {"model": "oauth2_provider.refreshtoken", "pk": 24, "fields": {"user": 3, "token": "zdze2FUsN6GwKSb8QTAJLfMgplFHj3", "application": 2, "access_token": 24, "created": "2022-01-03T05:52:47.603Z", "updated": "2022-01-03T05:52:47.603Z", "revoked": null}}, {"model": "oauth2_provider.refreshtoken", "pk": 25, "fields": {"user": 1, "token": "W2oHUGtF3VUfuGnZ6WGDEy9fFIByDr", "application": 2, "access_token": 25, "created": "2022-01-03T06:35:05.703Z", "updated": "2022-01-03T06:35:05.703Z", "revoked": null}}, {"model": "oauth2_provider.refreshtoken", "pk": 26, "fields": {"user": 1, "token": "HtoAEHSAcyBmE4XQZyyYrp6vRkn9Lb", "application": 1, "access_token": 26, "created": "2022-01-03T07:01:57.226Z", "updated": "2022-01-03T07:01:57.226Z", "revoked": null}}, {"model": "oauth2_provider.refreshtoken", "pk": 27, "fields": {"user": 1, "token": "4pTgUqwwFk45LbtTzCeKIEwYdQ0adS", "application": 1, "access_token": 27, "created": "2022-01-03T12:54:25.029Z", "updated": "2022-01-03T12:54:25.029Z", "revoked": null}}, {"model": "oauth2_provider.refreshtoken", "pk": 28, "fields": {"user": 1, "token": "up5gXiWpPk1xvMXNmjoG3imjYRWxpu", "application": 1, "access_token": 28, "created": "2022-01-03T13:17:48.703Z", "updated": "2022-01-03T13:17:48.703Z", "revoked": null}}, {"model": "oauth2_provider.refreshtoken", "pk": 29, "fields": {"user": 1, "token": "KPi8k7sVD7XCaTILQcZkX51UpVWNiA", "application": 1, "access_token": 29, "created": "2022-01-03T13:25:29.369Z", "updated": "2022-01-03T13:25:29.369Z", "revoked": null}}, {"model": "oauth2_provider.refreshtoken", "pk": 30, "fields": {"user": 3, "token": "7E5OKoWG5wJjRV7RaX8R4JHdwcz1Tt", "application": 1, "access_token": 30, "created": "2022-01-03T13:49:02.480Z", "updated": "2022-01-03T13:49:02.480Z", "revoked": null}}, {"model": "oauth2_provider.refreshtoken", "pk": 31, "fields": {"user": 1, "token": "0UqzTozBoZVkYGYxECCHacnHPQUmZF", "application": 1, "access_token": 31, "created": "2022-01-03T13:50:59.751Z", "updated": "2022-01-03T13:50:59.751Z", "revoked": null}}, {"model": "oauth2_provider.refreshtoken", "pk": 32, "fields": {"user": 1, "token": "1ilRWclKH689EX3WzUQrsG7GDgExYQ", "application": 1, "access_token": 32, "created": "2022-01-03T13:54:01.148Z", "updated": "2022-01-03T13:54:01.148Z", "revoked": null}}, {"model": "oauth2_provider.refreshtoken", "pk": 33, "fields": {"user": 1, "token": "EmXkZslyASy73sEKC9hpONCmUacqOd", "application": 1, "access_token": 33, "created": "2022-01-03T14:23:10.523Z", "updated": "2022-01-03T14:23:10.523Z", "revoked": null}}, {"model": "oauth2_provider.refreshtoken", "pk": 34, "fields": {"user": 1, "token": "wmqkaBCUs0t5RyGn1iJDyIoAh7Gljk", "application": 1, "access_token": 34, "created": "2022-01-04T10:36:46.495Z", "updated": "2022-01-04T10:36:46.495Z", "revoked": null}}, {"model": "oauth2_provider.refreshtoken", "pk": 35, "fields": {"user": 1, "token": "3i0Rb0H4M6Dunzjqz508MT7s70OzBk", "application": 1, "access_token": 35, "created": "2022-01-06T04:36:11.075Z", "updated": "2022-01-06T04:36:11.075Z", "revoked": null}}, {"model": "oauth2_provider.refreshtoken", "pk": 36, "fields": {"user": 1, "token": "Jby1Qga2dFYrCczJCMfoTbJ8nuMi8T", "application": 1, "access_token": 36, "created": "2022-01-06T11:08:07.051Z", "updated": "2022-01-06T11:08:07.051Z", "revoked": null}}, {"model": "oauth2_provider.refreshtoken", "pk": 37, "fields": {"user": 4, "token": "ODgdBXHGYSFhPIPUp4M5GkezfaccgC", "application": 1, "access_token": 37, "created": "2022-01-06T11:22:20.090Z", "updated": "2022-01-06T11:22:20.090Z", "revoked": null}}, {"model": "oauth2_provider.refreshtoken", "pk": 38, "fields": {"user": 6, "token": "xK7VVicVZJOVFzDUGoCK1aN7xglJkN", "application": 1, "access_token": 38, "created": "2022-01-10T05:39:07.466Z", "updated": "2022-01-10T05:39:07.466Z", "revoked": null}}, {"model": "oauth2_provider.refreshtoken", "pk": 39, "fields": {"user": 1, "token": "NKPY2hTMRDeh7aNJiyKLhtIAFoTKOl", "application": 1, "access_token": 39, "created": "2022-01-16T04:50:06.493Z", "updated": "2022-01-16T04:50:06.493Z", "revoked": null}}, {"model": "oauth2_provider.refreshtoken", "pk": 40, "fields": {"user": 1, "token": "zlkkzT3oNUmZTJlruvIbQs3Nhj46Xb", "application": 1, "access_token": 40, "created": "2022-01-16T05:58:57.392Z", "updated": "2022-01-16T05:58:57.392Z", "revoked": null}}, {"model": "oauth2_provider.refreshtoken", "pk": 41, "fields": {"user": 3, "token": "IEAK88ydfruC908wN1bAPmSmQJdQoR", "application": 1, "access_token": 41, "created": "2022-01-16T06:03:26.947Z", "updated": "2022-01-16T06:03:26.947Z", "revoked": null}}, {"model": "oauth2_provider.refreshtoken", "pk": 42, "fields": {"user": 3, "token": "AqwwSUkPRbTZv0Oe0JdZokS0138yF8", "application": 3, "access_token": 42, "created": "2022-01-31T05:48:48.344Z", "updated": "2022-01-31T05:48:48.344Z", "revoked": null}}, {"model": "oauth2_provider.refreshtoken", "pk": 43, "fields": {"user": 1, "token": "o9Ruq0b2KcgQlHtXySZW35XsgnnWiX", "application": 3, "access_token": 43, "created": "2022-01-31T05:51:16.974Z", "updated": "2022-01-31T05:51:16.974Z", "revoked": null}}, {"model": "oauth2_provider.refreshtoken", "pk": 44, "fields": {"user": 5, "token": "pQxK1gr6IglW8UPQVf9eenM81ysK4X", "application": 3, "access_token": 44, "created": "2022-01-31T09:15:24.987Z", "updated": "2022-01-31T09:15:24.987Z", "revoked": null}}, {"model": "oauth2_provider.refreshtoken", "pk": 45, "fields": {"user": 1, "token": "gZ5w5vpxE6VTOtgTplVSc03H15VJJ8", "application": 3, "access_token": 45, "created": "2022-01-31T09:32:20.987Z", "updated": "2022-01-31T09:32:20.987Z", "revoked": null}}, {"model": "oauth2_provider.refreshtoken", "pk": 46, "fields": {"user": 2, "token": "AFJSGvoSvFidKP0m2SjmsXtKxfnmd1", "application": 3, "access_token": 46, "created": "2022-01-31T10:58:07.384Z", "updated": "2022-01-31T10:58:07.384Z", "revoked": null}}, {"model": "oauth2_provider.refreshtoken", "pk": 47, "fields": {"user": 1, "token": "UBJtJqK4tlWGFpydkoG5Lwa2WlspoV", "application": 3, "access_token": 47, "created": "2022-01-31T13:15:19.781Z", "updated": "2022-01-31T13:15:19.781Z", "revoked": null}}, {"model": "oauth2_provider.refreshtoken", "pk": 48, "fields": {"user": 3, "token": "iMfXyyxmAMl27xo3WIFNYjG3uMIYtl", "application": 3, "access_token": 48, "created": "2022-02-01T04:46:21.283Z", "updated": "2022-02-01T04:46:21.283Z", "revoked": null}}, {"model": "oauth2_provider.refreshtoken", "pk": 49, "fields": {"user": 3, "token": "ZmRX855z5SK5QH8rC4021CkjEEcjNb", "application": 3, "access_token": 49, "created": "2022-02-01T04:54:57.707Z", "updated": "2022-02-01T04:54:57.707Z", "revoked": null}}, {"model": "oauth2_provider.refreshtoken", "pk": 50, "fields": {"user": 3, "token": "E5tywXDj36m62qTNmprpmyvlMXuGu2", "application": 3, "access_token": 50, "created": "2022-02-01T04:55:20.964Z", "updated": "2022-02-01T04:55:20.964Z", "revoked": null}}, {"model": "oauth2_provider.refreshtoken", "pk": 51, "fields": {"user": 3, "token": "4VgrUzv5jbLicBOoE0Wcs6bqVKp0X2", "application": 3, "access_token": 51, "created": "2022-02-01T04:55:42.326Z", "updated": "2022-02-01T04:55:42.326Z", "revoked": null}}, {"model": "oauth2_provider.refreshtoken", "pk": 52, "fields": {"user": 3, "token": "aq1mjaMqKdnoCagpRTaazWszVujIsf", "application": 3, "access_token": 52, "created": "2022-02-01T05:13:15.031Z", "updated": "2022-02-01T05:13:15.031Z", "revoked": null}}, {"model": "oauth2_provider.refreshtoken", "pk": 53, "fields": {"user": 3, "token": "wtyb2qzfqryL4aHi917KTSsvGL4SFP", "application": 3, "access_token": 53, "created": "2022-02-01T05:23:25.851Z", "updated": "2022-02-01T05:23:25.851Z", "revoked": null}}, {"model": "oauth2_provider.refreshtoken", "pk": 54, "fields": {"user": 3, "token": "jpe0MJqKFSF0biS0SonVKy9bioKW4M", "application": 3, "access_token": 54, "created": "2022-02-01T05:26:25.669Z", "updated": "2022-02-01T05:26:25.669Z", "revoked": null}}, {"model": "oauth2_provider.refreshtoken", "pk": 55, "fields": {"user": 3, "token": "RStgWBMnpVkObMCdl9MsgEAUX7AN5y", "application": 3, "access_token": 55, "created": "2022-02-01T05:34:18.566Z", "updated": "2022-02-01T05:34:18.566Z", "revoked": null}}, {"model": "oauth2_provider.refreshtoken", "pk": 56, "fields": {"user": 1, "token": "l1XkefS05GcKleZrMHEF9hkAqY6dQF", "application": 3, "access_token": 56, "created": "2022-02-01T05:34:28.033Z", "updated": "2022-02-01T05:34:28.033Z", "revoked": null}}, {"model": "oauth2_provider.refreshtoken", "pk": 57, "fields": {"user": 1, "token": "eVHm3UKrYFmoY60ph8fJRnMPd78guQ", "application": 3, "access_token": 57, "created": "2022-02-01T05:34:54.024Z", "updated": "2022-02-01T05:34:54.024Z", "revoked": null}}, {"model": "oauth2_provider.refreshtoken", "pk": 58, "fields": {"user": 1, "token": "4FdUZQxJPcItlzWIieVeRSiJojOUt7", "application": 3, "access_token": 58, "created": "2022-02-01T05:35:01.686Z", "updated": "2022-02-01T05:35:01.686Z", "revoked": null}}, {"model": "oauth2_provider.refreshtoken", "pk": 59, "fields": {"user": 1, "token": "lzpZpsk4AJC3k7eSij4jBeb9CLxEt2", "application": 3, "access_token": 59, "created": "2022-02-01T05:35:24.088Z", "updated": "2022-02-01T05:35:24.088Z", "revoked": null}}, {"model": "oauth2_provider.refreshtoken", "pk": 60, "fields": {"user": 1, "token": "Zrq1Kk0UwDrweVcvu3zZf4lRCsVl1Q", "application": 3, "access_token": 60, "created": "2022-02-01T05:38:13.453Z", "updated": "2022-02-01T05:38:13.453Z", "revoked": null}}, {"model": "oauth2_provider.refreshtoken", "pk": 61, "fields": {"user": 1, "token": "5LkpYoQlGKvEvkP41UBhF6gcZL6NM7", "application": 3, "access_token": 61, "created": "2022-02-01T05:43:22.176Z", "updated": "2022-02-01T05:43:22.176Z", "revoked": null}}, {"model": "oauth2_provider.refreshtoken", "pk": 62, "fields": {"user": 1, "token": "UTaOqZ2dMKIMcOVKBNvpzagHzr5fpP", "application": 3, "access_token": 62, "created": "2022-02-01T05:43:41.772Z", "updated": "2022-02-01T05:43:41.772Z", "revoked": null}}, {"model": "oauth2_provider.refreshtoken", "pk": 63, "fields": {"user": 1, "token": "buPAcdITdtoVRDyJ8gcC1B3YX9OlRb", "application": 3, "access_token": 63, "created": "2022-02-01T05:44:10.974Z", "updated": "2022-02-01T05:44:10.974Z", "revoked": null}}, {"model": "oauth2_provider.refreshtoken", "pk": 64, "fields": {"user": 1, "token": "rFSW09aZcBLnmYwTDfg2b6RkuSZCkk", "application": 3, "access_token": 64, "created": "2022-02-01T05:44:50.794Z", "updated": "2022-02-01T05:44:50.794Z", "revoked": null}}, {"model": "oauth2_provider.refreshtoken", "pk": 65, "fields": {"user": 1, "token": "P896guRVO6rSfeNnbONtYUKjDTPejN", "application": 3, "access_token": 65, "created": "2022-02-01T05:45:20.840Z", "updated": "2022-02-01T05:45:20.840Z", "revoked": null}}, {"model": "oauth2_provider.refreshtoken", "pk": 66, "fields": {"user": 3, "token": "2h24DL3DMLR6AjcfxXb1VSO6xa54VF", "application": 3, "access_token": 66, "created": "2022-02-01T05:46:11.793Z", "updated": "2022-02-01T05:46:11.793Z", "revoked": null}}, {"model": "oauth2_provider.refreshtoken", "pk": 67, "fields": {"user": 1, "token": "UFJSZHsaADufyrDcSjo6hRLrv41c3y", "application": 3, "access_token": 67, "created": "2022-02-01T05:46:24.691Z", "updated": "2022-02-01T05:46:24.691Z", "revoked": null}}, {"model": "oauth2_provider.refreshtoken", "pk": 68, "fields": {"user": 1, "token": "pjDNT4guM7x0wvBfM5LpKhcd2EtZpy", "application": 3, "access_token": 68, "created": "2022-02-01T05:46:32.412Z", "updated": "2022-02-01T05:46:32.412Z", "revoked": null}}, {"model": "oauth2_provider.refreshtoken", "pk": 69, "fields": {"user": 3, "token": "9wDucMBCjjXrJZIKj7IuVnY2ZhxQvG", "application": 3, "access_token": 69, "created": "2022-02-01T05:46:39.957Z", "updated": "2022-02-01T05:46:39.957Z", "revoked": null}}, {"model": "oauth2_provider.refreshtoken", "pk": 70, "fields": {"user": 1, "token": "T4uBwtVCXuQNe2H0AVKhDpQWdtAWiO", "application": 3, "access_token": 70, "created": "2022-02-01T05:46:42.543Z", "updated": "2022-02-01T05:46:42.543Z", "revoked": null}}, {"model": "oauth2_provider.refreshtoken", "pk": 71, "fields": {"user": 1, "token": "omOMagN6mCbAuSLSP2oA5uqGs4Gehp", "application": 3, "access_token": 71, "created": "2022-02-01T05:47:05.881Z", "updated": "2022-02-01T05:47:05.881Z", "revoked": null}}, {"model": "oauth2_provider.refreshtoken", "pk": 72, "fields": {"user": 3, "token": "zqTORO4sSOGyh2HpXW72dYs4gITCRb", "application": 3, "access_token": 72, "created": "2022-02-01T05:47:07.814Z", "updated": "2022-02-01T05:47:07.814Z", "revoked": null}}, {"model": "oauth2_provider.refreshtoken", "pk": 73, "fields": {"user": 1, "token": "kfOlnNObnm54a2MoT7r3uBGf7Oz7Zb", "application": 3, "access_token": 73, "created": "2022-02-01T05:47:27.759Z", "updated": "2022-02-01T05:47:27.759Z", "revoked": null}}, {"model": "oauth2_provider.refreshtoken", "pk": 74, "fields": {"user": 6, "token": "DhK7R0xogHBOZ4vmqRFtWKr6AUz02K", "application": 3, "access_token": 74, "created": "2022-02-01T06:01:08.039Z", "updated": "2022-02-01T06:01:08.039Z", "revoked": null}}, {"model": "oauth2_provider.refreshtoken", "pk": 75, "fields": {"user": 5, "token": "ZR69l84AvFn43M7mY1wfXjyRNCxtM1", "application": 3, "access_token": 75, "created": "2022-02-01T06:25:31.617Z", "updated": "2022-02-01T06:25:31.618Z", "revoked": null}}, {"model": "oauth2_provider.refreshtoken", "pk": 76, "fields": {"user": 1, "token": "PGGicd5F7t5HoznaHGDe48Pvt8CaFD", "application": 3, "access_token": 76, "created": "2022-02-01T06:29:24.429Z", "updated": "2022-02-01T06:29:24.429Z", "revoked": null}}, {"model": "oauth2_provider.refreshtoken", "pk": 77, "fields": {"user": 5, "token": "ehe2XCAxwmvxRu32JaYcPaXnjtCuWL", "application": 3, "access_token": 77, "created": "2022-02-01T06:32:53.180Z", "updated": "2022-02-01T06:32:53.180Z", "revoked": null}}, {"model": "oauth2_provider.refreshtoken", "pk": 78, "fields": {"user": 1, "token": "4u2M8sqPAqnM9DvetI3fhXOFJmGNtt", "application": 3, "access_token": 78, "created": "2022-02-01T06:53:57.922Z", "updated": "2022-02-01T06:53:57.922Z", "revoked": null}}, {"model": "oauth2_provider.refreshtoken", "pk": 79, "fields": {"user": 5, "token": "eHlr09Nctctfv53Lg9a3Cgvpb2ncLF", "application": 3, "access_token": 79, "created": "2022-02-01T10:10:06.100Z", "updated": "2022-02-01T10:10:06.100Z", "revoked": null}}, {"model": "oauth2_provider.refreshtoken", "pk": 80, "fields": {"user": 6, "token": "SzjhqCdlROeAgS7GVZx9HyJfwTHAaV", "application": 3, "access_token": 80, "created": "2022-02-02T04:02:07.434Z", "updated": "2022-02-02T04:02:07.434Z", "revoked": null}}, {"model": "oauth2_provider.refreshtoken", "pk": 81, "fields": {"user": 6, "token": "ytGrm72zJwREFEd1eEMhXPGFmGcnRq", "application": 3, "access_token": 81, "created": "2022-02-02T04:14:08.643Z", "updated": "2022-02-02T04:14:08.643Z", "revoked": null}}, {"model": "oauth2_provider.refreshtoken", "pk": 82, "fields": {"user": 6, "token": "24DHLj7pMKsqKaEjbaSBNbFvsxk1cU", "application": 3, "access_token": 82, "created": "2022-02-02T04:43:24.694Z", "updated": "2022-02-02T04:43:24.694Z", "revoked": null}}, {"model": "oauth2_provider.refreshtoken", "pk": 83, "fields": {"user": 6, "token": "tX7cN0S5Htp278muHX0Oedyk7gh0BE", "application": 3, "access_token": 83, "created": "2022-02-02T04:50:46.686Z", "updated": "2022-02-02T04:50:46.686Z", "revoked": null}}, {"model": "oauth2_provider.refreshtoken", "pk": 84, "fields": {"user": 6, "token": "3UTuGbkIbqQYPCE5MYTrrqsrSM42V3", "application": 3, "access_token": 84, "created": "2022-02-02T05:37:31.869Z", "updated": "2022-02-02T05:37:31.869Z", "revoked": null}}, {"model": "oauth2_provider.refreshtoken", "pk": 85, "fields": {"user": 1, "token": "Tjbr9P1uPURUgtlKH1usq9oeAEn4xu", "application": 3, "access_token": 85, "created": "2022-02-02T05:54:15.053Z", "updated": "2022-02-02T05:54:15.053Z", "revoked": null}}, {"model": "oauth2_provider.refreshtoken", "pk": 86, "fields": {"user": 1, "token": "XlQBb22DTFyMRCH5sRFlQ3y8ntBlUy", "application": 3, "access_token": 86, "created": "2022-02-02T05:56:06.198Z", "updated": "2022-02-02T05:56:06.198Z", "revoked": null}}, {"model": "oauth2_provider.refreshtoken", "pk": 87, "fields": {"user": 1, "token": "gSskj78wS1g6hFqEgEnO33N7DjDMUP", "application": 3, "access_token": 87, "created": "2022-02-02T05:56:51.777Z", "updated": "2022-02-02T05:56:51.777Z", "revoked": null}}, {"model": "oauth2_provider.refreshtoken", "pk": 88, "fields": {"user": 5, "token": "0nBTRVSMbrxq2aufW4pCO2WFQdut9i", "application": 3, "access_token": 88, "created": "2022-02-02T05:58:53.764Z", "updated": "2022-02-02T05:58:53.764Z", "revoked": null}}, {"model": "oauth2_provider.refreshtoken", "pk": 89, "fields": {"user": 6, "token": "4Mm6fcjdBleUUcA0tviDc7UCAQQFiV", "application": 3, "access_token": 89, "created": "2022-02-02T06:06:20.947Z", "updated": "2022-02-02T06:06:20.947Z", "revoked": null}}, {"model": "oauth2_provider.refreshtoken", "pk": 90, "fields": {"user": 1, "token": "UJd0rRZVPW4f88Wk5TEY9CMn3ISF7C", "application": 3, "access_token": 90, "created": "2022-02-02T06:10:51.476Z", "updated": "2022-02-02T06:10:51.476Z", "revoked": null}}, {"model": "oauth2_provider.refreshtoken", "pk": 91, "fields": {"user": 6, "token": "bUm7L25vo6qZovyxeAC9eeGE22fiUj", "application": 3, "access_token": 91, "created": "2022-02-02T06:11:49.601Z", "updated": "2022-02-02T06:11:49.601Z", "revoked": null}}, {"model": "oauth2_provider.refreshtoken", "pk": 92, "fields": {"user": 6, "token": "APC1IqwLckHmVJLXd27PB6H0pfC4Lb", "application": 3, "access_token": 92, "created": "2022-02-02T06:50:07.205Z", "updated": "2022-02-02T06:50:07.205Z", "revoked": null}}, {"model": "oauth2_provider.refreshtoken", "pk": 93, "fields": {"user": 6, "token": "0w6SSCa0nrfzruPYrNByuidvRDLj3O", "application": 3, "access_token": 93, "created": "2022-02-02T06:59:37.365Z", "updated": "2022-02-02T06:59:37.365Z", "revoked": null}}, {"model": "oauth2_provider.refreshtoken", "pk": 94, "fields": {"user": 6, "token": "ijqLToRYA97V1wOS6M1jid9NuwepNp", "application": 3, "access_token": 94, "created": "2022-02-02T07:03:22.742Z", "updated": "2022-02-02T07:03:22.742Z", "revoked": null}}, {"model": "oauth2_provider.refreshtoken", "pk": 95, "fields": {"user": 6, "token": "5cOiK0bealvLvO7K1UVoaA3iINZ1qk", "application": 3, "access_token": 95, "created": "2022-02-02T07:05:11.904Z", "updated": "2022-02-02T07:05:11.904Z", "revoked": null}}, {"model": "oauth2_provider.refreshtoken", "pk": 96, "fields": {"user": 6, "token": "JrswVwaZGMDlaYBvXhZmwjXAsqmS4y", "application": 3, "access_token": 96, "created": "2022-02-02T07:16:21.832Z", "updated": "2022-02-02T07:16:21.832Z", "revoked": null}}, {"model": "oauth2_provider.refreshtoken", "pk": 97, "fields": {"user": 6, "token": "yDS7BPIjxq7avSZyNlrLRBa1PhkhHf", "application": 3, "access_token": 97, "created": "2022-02-02T08:14:06.356Z", "updated": "2022-02-02T08:14:06.356Z", "revoked": null}}, {"model": "oauth2_provider.refreshtoken", "pk": 98, "fields": {"user": 6, "token": "aYQExG08ZOWA2CPgGg0mJHMz3hGgyZ", "application": 3, "access_token": 98, "created": "2022-02-02T08:24:49.350Z", "updated": "2022-02-02T08:24:49.350Z", "revoked": null}}, {"model": "oauth2_provider.refreshtoken", "pk": 99, "fields": {"user": 6, "token": "MfWLMMEjpNTqDYyiSi3WCsZxURKc9E", "application": 3, "access_token": 99, "created": "2022-02-02T08:49:42.896Z", "updated": "2022-02-02T08:49:42.896Z", "revoked": null}}, {"model": "oauth2_provider.refreshtoken", "pk": 100, "fields": {"user": 6, "token": "kfC3RxoT2IxFz6RXm2wG6JFzK1CqA4", "application": 3, "access_token": 100, "created": "2022-02-02T09:22:54.988Z", "updated": "2022-02-02T09:22:54.988Z", "revoked": null}}, {"model": "oauth2_provider.refreshtoken", "pk": 101, "fields": {"user": 1, "token": "PgjmBW6qVepo3IWxx8DYNa2F0jGfyi", "application": 3, "access_token": 101, "created": "2022-02-02T11:18:51.924Z", "updated": "2022-02-02T11:18:51.924Z", "revoked": null}}, {"model": "oauth2_provider.refreshtoken", "pk": 102, "fields": {"user": 2, "token": "S0m9lvkBl3ZMzIAZ7yXA1ifW5GPpKd", "application": 3, "access_token": 102, "created": "2022-02-02T11:18:53.588Z", "updated": "2022-02-02T11:18:53.588Z", "revoked": null}}, {"model": "oauth2_provider.refreshtoken", "pk": 103, "fields": {"user": 2, "token": "30pxr9BlF0mvia4N5qTUTvkF9GRG2Y", "application": 3, "access_token": 103, "created": "2022-02-02T11:21:09.050Z", "updated": "2022-02-02T11:21:09.050Z", "revoked": null}}, {"model": "oauth2_provider.refreshtoken", "pk": 104, "fields": {"user": 1, "token": "PQZtnHBnEEAYyalVeM6UJLKfQ7o96E", "application": 3, "access_token": 104, "created": "2022-02-02T11:21:09.895Z", "updated": "2022-02-02T11:21:09.895Z", "revoked": null}}, {"model": "oauth2_provider.refreshtoken", "pk": 105, "fields": {"user": 1, "token": "XOZiJgiSa4ezOfwL8dTO4CAnP1DSFu", "application": 3, "access_token": 105, "created": "2022-02-02T11:22:24.468Z", "updated": "2022-02-02T11:22:24.468Z", "revoked": null}}, {"model": "oauth2_provider.refreshtoken", "pk": 106, "fields": {"user": 2, "token": "0PvR1LXm6qyWlaSTfrKqt1W4h8blaL", "application": 3, "access_token": 106, "created": "2022-02-02T11:22:25.510Z", "updated": "2022-02-02T11:22:25.510Z", "revoked": null}}, {"model": "oauth2_provider.refreshtoken", "pk": 107, "fields": {"user": 2, "token": "8AfBg4qmUEAJPmoFEd9LrlKhY1icIa", "application": 3, "access_token": 107, "created": "2022-02-02T11:22:50.086Z", "updated": "2022-02-02T11:22:50.086Z", "revoked": null}}, {"model": "oauth2_provider.refreshtoken", "pk": 108, "fields": {"user": 1, "token": "d3ec6XnPgLTiPNyfv9ePHVvaZR61GO", "application": 3, "access_token": 108, "created": "2022-02-02T11:35:38.379Z", "updated": "2022-02-02T11:35:38.379Z", "revoked": null}}, {"model": "oauth2_provider.refreshtoken", "pk": 109, "fields": {"user": 2, "token": "pis0sWpzEmYMcc1ujFPnZJdTtXAXoC", "application": 3, "access_token": 109, "created": "2022-02-02T11:36:02.687Z", "updated": "2022-02-02T11:36:02.687Z", "revoked": null}}, {"model": "oauth2_provider.refreshtoken", "pk": 110, "fields": {"user": 1, "token": "w4v9CXvs1VB2hjeGT8HLeHrD3t0RIa", "application": 3, "access_token": 110, "created": "2022-02-02T11:54:47.455Z", "updated": "2022-02-02T11:54:47.455Z", "revoked": null}}, {"model": "oauth2_provider.refreshtoken", "pk": 111, "fields": {"user": 6, "token": "V5llmFxDm72YAyyCAdinWvfey7cJvu", "application": 3, "access_token": 111, "created": "2022-02-02T12:41:29.275Z", "updated": "2022-02-02T12:41:29.276Z", "revoked": null}}, {"model": "oauth2_provider.refreshtoken", "pk": 112, "fields": {"user": 6, "token": "JAdhkuWhG0hAFT5qzBFbIuTuQWjDXL", "application": 3, "access_token": 112, "created": "2022-02-02T12:45:11.315Z", "updated": "2022-02-02T12:45:11.315Z", "revoked": null}}, {"model": "oauth2_provider.refreshtoken", "pk": 113, "fields": {"user": 5, "token": "RAdyQkkeVYNTXH22nnYpes7DCfy5fI", "application": 3, "access_token": 113, "created": "2022-02-02T12:50:05.398Z", "updated": "2022-02-02T12:50:05.398Z", "revoked": null}}, {"model": "oauth2_provider.refreshtoken", "pk": 114, "fields": {"user": 6, "token": "OCIS4MeJWQZIW28d33Ee7s2NrxZly7", "application": 3, "access_token": 114, "created": "2022-02-02T12:51:07.881Z", "updated": "2022-02-02T12:51:07.881Z", "revoked": null}}, {"model": "oauth2_provider.refreshtoken", "pk": 115, "fields": {"user": 5, "token": "O86e1dQmvjB47DMd3fyPZydeiQZQig", "application": 3, "access_token": 115, "created": "2022-02-02T12:52:50.818Z", "updated": "2022-02-02T12:52:50.818Z", "revoked": null}}, {"model": "oauth2_provider.refreshtoken", "pk": 116, "fields": {"user": 6, "token": "1QXpp96TYAUMVQabgFuXzxbVCCwXA3", "application": 3, "access_token": 116, "created": "2022-02-02T12:54:59.498Z", "updated": "2022-02-02T12:54:59.498Z", "revoked": null}}, {"model": "oauth2_provider.refreshtoken", "pk": 117, "fields": {"user": 2, "token": "2OvgfoSBXdX6ogKyTV81jpZL9RohiT", "application": 3, "access_token": 117, "created": "2022-02-02T15:00:25.774Z", "updated": "2022-02-02T15:00:25.774Z", "revoked": null}}, {"model": "oauth2_provider.refreshtoken", "pk": 118, "fields": {"user": 6, "token": "nIYbWJ6akJQ2TLVbp2a0sJLSkRpcXA", "application": 3, "access_token": 118, "created": "2022-02-03T03:28:51.154Z", "updated": "2022-02-03T03:28:51.154Z", "revoked": null}}, {"model": "oauth2_provider.refreshtoken", "pk": 119, "fields": {"user": 8, "token": "dJeMSbpPdnDrOg53KvDUAvGSLILYeq", "application": 3, "access_token": 119, "created": "2022-02-03T04:33:28.807Z", "updated": "2022-02-03T04:33:28.807Z", "revoked": null}}, {"model": "oauth2_provider.refreshtoken", "pk": 120, "fields": {"user": 5, "token": "8QPaj8eQqmqBNwVLmZ3D9Mm1XGc9Bq", "application": 3, "access_token": 120, "created": "2022-02-03T04:34:48.401Z", "updated": "2022-02-03T04:34:48.401Z", "revoked": null}}, {"model": "oauth2_provider.refreshtoken", "pk": 121, "fields": {"user": 5, "token": "5hKpVETrzbSStItQefU9QnxpDQY8rT", "application": 3, "access_token": 121, "created": "2022-02-03T04:45:06.934Z", "updated": "2022-02-03T04:45:06.934Z", "revoked": null}}, {"model": "oauth2_provider.refreshtoken", "pk": 122, "fields": {"user": 8, "token": "z0mLNQ0JS1FpjMcJdudkMBBgBHkY30", "application": 3, "access_token": 122, "created": "2022-02-03T04:46:07.736Z", "updated": "2022-02-03T04:46:07.736Z", "revoked": null}}, {"model": "oauth2_provider.refreshtoken", "pk": 123, "fields": {"user": 6, "token": "SJfQZejeEZlkCizpHdO59UTeJVeO3n", "application": 3, "access_token": 123, "created": "2022-02-03T06:50:17.077Z", "updated": "2022-02-03T06:50:17.077Z", "revoked": null}}, {"model": "oauth2_provider.refreshtoken", "pk": 124, "fields": {"user": 6, "token": "T2AZoUH6oQ2VSADbL4nTScaEJydfeQ", "application": 3, "access_token": 124, "created": "2022-02-03T09:36:32.193Z", "updated": "2022-02-03T09:36:32.193Z", "revoked": null}}, {"model": "oauth2_provider.refreshtoken", "pk": 125, "fields": {"user": 3, "token": "Fu9g74PkZ7lebJniBR7vfTTsPXkkFx", "application": 3, "access_token": 125, "created": "2022-02-03T10:48:30.548Z", "updated": "2022-02-03T10:48:30.548Z", "revoked": null}}, {"model": "oauth2_provider.refreshtoken", "pk": 126, "fields": {"user": 2, "token": "49hoaFV3fvwKxjtotcFIzghrElnmYd", "application": 3, "access_token": 126, "created": "2022-02-03T19:18:22.270Z", "updated": "2022-02-03T19:18:22.270Z", "revoked": null}}, {"model": "oauth2_provider.refreshtoken", "pk": 127, "fields": {"user": 1, "token": "KZeiaPNtqnKJp97EE7iCinVfa7g4S8", "application": 3, "access_token": 127, "created": "2022-02-03T19:18:23.476Z", "updated": "2022-02-03T19:18:23.476Z", "revoked": null}}, {"model": "oauth2_provider.refreshtoken", "pk": 128, "fields": {"user": 1, "token": "0G1UgOKfEdYdwXcNe1uxZTvPN1OXub", "application": 3, "access_token": 128, "created": "2022-02-03T20:09:53.034Z", "updated": "2022-02-03T20:09:53.034Z", "revoked": null}}, {"model": "oauth2_provider.refreshtoken", "pk": 129, "fields": {"user": 2, "token": "AYnFPe2GmAGIUhuLnNAu3kbTw4cl85", "application": 3, "access_token": 129, "created": "2022-02-03T20:09:54.621Z", "updated": "2022-02-03T20:09:54.621Z", "revoked": null}}, {"model": "oauth2_provider.refreshtoken", "pk": 130, "fields": {"user": 2, "token": "vjKFi7r3h8GQrFohMlwwqaficqaY4b", "application": 3, "access_token": 130, "created": "2022-02-03T20:10:17.143Z", "updated": "2022-02-03T20:10:17.143Z", "revoked": null}}, {"model": "oauth2_provider.refreshtoken", "pk": 131, "fields": {"user": 1, "token": "8bRhmAu1NcBfrvrL75rwqPA5ugtyaU", "application": 3, "access_token": 131, "created": "2022-02-03T20:10:49.190Z", "updated": "2022-02-03T20:10:49.190Z", "revoked": null}}, {"model": "oauth2_provider.refreshtoken", "pk": 132, "fields": {"user": 1, "token": "pOSVqt3tIFlRIik7EPVF7YCOt7VJD6", "application": 3, "access_token": 132, "created": "2022-02-03T20:10:57.134Z", "updated": "2022-02-03T20:10:57.134Z", "revoked": null}}, {"model": "oauth2_provider.refreshtoken", "pk": 133, "fields": {"user": 2, "token": "hfoIiLC5OPDHKCcMunJN0gZLT3BPB7", "application": 3, "access_token": 133, "created": "2022-02-03T20:11:18.268Z", "updated": "2022-02-03T20:11:18.268Z", "revoked": null}}, {"model": "oauth2_provider.refreshtoken", "pk": 134, "fields": {"user": 1, "token": "qWQsyWg8xKhPnsHfoDL53v52Fg5CBX", "application": 3, "access_token": 134, "created": "2022-02-03T20:11:43.846Z", "updated": "2022-02-03T20:11:43.846Z", "revoked": null}}, {"model": "oauth2_provider.refreshtoken", "pk": 135, "fields": {"user": 2, "token": "dzAYD3SlFnJz288CMOxGn13ZAKsM3G", "application": 3, "access_token": 135, "created": "2022-02-03T20:11:45.012Z", "updated": "2022-02-03T20:11:45.013Z", "revoked": null}}, {"model": "oauth2_provider.refreshtoken", "pk": 136, "fields": {"user": 1, "token": "pfntvIJPcoKxeDglNcpvPXQzvonPxR", "application": 3, "access_token": 136, "created": "2022-02-04T05:36:00.324Z", "updated": "2022-02-04T05:36:00.324Z", "revoked": null}}, {"model": "oauth2_provider.refreshtoken", "pk": 137, "fields": {"user": 2, "token": "6Hdtvx49rFINb7MyPVypk73Lpu4nNK", "application": 3, "access_token": 137, "created": "2022-02-04T05:36:01.325Z", "updated": "2022-02-04T05:36:01.325Z", "revoked": null}}, {"model": "oauth2_provider.refreshtoken", "pk": 138, "fields": {"user": 1, "token": "5OK6jOelG0AnVLHy4kS3ioRrtx8k8g", "application": 3, "access_token": 138, "created": "2022-02-04T05:36:16.013Z", "updated": "2022-02-04T05:36:16.013Z", "revoked": null}}, {"model": "oauth2_provider.refreshtoken", "pk": 139, "fields": {"user": 2, "token": "OSG3yrtF4G6fFjM5EYekPpOn3fwIdc", "application": 3, "access_token": 139, "created": "2022-02-04T05:36:16.835Z", "updated": "2022-02-04T05:36:16.835Z", "revoked": null}}, {"model": "oauth2_provider.refreshtoken", "pk": 140, "fields": {"user": 5, "token": "oBGDjBWiydIRWXiCvTwox56YMrb8K6", "application": 3, "access_token": 140, "created": "2022-02-04T08:03:52.823Z", "updated": "2022-02-04T08:03:52.823Z", "revoked": null}}, {"model": "oauth2_provider.refreshtoken", "pk": 141, "fields": {"user": 6, "token": "rUVIvMvIriO9FyHTbHTzsSZiZQnIr9", "application": 3, "access_token": 141, "created": "2022-02-04T09:24:17.118Z", "updated": "2022-02-04T09:24:17.118Z", "revoked": null}}, {"model": "oauth2_provider.refreshtoken", "pk": 142, "fields": {"user": 6, "token": "LRE33rGWwDmzWNgeDmnb7MsEpd8qMk", "application": 3, "access_token": 142, "created": "2022-02-04T09:40:47.947Z", "updated": "2022-02-04T09:40:47.947Z", "revoked": null}}, {"model": "oauth2_provider.refreshtoken", "pk": 143, "fields": {"user": 2, "token": "IX4DuxBgQ3FEJ78sv6xpfggGyysh4V", "application": 3, "access_token": 143, "created": "2022-02-04T12:24:02.253Z", "updated": "2022-02-04T12:24:02.253Z", "revoked": null}}, {"model": "oauth2_provider.refreshtoken", "pk": 144, "fields": {"user": 2, "token": "bQCLgf3Ys8Zzzg485h7OJ3rhrlSGqz", "application": 3, "access_token": 144, "created": "2022-02-04T12:24:09.518Z", "updated": "2022-02-04T12:24:09.518Z", "revoked": null}}, {"model": "oauth2_provider.refreshtoken", "pk": 145, "fields": {"user": 1, "token": "lvmGUJvIQnHaTS8OvXutExBEaasIeY", "application": 3, "access_token": 145, "created": "2022-02-04T12:24:37.362Z", "updated": "2022-02-04T12:24:37.362Z", "revoked": null}}, {"model": "oauth2_provider.refreshtoken", "pk": 146, "fields": {"user": 2, "token": "t5uSBQ1y40lmMMjUJiKqJihBJqyj0V", "application": 3, "access_token": 146, "created": "2022-02-04T12:24:48.841Z", "updated": "2022-02-04T12:24:48.841Z", "revoked": null}}, {"model": "oauth2_provider.refreshtoken", "pk": 147, "fields": {"user": 2, "token": "zMor7L8RKvawICqESkG4Z8tUpnxVbf", "application": 3, "access_token": 147, "created": "2022-02-04T12:24:55.777Z", "updated": "2022-02-04T12:24:55.777Z", "revoked": null}}, {"model": "oauth2_provider.refreshtoken", "pk": 148, "fields": {"user": 6, "token": "qBrJbqOGmzeHgYWvH4P81VHwrZH1H3", "application": 3, "access_token": 148, "created": "2022-02-05T03:43:01.442Z", "updated": "2022-02-05T03:43:01.442Z", "revoked": null}}, {"model": "oauth2_provider.refreshtoken", "pk": 149, "fields": {"user": 1, "token": "CyN9JM8lHJLULcBEEMoxtV4WdfOfo9", "application": 3, "access_token": 149, "created": "2022-02-05T17:31:35.825Z", "updated": "2022-02-05T17:31:35.825Z", "revoked": null}}, {"model": "oauth2_provider.refreshtoken", "pk": 150, "fields": {"user": 1, "token": "XWetejbGk583P1v6j6MvSmoFRzgnkZ", "application": 3, "access_token": 150, "created": "2022-02-05T17:32:03.677Z", "updated": "2022-02-05T17:32:03.677Z", "revoked": null}}, {"model": "oauth2_provider.refreshtoken", "pk": 151, "fields": {"user": 2, "token": "7jYaPIBkdI5NNMnR0kxssO671CWKbT", "application": 3, "access_token": 151, "created": "2022-02-05T17:33:55.393Z", "updated": "2022-02-05T17:33:55.393Z", "revoked": null}}, {"model": "oauth2_provider.refreshtoken", "pk": 152, "fields": {"user": 2, "token": "CPZ16PbQnfc27RHEedKtow7IOZ57sY", "application": 3, "access_token": 152, "created": "2022-02-05T17:34:21.334Z", "updated": "2022-02-05T17:34:21.334Z", "revoked": null}}, {"model": "oauth2_provider.refreshtoken", "pk": 153, "fields": {"user": 1, "token": "cN03ylDGq0pgk2Lm3MKm96pFrpr5VM", "application": 3, "access_token": 153, "created": "2022-02-05T17:37:03.209Z", "updated": "2022-02-05T17:37:03.209Z", "revoked": null}}, {"model": "oauth2_provider.refreshtoken", "pk": 154, "fields": {"user": 1, "token": "Y4nJRAnIphQOauuBY4PPrBsSfE5uYP", "application": 3, "access_token": 154, "created": "2022-02-05T17:38:06.248Z", "updated": "2022-02-05T17:38:06.248Z", "revoked": null}}, {"model": "oauth2_provider.refreshtoken", "pk": 155, "fields": {"user": 2, "token": "XnbDzz1qJUuKJMLWYWzXPunFvFxjma", "application": 3, "access_token": 155, "created": "2022-02-05T17:38:06.989Z", "updated": "2022-02-05T17:38:06.989Z", "revoked": null}}, {"model": "oauth2_provider.refreshtoken", "pk": 156, "fields": {"user": 1, "token": "Up4KD8fON0828snFzttvFs2YczSEnT", "application": 3, "access_token": 156, "created": "2022-02-06T12:29:14.391Z", "updated": "2022-02-06T12:29:14.391Z", "revoked": null}}, {"model": "oauth2_provider.refreshtoken", "pk": 157, "fields": {"user": 2, "token": "N8zysNhW95AXC8Zj7kWL9OhCPJx7D3", "application": 3, "access_token": 157, "created": "2022-02-06T12:29:17.305Z", "updated": "2022-02-06T12:29:17.305Z", "revoked": null}}, {"model": "oauth2_provider.refreshtoken", "pk": 158, "fields": {"user": 2, "token": "M44yyW0RhaeGlZ22u29RW0qEgiPJY4", "application": 3, "access_token": 158, "created": "2022-02-06T12:29:36.260Z", "updated": "2022-02-06T12:29:36.260Z", "revoked": null}}, {"model": "oauth2_provider.refreshtoken", "pk": 159, "fields": {"user": 1, "token": "cTp0yAFM9IEA0kdgUsnZ5oUpCDCQCQ", "application": 3, "access_token": 159, "created": "2022-02-06T12:29:56.334Z", "updated": "2022-02-06T12:29:56.334Z", "revoked": null}}, {"model": "oauth2_provider.refreshtoken", "pk": 160, "fields": {"user": 2, "token": "j6h7Dk6jnfufAUNtXrjfcsMx9xPzQi", "application": 3, "access_token": 160, "created": "2022-02-06T12:29:57.926Z", "updated": "2022-02-06T12:29:57.926Z", "revoked": null}}, {"model": "push_notifications.gcmdevice", "pk": 1, "fields": {"name": "aniket.dg25@gmail.com", "active": true, "user": 3, "date_created": "2022-01-28T08:33:18.144Z", "application_id": null, "device_id": null, "registration_id": "dv2ol9eAR-TjcvaW8tzjUh:APA91bGjz0VW1-CW2NQPonEfO2bYV_gXgBHKplJSUH5U4meFxQ6ZzveAMMfWBRujD4yoCiRneX1MrEJH-V-vbz4dvz_MQ09rcIHglvW9-2DrhPBRme-kkoHxgZE0PuQxQA4v6hqpv8KM", "cloud_message_type": "FCM"}}, {"model": "push_notifications.gcmdevice", "pk": 2, "fields": {"name": "_siteguide_", "active": true, "user": 1, "date_created": "2022-01-28T13:13:47.554Z", "application_id": null, "device_id": null, "registration_id": "eQshKU8O3R-T5aufYX1Qpx:APA91bFT-nmMrMvfDLawM0kLNnxBaKKPV-vlPD8B6oCQYOwpLdNybDlppiggGJQoa48MH0UnNILB1iAu2jeqOGwVl_i2wyPLvpoPJ4yQV7cVYgunh3XfRBZQrD0ne_AKKbL2WCm62OU5", "cloud_message_type": "FCM"}}, {"model": "push_notifications.gcmdevice", "pk": 3, "fields": {"name": "_siteguide_", "active": true, "user": 1, "date_created": "2022-01-28T13:57:38.428Z", "application_id": null, "device_id": null, "registration_id": "fb7eDMq9dIFVgNPYApTlJm:APA91bGfx5moteb2gE7gcYq0St3p_B9RUTpA5X2XCYWuKa4L69f15F8wWe4aCbNrX6YxbPHN6kxlDPov3oD3Vi6S619y7XnxXfskLYNnylb214u6IVJSUWkrqinhOhh1_PjMAeBXDuOe", "cloud_message_type": "FCM"}}, {"model": "push_notifications.gcmdevice", "pk": 4, "fields": {"name": "_Rahul_", "active": true, "user": 2, "date_created": "2022-01-28T17:39:26.550Z", "application_id": null, "device_id": null, "registration_id": "fhQyD_6bdCA4FMHP9JNMnt:APA91bHjRVcRuA1AnRoU11UrH8fP2_wte7QB7NzXWu3KZzC_kgx-lxPMOE4ovBcjj6Z7GDLQ-ulKBZkGnQ0DkGPxS_oUuXtoFplq9Qe4I8Z1nLhmcluDnEuRNMK7KgFgSBCZ8r4z9TUd", "cloud_message_type": "FCM"}}, {"model": "push_notifications.gcmdevice", "pk": 5, "fields": {"name": "_siteguide_", "active": true, "user": 1, "date_created": "2022-01-30T06:22:55.641Z", "application_id": null, "device_id": null, "registration_id": "fGnrPRltqFK0d9U0V6K4H1:APA91bEFQl93h__VJmqXjFnEhr0DaSom1BAGhXFL6WCUFyEri60b0eVdEOX8cA5hW_DtiWA8yoLHE3C0ZxeCNTDOzK6CM6VDfVcGYLkpatz2ltgrEWqr91FKzvZ7UG0ENYi_4DMpJDlv", "cloud_message_type": "FCM"}}, {"model": "push_notifications.gcmdevice", "pk": 6, "fields": {"name": "_siteguide_", "active": false, "user": 1, "date_created": "2022-01-30T07:55:23.697Z", "application_id": null, "device_id": null, "registration_id": "erN-SeRm0g2j4Gh5jBGYc8:APA91bE0P_8_DCr4M-TGjXucFMavTT-TIyZyhI_d-VKZSMo-5Btp88OprlIxA4M7WUwUbigZW4U8htTCEoWpVFalD6tn9s8ntoJnYVmlwSsrZ_FjudiHbIdtXJte5S8UZTpUz0jRWzFh", "cloud_message_type": "FCM"}}, {"model": "push_notifications.gcmdevice", "pk": 7, "fields": {"name": "akhilmehta1019", "active": true, "user": 5, "date_created": "2022-01-31T09:15:00.397Z", "application_id": null, "device_id": null, "registration_id": "fohJ12zbGHbPUXoFJdlWeU:APA91bFbb4xDk2q8D0YiKDqlJZIPKORp8Y0Tx9iJNEQcDqNusv9waXdbNv4batxgZlHv4M1woTsHuVbDc1nl0cIiG9s04_h7_gS3lk62uEr8YhQYha0g6bS_sR-w9OiQgSmyDg-NDjr2", "cloud_message_type": "FCM"}}, {"model": "push_notifications.gcmdevice", "pk": 8, "fields": {"name": "akansha29", "active": true, "user": 6, "date_created": "2022-01-31T13:08:41.096Z", "application_id": null, "device_id": null, "registration_id": "c5E8BdkmEjp7B6AlUie2B-:APA91bHbzqaQIRRPBlEOBvpDBIQg7YEM0WIt00ol-TfAlT30OtmJzWmvumhbqyEraJH1EvDEsnMZ9aqjPFrF7qVPLm_iGdM8EaUSZ_iBfFPuSDCSBF1jYrc-Vx0An-dcMg2cxgbs2NOE", "cloud_message_type": "FCM"}}, {"model": "push_notifications.gcmdevice", "pk": 9, "fields": {"name": "_siteguide_", "active": false, "user": 1, "date_created": "2022-01-31T18:48:44.257Z", "application_id": null, "device_id": null, "registration_id": "erN-SeRm0g2j4Gh5jBGYc8:APA91bFrtnETCz0-poQuH-ePdw32JIQbtgNNbx8TRgpE_Ly-lu0_1KLMeBjllWI8LfEJk8BkgxoJaRDweHZ3WoKbOOktHmlFjj2NINJvsDSjM6wTK4woNxA0pVKICJ69Ob7DKej7YD7S", "cloud_message_type": "FCM"}}, {"model": "push_notifications.gcmdevice", "pk": 10, "fields": {"name": "akansha29", "active": false, "user": 6, "date_created": "2022-02-02T04:10:41.332Z", "application_id": null, "device_id": null, "registration_id": "cXU783MKQy3YsUj94Cwu3y:APA91bFqMVVUEoz_Tfvli0Zk-jkMMhGHX6F3MOvBLu_g7STpGOw8DzgkprFp_l0fO9duC9cTqEFXZQj7L0612mPaiQREJM5jx_TTCQuRji-VowFg3pbkd6qlxm2s_NrqM5PZ7fWBV8fu", "cloud_message_type": "FCM"}}, {"model": "push_notifications.gcmdevice", "pk": 11, "fields": {"name": "akansha29", "active": false, "user": 6, "date_created": "2022-02-02T05:17:36.888Z", "application_id": null, "device_id": null, "registration_id": "fq7Vk2x1suPe3ChMxOOFf9:APA91bExKKQbxf1H6OSpC7dXdudyGNUxwUH9kcwsRBc_X51D0fbNEM4BmyTeDswtc-76gSvAZXWIRJJVtu-oCZnOtM_T3q3cv31_8Dl6GNnUA-ZYuYlJQFt_LclPWDqfLLZ_yk9FzYid", "cloud_message_type": "FCM"}}, {"model": "push_notifications.gcmdevice", "pk": 12, "fields": {"name": "akansha29", "active": true, "user": 6, "date_created": "2022-02-02T06:49:58.179Z", "application_id": null, "device_id": null, "registration_id": "eLGm0Q2meB4GuJY6Hw0BKi:APA91bF3-wtCU8owbQj6mPinwWUhLFQZxszNJYjFx0tHYihIOVqPpQ-xOUh4CEtPwQdS9XJP_rUm1_bhSetIApuiJjB08zHnmSOP-xjxHCDKFFAK-edC24sqEbua2PyCFJRa-5naQad0", "cloud_message_type": "FCM"}}, {"model": "push_notifications.gcmdevice", "pk": 13, "fields": {"name": "maya", "active": true, "user": 7, "date_created": "2022-02-02T11:45:12.982Z", "application_id": null, "device_id": null, "registration_id": "cTb3HB1NOokRxcd9wFRqff:APA91bH2Pu9DWXG3sD9mMTOEBZBbVbrXLFjexaLu1JBrK27UlOvXn6XR91HbXSjE2Qxw_tSQqb5MPR9D9hqx0M8pNDNzatjhQxGT648wI1jwzXqPphy02g0WsFCky0RRbsCn952_UB-3", "cloud_message_type": "FCM"}}, {"model": "push_notifications.gcmdevice", "pk": 14, "fields": {"name": "samir", "active": true, "user": 8, "date_created": "2022-02-03T04:32:29.757Z", "application_id": null, "device_id": null, "registration_id": "eME3tMTkMviG6aeV6iMOV9:APA91bEviJB8msZG8oSlHTqBNEaGAkq8oN0lr7TVC4BwsrdgPL8211Ozs_72KtislocYcQbjc43qc9QN0KHESds9iDUqnYdr472HN7Uj7Bpohr5YwGypXez4T42w3WSnhKxruYcJdVdp", "cloud_message_type": "FCM"}}, {"model": "push_notifications.gcmdevice", "pk": 15, "fields": {"name": "akansha29", "active": true, "user": 6, "date_created": "2022-02-03T06:50:12.678Z", "application_id": null, "device_id": null, "registration_id": "fRgIkQhDgP5jQzdFpe7DY9:APA91bFtTTUsw7fWnASx2bChuVtYjKQR50OpP9yJ-vF2Mzr6Vzq6IGF8_ZKHkSUTqQy5WH1LV_ELRcspx-p2-HNsGr7Nmb_z7AuNePBI2L6zmADEu1kYtYe8u32DT0qECoOkOZb4KgvA", "cloud_message_type": "FCM"}}, {"model": "push_notifications.gcmdevice", "pk": 16, "fields": {"name": "_Rahul_", "active": true, "user": 2, "date_created": "2022-02-04T06:15:32.139Z", "application_id": null, "device_id": null, "registration_id": "eTLi7Gm5GernWfHq4fkXEh:APA91bGCOHzQPYg4-rjtvwb1L1qJvoQgzyRtZzk2akdW5-h3yF66K3BGuPYXNbR6ZqxqmU6yHdvVBfVx99fTinTfcE0XZXqBvly9zTzUfzT6DvBVAh9XXP35BPVeokaLddzqWinMoulr", "cloud_message_type": "FCM"}}]