[{"model": "post.scope", "pk": 1, "fields": {"name": "Machine Learning", "icon": "fas fa-globe"}}, {"model": "post.scope", "pk": 2, "fields": {"name": "Deepl Learning", "icon": "fas fa-globe"}}, {"model": "post.scope", "pk": 3, "fields": {"name": "Neural Network", "icon": "fas fa-globe"}}, {"model": "post.scope", "pk": 4, "fields": {"name": "Artificial Intelligence", "icon": "fas fa-globe"}}, {"model": "post.language", "pk": 1, "fields": {"name": "Python", "icon": "fab fa-python"}}, {"model": "post.language", "pk": 2, "fields": {"name": "R", "icon": "fas fa-globe"}}, {"model": "post.language", "pk": 3, "fields": {"name": "Julia", "icon": "fas fa-globe"}}, {"model": "post.category", "pk": 1, "fields": {"name": "Question /Error", "icon": "mdi mdi-comment-question-outline"}}, {"model": "post.category", "pk": 2, "fields": {"name": "Dicussion /Informative", "icon": "fas fa-pencil-alt"}}, {"model": "post.post", "pk": 15, "fields": {"user": 2, "category": 1, "description": "Having Issue with file handing \r\n#", "image1": "post_image/temp_7AkKPyY.jpg", "image2": "", "image3": "", "image4": "", "image5": "", "skeleton_code": "", "language": 1, "scope_of_work": 1, "timestamp": "2021-12-29T18:11:37.443Z", "code": "<span class=\"hljs-comment\"># a file named \"geek\", will be opened with the reading mode.</span>\r\nfile = <span class=\"hljs-keyword\">open</span>(<span class=\"hljs-string\">'geek.txt'</span>, <span class=\"hljs-string\">'r'</span>)\r\n<span class=\"hljs-comment\"># This will print every line one by one in the file</span>\r\n<span class=\"hljs-keyword\">for</span> <span class=\"hljs-keyword\">each</span> in file:\r\n    <span class=\"hljs-keyword\">print</span> (<span class=\"hljs-keyword\">each</span>)", "liked_by": [1, 2, 6]}}, {"model": "post.post", "pk": 16, "fields": {"user": 1, "category": 2, "description": "Use the scatter() method to draw a scatter plot diagram:\n#", "image1": "post_image/temp_fBoWH5W.jpg", "image2": "", "image3": "", "image4": "", "image5": "", "skeleton_code": null, "language": 3, "scope_of_work": 3, "timestamp": "2021-12-29T18:14:13.498Z", "code": "<span class=\"hljs-keyword\">import</span> matplotlib.pyplot <span class=\"hljs-keyword\">as</span> plt\n\nx = [<span class=\"hljs-number\">5</span>,<span class=\"hljs-number\">7</span>,<span class=\"hljs-number\">8</span>,<span class=\"hljs-number\">7</span>,<span class=\"hljs-number\">2</span>,<span class=\"hljs-number\">17</span>,<span class=\"hljs-number\">2</span>,<span class=\"hljs-number\">9</span>,<span class=\"hljs-number\">4</span>,<span class=\"hljs-number\">11</span>,<span class=\"hljs-number\">12</span>,<span class=\"hljs-number\">9</span>,<span class=\"hljs-number\">6</span>]\ny = [<span class=\"hljs-number\">99</span>,<span class=\"hljs-number\">86</span>,<span class=\"hljs-number\">87</span>,<span class=\"hljs-number\">88</span>,<span class=\"hljs-number\">111</span>,<span class=\"hljs-number\">86</span>,<span class=\"hljs-number\">103</span>,<span class=\"hljs-number\">87</span>,<span class=\"hljs-number\">94</span>,<span class=\"hljs-number\">78</span>,<span class=\"hljs-number\">77</span>,<span class=\"hljs-number\">85</span>,<span class=\"hljs-number\">86</span>]\n\nplt.scatter(x, y)\nplt.show()", "liked_by": [1, 2]}}, {"model": "post.post", "pk": 17, "fields": {"user": 1, "category": 1, "description": "New Post", "image1": "post_image/temp_r7mLTHZ.jpg", "image2": "", "image3": "", "image4": "", "image5": "", "skeleton_code": null, "language": 1, "scope_of_work": 1, "timestamp": "2022-01-03T12:03:44.744Z", "code": null, "liked_by": []}}, {"model": "post.post", "pk": 18, "fields": {"user": 6, "category": 1, "description": "", "image1": "", "image2": "", "image3": "", "image4": "", "image5": "", "skeleton_code": null, "language": 1, "scope_of_work": 1, "timestamp": "2022-01-04T11:52:28.884Z", "code": " <span class=\"hljs-keyword\">import</span> React, {useEffect, useState} <span class=\"hljs-keyword\">from</span> <span class=\"hljs-string\">'react'</span>;\n<span class=\"hljs-comment\">// import axios from \"axios\";</span>\n<span class=\"hljs-keyword\">import</span> axios <span class=\"hljs-keyword\">from</span> <span class=\"hljs-string\">\"./axios\"</span>;\n<span class=\"hljs-keyword\">import</span> Table <span class=\"hljs-keyword\">from</span> <span class=\"hljs-string\">'./Table'</span>;\n\n<span class=\"hljs-function\"><span class=\"hljs-keyword\">function</span> <span class=\"hljs-title\">Data</span>(<span class=\"hljs-params\"></span>) </span>{\n\n    <span class=\"hljs-keyword\">const</span>[people,setPeople]= useState([]);\n    <span class=\"hljs-comment\">// useEffect(() =&gt;{</span>\n    <span class=\"hljs-comment\">//     async function fetchData() {</span>\n    <span class=\"hljs-comment\">//         const req = await axios.get(\"/All\");</span>\n\n    <span class=\"hljs-comment\">//         setPeople(req.data);</span>\n    <span class=\"hljs-comment\">//     }</span>\n\n    <span class=\"hljs-comment\">//     fetchData();</span>\n    <span class=\"hljs-comment\">// }, []);</span>", "liked_by": [5]}}, {"model": "post.post", "pk": 19, "fields": {"user": 1, "category": 2, "description": "test", "image1": "post_image/temp_i1vvxSu.jpg", "image2": "", "image3": "", "image4": "", "image5": "", "skeleton_code": null, "language": 1, "scope_of_work": 2, "timestamp": "2022-01-04T12:46:29.689Z", "code": null, "liked_by": []}}, {"model": "post.firstlevelcategory", "pk": 1, "fields": {"name": "Machine learning"}}, {"model": "post.firstlevelcategory", "pk": 2, "fields": {"name": "NLP (Natural Language Processing)"}}, {"model": "post.firstlevelcategory", "pk": 3, "fields": {"name": "Forecasting"}}, {"model": "post.firstlevelcategory", "pk": 4, "fields": {"name": "Deep Learning"}}, {"model": "post.secondlevelcategory", "pk": 1, "fields": {"name": "Unsupervised", "first_category": 1}}, {"model": "post.secondlevelcategory", "pk": 2, "fields": {"name": "Supervised", "first_category": 1}}, {"model": "post.secondlevelcategory", "pk": 3, "fields": {"name": "Basic NLP", "first_category": 2}}, {"model": "post.secondlevelcategory", "pk": 4, "fields": {"name": "Named Entity Recognition", "first_category": 2}}, {"model": "post.secondlevelcategory", "pk": 5, "fields": {"name": "Sentiment Analysis", "first_category": 2}}, {"model": "post.thirdlevelcategory", "pk": 1, "fields": {"name": "Clustering", "first_category": 1, "second_category": 1}}, {"model": "post.thirdlevelcategory", "pk": 2, "fields": {"name": "Association", "first_category": 1, "second_category": 1}}, {"model": "post.thirdlevelcategory", "pk": 3, "fields": {"name": "Recommendation", "first_category": 1, "second_category": 1}}, {"model": "post.thirdlevelcategory", "pk": 4, "fields": {"name": "PCA", "first_category": 1, "second_category": 1}}, {"model": "post.thirdlevelcategory", "pk": 5, "fields": {"name": "Regression", "first_category": 1, "second_category": 2}}, {"model": "post.thirdlevelcategory", "pk": 6, "fields": {"name": "Decision Tree", "first_category": 1, "second_category": 2}}, {"model": "post.fourthlevelcategory", "pk": 1, "fields": {"name": "Hierarchical", "first_category": 1, "second_category": 1, "third_category": 1}}, {"model": "post.fourthlevelcategory", "pk": 2, "fields": {"name": "K-means", "first_category": 1, "second_category": 1, "third_category": 1}}, {"model": "post.fourthlevelcategory", "pk": 3, "fields": {"name": "DBSCAN", "first_category": 1, "second_category": 1, "third_category": 1}}, {"model": "post.skeletonpost", "pk": 1, "fields": {"user": 1, "first_level_category": 1, "second_level_category": 2, "third_level_category": 5, "fourth_level_category": null, "description": "The term regression is used when you try to find the relationship between variables.\r\n\r\nIn Machine Learning, and in statistical modeling, that relationship is used to predict the outcome of future events.", "image1": "skeleton_image/img_matplotlib_scatter.png", "image2": "skeleton_image/img_linear_regression.png", "image3": "", "image4": "", "image5": "", "skeleton_code": "<span class=\"hljs-keyword\">import</span> matplotlib.pyplot <span class=\"hljs-keyword\">as</span> plt\r\n<span class=\"hljs-keyword\">from</span> scipy <span class=\"hljs-keyword\">import</span> stats\r\n\r\nx = [<span class=\"hljs-number\">5</span>,<span class=\"hljs-number\">7</span>,<span class=\"hljs-number\">8</span>,<span class=\"hljs-number\">7</span>,<span class=\"hljs-number\">2</span>,<span class=\"hljs-number\">17</span>,<span class=\"hljs-number\">2</span>,<span class=\"hljs-number\">9</span>,<span class=\"hljs-number\">4</span>,<span class=\"hljs-number\">11</span>,<span class=\"hljs-number\">12</span>,<span class=\"hljs-number\">9</span>,<span class=\"hljs-number\">6</span>]\r\ny = [<span class=\"hljs-number\">99</span>,<span class=\"hljs-number\">86</span>,<span class=\"hljs-number\">87</span>,<span class=\"hljs-number\">88</span>,<span class=\"hljs-number\">111</span>,<span class=\"hljs-number\">86</span>,<span class=\"hljs-number\">103</span>,<span class=\"hljs-number\">87</span>,<span class=\"hljs-number\">94</span>,<span class=\"hljs-number\">78</span>,<span class=\"hljs-number\">77</span>,<span class=\"hljs-number\">85</span>,<span class=\"hljs-number\">86</span>]\r\n\r\nslope, intercept, r, p, std_err = stats.linregress(x, y)\r\n\r\ndef myfunc(x):\r\n  <span class=\"hljs-keyword\">return</span> slope * x + intercept\r\n\r\nmymodel = list(map(myfunc, x))\r\n\r\nplt.scatter(x, y)\r\nplt.plot(x, mymodel)\r\nplt.show()", "language": "Python", "scope_of_work": "Scope 1", "timestamp": "2021-12-29T18:22:00.813Z", "liked_by": []}}, {"model": "post.skeletonpost", "pk": 2, "fields": {"user": 1, "first_level_category": 1, "second_level_category": 2, "third_level_category": 4, "fourth_level_category": 1, "description": "test", "image1": "", "image2": "", "image3": "", "image4": "", "image5": "", "skeleton_code": "<span class=\"hljs-keyword\">import</span> matplotlib.pyplot <span class=\"hljs-keyword\">as</span> plt\r\n<span class=\"hljs-keyword\">from</span> scipy <span class=\"hljs-keyword\">import</span> stats\r\n\r\nx = [<span class=\"hljs-number\">5</span>,<span class=\"hljs-number\">7</span>,<span class=\"hljs-number\">8</span>,<span class=\"hljs-number\">7</span>,<span class=\"hljs-number\">2</span>,<span class=\"hljs-number\">17</span>,<span class=\"hljs-number\">2</span>,<span class=\"hljs-number\">9</span>,<span class=\"hljs-number\">4</span>,<span class=\"hljs-number\">11</span>,<span class=\"hljs-number\">12</span>,<span class=\"hljs-number\">9</span>,<span class=\"hljs-number\">6</span>]\r\ny = [<span class=\"hljs-number\">99</span>,<span class=\"hljs-number\">86</span>,<span class=\"hljs-number\">87</span>,<span class=\"hljs-number\">88</span>,<span class=\"hljs-number\">111</span>,<span class=\"hljs-number\">86</span>,<span class=\"hljs-number\">103</span>,<span class=\"hljs-number\">87</span>,<span class=\"hljs-number\">94</span>,<span class=\"hljs-number\">78</span>,<span class=\"hljs-number\">77</span>,<span class=\"hljs-number\">85</span>,<span class=\"hljs-number\">86</span>]\r\n\r\nslope, intercept, r, p, std_err = stats.linregress(x, y)\r\n\r\ndef myfunc(x):\r\n  <span class=\"hljs-keyword\">return</span> slope * x + intercept", "language": "Java", "scope_of_work": "Scope 1", "timestamp": "2022-01-03T18:43:48.354Z", "liked_by": []}}, {"model": "post.bookmark", "pk": 4, "fields": {"user": 1, "post": 19, "timestamp": "2022-01-04T18:44:48.083Z"}}, {"model": "post.postcomment", "pk": 3, "fields": {"user": 2, "post": 15, "comment": "test", "timestamp": "2021-12-29T18:11:50.102Z"}}, {"model": "post.postcomment", "pk": 4, "fields": {"user": 1, "post": 16, "comment": "test comment", "timestamp": "2021-12-29T18:15:19.431Z"}}, {"model": "post.postcomment", "pk": 5, "fields": {"user": 1, "post": 16, "comment": "test comment second", "timestamp": "2021-12-30T05:49:27.369Z"}}, {"model": "post.postcomment", "pk": 6, "fields": {"user": 1, "post": 16, "comment": "test comment 3", "timestamp": "2021-12-30T06:06:04.096Z"}}, {"model": "post.postcomment", "pk": 7, "fields": {"user": 1, "post": 16, "comment": "sdsadf", "timestamp": "2021-12-30T06:27:18.449Z"}}, {"model": "post.postcomment", "pk": 8, "fields": {"user": 2, "post": 16, "comment": "asdf", "timestamp": "2021-12-30T06:43:02.865Z"}}, {"model": "post.postcomment", "pk": 9, "fields": {"user": 5, "post": 17, "comment": "hi", "timestamp": "2022-01-04T11:04:05.395Z"}}, {"model": "post.postcomment", "pk": 10, "fields": {"user": 5, "post": 18, "comment": "heyyy", "timestamp": "2022-01-04T12:09:29.353Z"}}, {"model": "post.skeletonpostcomment", "pk": 1, "fields": {"user": 1, "post": 1, "comment": "Test Comment", "timestamp": "2021-12-30T06:09:22.209Z"}}]